"iso3","country","continent","income_group","year","total_mt","per_capita_t","population","euro_area"
"ABW","Aruba","America","High income",1970,0.03697,0.62593,59063,FALSE
"ABW","Aruba","America","High income",1971,0.04183,0.70365,59440,FALSE
"ABW","Aruba","America","High income",1972,0.05271,0.88082,59840,FALSE
"ABW","Aruba","America","High income",1973,0.0577,0.95786,60243,FALSE
"ABW","Aruba","America","High income",1974,0.057,0.9417,60528,FALSE
"ABW","Aruba","America","High income",1975,0.07113,1.17273,60657,FALSE
"ABW","Aruba","America","High income",1976,0.0702,1.15869,60586,FALSE
"ABW","Aruba","America","High income",1977,0.08105,1.34257,60366,FALSE
"ABW","Aruba","America","High income",1978,0.08592,1.4295,60103,FALSE
"ABW","Aruba","America","High income",1979,0.08993,1.49937,59980,FALSE
"ABW","Aruba","America","High income",1980,0.09391,1.56269,60096,FALSE
"ABW","Aruba","America","High income",1981,0.09712,1.60343,60567,FALSE
"ABW","Aruba","America","High income",1982,0.0962,1.5682,61345,FALSE
"ABW","Aruba","America","High income",1983,0.09896,1.59097,62201,FALSE
"ABW","Aruba","America","High income",1984,0.11357,1.80747,62836,FALSE
"ABW","Aruba","America","High income",1985,0.11921,1.8914,63026,FALSE
"ABW","Aruba","America","High income",1986,0.12892,2.05801,62644,FALSE
"ABW","Aruba","America","High income",1987,0.14384,2.32624,61833,FALSE
"ABW","Aruba","America","High income",1988,0.158,2.58674,61079,FALSE
"ABW","Aruba","America","High income",1989,0.21322,3.49354,61032,FALSE
"ABW","Aruba","America","High income",1990,0.22032,3.54499,62149,FALSE
"ABW","Aruba","America","High income",1991,0.24686,3.82002,64622,FALSE
"ABW","Aruba","America","High income",1992,0.272,3.98624,68235,FALSE
"ABW","Aruba","America","High income",1993,0.27356,3.77302,72504,FALSE
"ABW","Aruba","America","High income",1994,0.30907,4.02957,76700,FALSE
"ABW","Aruba","America","High income",1995,0.33872,4.21695,80324,FALSE
"ABW","Aruba","America","High income",1996,0.22958,2.75932,83200,FALSE
"ABW","Aruba","America","High income",1997,0.36872,4.315,85451,FALSE
"ABW","Aruba","America","High income",1998,0.37776,4.32829,87277,FALSE
"ABW","Aruba","America","High income",1999,0.38274,4.30015,89005,FALSE
"ABW","Aruba","America","High income",2000,0.34803,3.83073,90853,FALSE
"ABW","Aruba","America","High income",2001,0.35109,3.77934,92898,FALSE
"ABW","Aruba","America","High income",2002,0.37649,3.96335,94992,FALSE
"ABW","Aruba","America","High income",2003,0.42681,4.39933,97017,FALSE
"ABW","Aruba","America","High income",2004,0.44116,4.46802,98737,FALSE
"ABW","Aruba","America","High income",2005,0.47827,4.78125,100031,FALSE
"ABW","Aruba","America","High income",2006,0.48774,4.83714,100832,FALSE
"ABW","Aruba","America","High income",2007,0.52283,5.16526,101220,FALSE
"ABW","Aruba","America","High income",2008,0.5153,5.08423,101353,FALSE
"ABW","Aruba","America","High income",2009,0.55074,5.42848,101453,FALSE
"ABW","Aruba","America","High income",2010,0.52891,5.20232,101669,FALSE
"ABW","Aruba","America","High income",2011,0.34092,3.34059,102053,FALSE
"ABW","Aruba","America","High income",2012,0.40571,3.95522,102577,FALSE
"ABW","Aruba","America","High income",2013,0.44054,4.26931,103187,FALSE
"ABW","Aruba","America","High income",2014,0.46992,4.52742,103795,FALSE
"ABW","Aruba","America","High income",2015,0.49152,4.71067,104341,FALSE
"ABW","Aruba","America","High income",2016,0.51507,4.91379,104822,FALSE
"ABW","Aruba","America","High income",2017,0.49669,4.7185,105264,FALSE
"ABW","Aruba","America","High income",2018,0.49497,4.68408,105670,FALSE
"ABW","Aruba","America","High income",2019,0.54001,5.09192,106053,FALSE
"ABW","Aruba","America","High income",2020,0.51908,4.87684,106438,FALSE
"ABW","Aruba","America","High income",2021,0.53833,5.03117,107000,FALSE
"ABW","Aruba","America","High income",2022,0.56749,5.30366,107000,FALSE
"ABW","Aruba","America","High income",2023,0.5695,5.27317,108000,FALSE
"ABW","Aruba","America","High income",2024,0.58872,5.45108,108000,FALSE
"AFG","Afghanistan","Asia","Low income",1970,15.29996,1.37514,11126100,FALSE
"AFG","Afghanistan","Asia","Low income",1971,15.22108,1.3331,11417800,FALSE
"AFG","Afghanistan","Asia","Low income",1972,13.27875,1.13282,11721900,FALSE
"AFG","Afghanistan","Asia","Low income",1973,13.97205,1.16165,12027800,FALSE
"AFG","Afghanistan","Asia","Low income",1974,15.242,1.23702,12321500,FALSE
"AFG","Afghanistan","Asia","Low income",1975,15.96887,1.26835,12590300,FALSE
"AFG","Afghanistan","Asia","Low income",1976,16.12456,1.25578,12840300,FALSE
"AFG","Afghanistan","Asia","Low income",1977,16.18778,1.23878,13067500,FALSE
"AFG","Afghanistan","Asia","Low income",1978,15.83341,1.19608,13237700,FALSE
"AFG","Afghanistan","Asia","Low income",1979,15.72381,1.18165,13306700,FALSE
"AFG","Afghanistan","Asia","Low income",1980,15.64848,1.18116,13248400,FALSE
"AFG","Afghanistan","Asia","Low income",1981,15.81748,1.2117,13054000,FALSE
"AFG","Afghanistan","Asia","Low income",1982,15.81203,1.2402,12749600,FALSE
"AFG","Afghanistan","Asia","Low income",1983,15.76851,1.27275,12389300,FALSE
"AFG","Afghanistan","Asia","Low income",1984,14.69966,1.22018,12047100,FALSE
"AFG","Afghanistan","Asia","Low income",1985,14.61947,1.24073,11783000,FALSE
"AFG","Afghanistan","Asia","Low income",1986,12.94995,1.11628,11601000,FALSE
"AFG","Afghanistan","Asia","Low income",1987,12.81853,1.11438,11502800,FALSE
"AFG","Afghanistan","Asia","Low income",1988,13.08532,1.13382,11540900,FALSE
"AFG","Afghanistan","Asia","Low income",1989,12.68189,1.07678,11777600,FALSE
"AFG","Afghanistan","Asia","Low income",1990,12.93155,1.05571,12249100,FALSE
"AFG","Afghanistan","Asia","Low income",1991,13.01396,1.00156,12993700,FALSE
"AFG","Afghanistan","Asia","Low income",1992,12.06581,0.863,13981200,FALSE
"AFG","Afghanistan","Asia","Low income",1993,12.18609,0.80729,15095100,FALSE
"AFG","Afghanistan","Asia","Low income",1994,12.24731,0.75728,16172700,FALSE
"AFG","Afghanistan","Asia","Low income",1995,12.46346,0.72888,17099500,FALSE
"AFG","Afghanistan","Asia","Low income",1996,13.73524,0.77065,17822900,FALSE
"AFG","Afghanistan","Asia","Low income",1997,14.7974,0.80501,18381600,FALSE
"AFG","Afghanistan","Asia","Low income",1998,15.64783,0.82951,18864000,FALSE
"AFG","Afghanistan","Asia","Low income",1999,16.50848,0.85079,19403700,FALSE
"AFG","Afghanistan","Asia","Low income",2000,14.36494,0.71489,20093800,FALSE
"AFG","Afghanistan","Asia","Low income",2001,12.62845,0.60232,20966500,FALSE
"AFG","Afghanistan","Asia","Low income",2002,15.22857,0.69284,21979900,FALSE
"AFG","Afghanistan","Asia","Low income",2003,15.85756,0.68752,23064900,FALSE
"AFG","Afghanistan","Asia","Low income",2004,15.99334,0.6631,24119000,FALSE
"AFG","Afghanistan","Asia","Low income",2005,16.14491,0.64397,25070800,FALSE
"AFG","Afghanistan","Asia","Low income",2006,16.3385,0.63099,25893500,FALSE
"AFG","Afghanistan","Asia","Low income",2007,17.51165,0.65792,26616800,FALSE
"AFG","Afghanistan","Asia","Low income",2008,20.85999,0.76427,27294000,FALSE
"AFG","Afghanistan","Asia","Low income",2009,23.8625,0.8521,28004300,FALSE
"AFG","Afghanistan","Asia","Low income",2010,27.76853,0.96408,28803200,FALSE
"AFG","Afghanistan","Asia","Low income",2011,31.89881,1.07372,29708600,FALSE
"AFG","Afghanistan","Asia","Low income",2012,29.75935,0.96945,30697000,FALSE
"AFG","Afghanistan","Asia","Low income",2013,28.13194,0.88656,31731700,FALSE
"AFG","Afghanistan","Asia","Low income",2014,28.35454,0.86558,32758000,FALSE
"AFG","Afghanistan","Asia","Low income",2015,28.09308,0.83272,33736500,FALSE
"AFG","Afghanistan","Asia","Low income",2016,27.16474,0.78384,34656000,FALSE
"AFG","Afghanistan","Asia","Low income",2017,30.47459,0.85771,35530100,FALSE
"AFG","Afghanistan","Asia","Low income",2018,31.93581,0.878,36373176,FALSE
"AFG","Afghanistan","Asia","Low income",2019,32.43617,0.87173,37209007,FALSE
"AFG","Afghanistan","Asia","Low income",2020,32.40017,0.85141,38054941,FALSE
"AFG","Afghanistan","Asia","Low income",2021,32.83585,0.84381,38914000,FALSE
"AFG","Afghanistan","Asia","Low income",2022,31.91214,0.80222,39780000,FALSE
"AFG","Afghanistan","Asia","Low income",2023,32.43511,0.79793,40649000,FALSE
"AFG","Afghanistan","Asia","Low income",2024,33.03484,0.79564,41520000,FALSE
"AGO","Angola","Africa","Lower middle income",1970,18.83435,2.77941,6776380,FALSE
"AGO","Angola","Africa","Lower middle income",1971,18.72185,2.70263,6927270,FALSE
"AGO","Angola","Africa","Lower middle income",1972,21.31678,3.00455,7094830,FALSE
"AGO","Angola","Africa","Lower middle income",1973,22.87876,3.14357,7277960,FALSE
"AGO","Angola","Africa","Lower middle income",1974,23.5861,3.15561,7474340,FALSE
"AGO","Angola","Africa","Lower middle income",1975,22.42177,2.91856,7682480,FALSE
"AGO","Angola","Africa","Lower middle income",1976,18.46445,2.33698,7901000,FALSE
"AGO","Angola","Africa","Lower middle income",1977,23.13262,2.84499,8130990,FALSE
"AGO","Angola","Africa","Lower middle income",1978,25.30798,3.02143,8376150,FALSE
"AGO","Angola","Africa","Lower middle income",1979,25.83395,2.98951,8641520,FALSE
"AGO","Angola","Africa","Lower middle income",1980,26.30801,2.94606,8929900,FALSE
"AGO","Angola","Africa","Lower middle income",1981,24.90166,2.69367,9244510,FALSE
"AGO","Angola","Africa","Lower middle income",1982,27.27684,2.84663,9582160,FALSE
"AGO","Angola","Africa","Lower middle income",1983,28.85161,2.90504,9931560,FALSE
"AGO","Angola","Africa","Lower middle income",1984,29.28355,2.84934,10277300,FALSE
"AGO","Angola","Africa","Lower middle income",1985,31.6468,2.98301,10609000,FALSE
"AGO","Angola","Africa","Lower middle income",1986,32.94949,3.01708,10921000,FALSE
"AGO","Angola","Africa","Lower middle income",1987,34.66889,3.09039,11218300,FALSE
"AGO","Angola","Africa","Lower middle income",1988,36.42461,3.16351,11514000,FALSE
"AGO","Angola","Africa","Lower middle income",1989,37.30914,3.15452,11827200,FALSE
"AGO","Angola","Africa","Lower middle income",1990,34.08453,2.80038,12171400,FALSE
"AGO","Angola","Africa","Lower middle income",1991,33.39906,2.66056,12553400,FALSE
"AGO","Angola","Africa","Lower middle income",1992,32.66143,2.51856,12968300,FALSE
"AGO","Angola","Africa","Lower middle income",1993,36.63046,2.73286,13403700,FALSE
"AGO","Angola","Africa","Lower middle income",1994,47.40567,3.42494,13841300,FALSE
"AGO","Angola","Africa","Lower middle income",1995,54.62532,3.82825,14269000,FALSE
"AGO","Angola","Africa","Lower middle income",1996,65.54252,4.46405,14682300,FALSE
"AGO","Angola","Africa","Lower middle income",1997,67.28201,4.45901,15089000,FALSE
"AGO","Angola","Africa","Lower middle income",1998,73.10105,4.71489,15504300,FALSE
"AGO","Angola","Africa","Lower middle income",1999,73.83769,4.62938,15949800,FALSE
"AGO","Angola","Africa","Lower middle income",2000,68.933,4.19278,16440900,FALSE
"AGO","Angola","Africa","Lower middle income",2001,67.21138,3.9575,16983300,FALSE
"AGO","Angola","Africa","Lower middle income",2002,64.92162,3.69448,17572600,FALSE
"AGO","Angola","Africa","Lower middle income",2003,65.37593,3.59141,18203400,FALSE
"AGO","Angola","Africa","Lower middle income",2004,70.63925,3.74432,18865700,FALSE
"AGO","Angola","Africa","Lower middle income",2005,68.69881,3.51356,19552500,FALSE
"AGO","Angola","Africa","Lower middle income",2006,61.22094,3.02141,20262400,FALSE
"AGO","Angola","Africa","Lower middle income",2007,59.72851,2.84453,20997700,FALSE
"AGO","Angola","Africa","Lower middle income",2008,63.03615,2.89696,21759400,FALSE
"AGO","Angola","Africa","Lower middle income",2009,64.53842,2.86208,22549500,FALSE
"AGO","Angola","Africa","Lower middle income",2010,71.66496,3.06665,23369100,FALSE
"AGO","Angola","Africa","Lower middle income",2011,70.56194,2.91354,24218600,FALSE
"AGO","Angola","Africa","Lower middle income",2012,72.49201,2.88857,25096200,FALSE
"AGO","Angola","Africa","Lower middle income",2013,77.02625,2.96274,25998300,FALSE
"AGO","Angola","Africa","Lower middle income",2014,78.99762,2.93448,26920500,FALSE
"AGO","Angola","Africa","Lower middle income",2015,83.53686,2.99853,27859300,FALSE
"AGO","Angola","Africa","Lower middle income",2016,80.62551,2.79819,28813500,FALSE
"AGO","Angola","Africa","Lower middle income",2017,75.43364,2.53267,29784200,FALSE
"AGO","Angola","Africa","Lower middle income",2018,70.46512,2.28975,30774205,FALSE
"AGO","Angola","Africa","Lower middle income",2019,71.20875,2.24014,31787566,FALSE
"AGO","Angola","Africa","Lower middle income",2020,63.15922,1.92398,32827401,FALSE
"AGO","Angola","Africa","Lower middle income",2021,66.60192,1.96501,33894000,FALSE
"AGO","Angola","Africa","Lower middle income",2022,68.03524,1.94453,34988000,FALSE
"AGO","Angola","Africa","Lower middle income",2023,68.28079,1.89096,36109000,FALSE
"AGO","Angola","Africa","Lower middle income",2024,69.92294,1.87677,37257000,FALSE
"AIA","Anguilla","America",NA,1970,0.0034,0.53061,6403,FALSE
"AIA","Anguilla","America",NA,1971,0.00345,0.53449,6451,FALSE
"AIA","Anguilla","America",NA,1972,0.00359,0.55293,6501,FALSE
"AIA","Anguilla","America",NA,1973,0.00348,0.53088,6556,FALSE
"AIA","Anguilla","America",NA,1974,0.00377,0.57166,6596,FALSE
"AIA","Anguilla","America",NA,1975,0.00405,0.61109,6629,FALSE
"AIA","Anguilla","America",NA,1976,0.00392,0.58866,6660,FALSE
"AIA","Anguilla","America",NA,1977,0.00405,0.60604,6687,FALSE
"AIA","Anguilla","America",NA,1978,0.00445,0.66322,6709,FALSE
"AIA","Anguilla","America",NA,1979,0.00478,0.71242,6713,FALSE
"AIA","Anguilla","America",NA,1980,0.00603,0.90024,6702,FALSE
"AIA","Anguilla","America",NA,1981,0.00832,1.25045,6650,FALSE
"AIA","Anguilla","America",NA,1982,0.00875,1.32856,6588,FALSE
"AIA","Anguilla","America",NA,1983,0.00777,1.18838,6539,FALSE
"AIA","Anguilla","America",NA,1984,0.00745,1.13753,6552,FALSE
"AIA","Anguilla","America",NA,1985,0.00523,0.78521,6662,FALSE
"AIA","Anguilla","America",NA,1986,0.00474,0.68931,6875,FALSE
"AIA","Anguilla","America",NA,1987,0.00784,1.08986,7195,FALSE
"AIA","Anguilla","America",NA,1988,0.00756,0.99816,7574,FALSE
"AIA","Anguilla","America",NA,1989,0.00796,0.99973,7965,FALSE
"AIA","Anguilla","America",NA,1990,0.00797,0.9563,8334,FALSE
"AIA","Anguilla","America",NA,1991,0.00953,1.09914,8666,FALSE
"AIA","Anguilla","America",NA,1992,0.0099,1.10193,8981,FALSE
"AIA","Anguilla","America",NA,1993,0.01203,1.29799,9266,FALSE
"AIA","Anguilla","America",NA,1994,0.01534,1.60797,9537,FALSE
"AIA","Anguilla","America",NA,1995,0.01877,1.91526,9802,FALSE
"AIA","Anguilla","America",NA,1996,0.01862,1.85133,10058,FALSE
"AIA","Anguilla","America",NA,1997,0.01591,1.54407,10303,FALSE
"AIA","Anguilla","America",NA,1998,0.01477,1.40021,10548,FALSE
"AIA","Anguilla","America",NA,1999,0.01408,1.30476,10793,FALSE
"AIA","Anguilla","America",NA,2000,0.01789,1.61608,11070,FALSE
"AIA","Anguilla","America",NA,2001,0.01844,1.6213,11372,FALSE
"AIA","Anguilla","America",NA,2002,0.01328,1.13565,11692,FALSE
"AIA","Anguilla","America",NA,2003,0.01666,1.38601,12021,FALSE
"AIA","Anguilla","America",NA,2004,0.01607,1.30252,12339,FALSE
"AIA","Anguilla","America",NA,2005,0.01633,1.29205,12638,FALSE
"AIA","Anguilla","America",NA,2006,0.01551,1.2022,12903,FALSE
"AIA","Anguilla","America",NA,2007,0.01506,1.14556,13150,FALSE
"AIA","Anguilla","America",NA,2008,0.0181,1.35515,13360,FALSE
"AIA","Anguilla","America",NA,2009,0.02319,1.70949,13565,FALSE
"AIA","Anguilla","America",NA,2010,0.02719,1.97477,13769,FALSE
"AIA","Anguilla","America",NA,2011,0.02927,2.09834,13951,FALSE
"AIA","Anguilla","America",NA,2012,0.02932,2.07512,14129,FALSE
"AIA","Anguilla","America",NA,2013,0.03131,2.18985,14299,FALSE
"AIA","Anguilla","America",NA,2014,0.03129,2.16425,14459,FALSE
"AIA","Anguilla","America",NA,2015,0.03142,2.15027,14611,FALSE
"AIA","Anguilla","America",NA,2016,0.03181,2.15475,14764,FALSE
"AIA","Anguilla","America",NA,2017,0.03256,2.18396,14909,FALSE
"AIA","Anguilla","America",NA,2018,0.03168,2.10582,15045,FALSE
"AIA","Anguilla","America",NA,2019,0.03104,2.04539,15174,FALSE
"AIA","Anguilla","America",NA,2020,0.02612,1.7094,15283,FALSE
"AIA","Anguilla","America",NA,2021,0.02531,1.68759,15000,FALSE
"AIA","Anguilla","America",NA,2022,0.02516,1.67706,15000,FALSE
"AIA","Anguilla","America",NA,2023,0.02516,1.57235,16000,FALSE
"AIA","Anguilla","America",NA,2024,0.02604,1.6272,16000,FALSE
"AIR","International Aviation","International transport",NA,1970,172.47802,NA,NA,FALSE
"AIR","International Aviation","International transport",NA,1971,172.46545,NA,NA,FALSE
"AIR","International Aviation","International transport",NA,1972,182.45983,NA,NA,FALSE
"AIR","International Aviation","International transport",NA,1973,190.29691,NA,NA,FALSE
"AIR","International Aviation","International transport",NA,1974,183.16211,NA,NA,FALSE
"AIR","International Aviation","International transport",NA,1975,177.16583,NA,NA,FALSE
"AIR","International Aviation","International transport",NA,1976,177.48308,NA,NA,FALSE
"AIR","International Aviation","International transport",NA,1977,193.59337,NA,NA,FALSE
"AIR","International Aviation","International transport",NA,1978,200.75019,NA,NA,FALSE
"AIR","International Aviation","International transport",NA,1979,207.53395,NA,NA,FALSE
"AIR","International Aviation","International transport",NA,1980,206.39358,NA,NA,FALSE
"AIR","International Aviation","International transport",NA,1981,205.57534,NA,NA,FALSE
"AIR","International Aviation","International transport",NA,1982,213.05579,NA,NA,FALSE
"AIR","International Aviation","International transport",NA,1983,214.9474,NA,NA,FALSE
"AIR","International Aviation","International transport",NA,1984,222.98478,NA,NA,FALSE
"AIR","International Aviation","International transport",NA,1985,229.08377,NA,NA,FALSE
"AIR","International Aviation","International transport",NA,1986,251.59985,NA,NA,FALSE
"AIR","International Aviation","International transport",NA,1987,265.98131,NA,NA,FALSE
"AIR","International Aviation","International transport",NA,1988,281.00744,NA,NA,FALSE
"AIR","International Aviation","International transport",NA,1989,295.1234,NA,NA,FALSE
"AIR","International Aviation","International transport",NA,1990,264.25668,NA,NA,FALSE
"AIR","International Aviation","International transport",NA,1991,257.13894,NA,NA,FALSE
"AIR","International Aviation","International transport",NA,1992,265.69654,NA,NA,FALSE
"AIR","International Aviation","International transport",NA,1993,270.89859,NA,NA,FALSE
"AIR","International Aviation","International transport",NA,1994,284.81688,NA,NA,FALSE
"AIR","International Aviation","International transport",NA,1995,295.64907,NA,NA,FALSE
"AIR","International Aviation","International transport",NA,1996,307.73357,NA,NA,FALSE
"AIR","International Aviation","International transport",NA,1997,322.56785,NA,NA,FALSE
"AIR","International Aviation","International transport",NA,1998,333.3515,NA,NA,FALSE
"AIR","International Aviation","International transport",NA,1999,347.52294,NA,NA,FALSE
"AIR","International Aviation","International transport",NA,2000,360.03745,NA,NA,FALSE
"AIR","International Aviation","International transport",NA,2001,353.82379,NA,NA,FALSE
"AIR","International Aviation","International transport",NA,2002,374.40667,NA,NA,FALSE
"AIR","International Aviation","International transport",NA,2003,372.28841,NA,NA,FALSE
"AIR","International Aviation","International transport",NA,2004,408.43538,NA,NA,FALSE
"AIR","International Aviation","International transport",NA,2005,434.7175,NA,NA,FALSE
"AIR","International Aviation","International transport",NA,2006,450.18298,NA,NA,FALSE
"AIR","International Aviation","International transport",NA,2007,465.32976,NA,NA,FALSE
"AIR","International Aviation","International transport",NA,2008,472.53515,NA,NA,FALSE
"AIR","International Aviation","International transport",NA,2009,449.62962,NA,NA,FALSE
"AIR","International Aviation","International transport",NA,2010,475.33423,NA,NA,FALSE
"AIR","International Aviation","International transport",NA,2011,488.25415,NA,NA,FALSE
"AIR","International Aviation","International transport",NA,2012,490.41729,NA,NA,FALSE
"AIR","International Aviation","International transport",NA,2013,498.90038,NA,NA,FALSE
"AIR","International Aviation","International transport",NA,2014,513.85706,NA,NA,FALSE
"AIR","International Aviation","International transport",NA,2015,543.59604,NA,NA,FALSE
"AIR","International Aviation","International transport",NA,2016,567.90593,NA,NA,FALSE
"AIR","International Aviation","International transport",NA,2017,597.73337,NA,NA,FALSE
"AIR","International Aviation","International transport",NA,2018,623.9324,NA,NA,FALSE
"AIR","International Aviation","International transport",NA,2019,633.21705,NA,NA,FALSE
"AIR","International Aviation","International transport",NA,2020,299.63633,NA,NA,FALSE
"AIR","International Aviation","International transport",NA,2021,330.74841,NA,NA,FALSE
"AIR","International Aviation","International transport",NA,2022,477.75148,NA,NA,FALSE
"AIR","International Aviation","International transport",NA,2023,578.33074,NA,NA,FALSE
"AIR","International Aviation","International transport",NA,2024,622.33416,NA,NA,FALSE
"ALB","Albania","Europe","Upper middle income",1970,8.2309,3.82726,2150600,FALSE
"ALB","Albania","Europe","Upper middle income",1971,8.18261,3.71594,2202030,FALSE
"ALB","Albania","Europe","Upper middle income",1972,9.11515,4.04427,2253840,FALSE
"ALB","Albania","Europe","Upper middle income",1973,8.59539,3.7274,2306000,FALSE
"ALB","Albania","Europe","Upper middle income",1974,8.86596,3.75922,2358460,FALSE
"ALB","Albania","Europe","Upper middle income",1975,9.04711,3.75207,2411230,FALSE
"ALB","Albania","Europe","Upper middle income",1976,9.65866,3.91937,2464340,FALSE
"ALB","Albania","Europe","Upper middle income",1977,10.21636,4.05754,2517870,FALSE
"ALB","Albania","Europe","Upper middle income",1978,11.2403,4.37051,2571850,FALSE
"ALB","Albania","Europe","Upper middle income",1979,12.39662,4.7202,2626290,FALSE
"ALB","Albania","Europe","Upper middle income",1980,12.5783,4.69122,2681240,FALSE
"ALB","Albania","Europe","Upper middle income",1981,11.61956,4.24795,2735330,FALSE
"ALB","Albania","Europe","Upper middle income",1982,12.2644,4.39851,2788310,FALSE
"ALB","Albania","Europe","Upper middle income",1983,13.11493,4.61368,2842620,FALSE
"ALB","Albania","Europe","Upper middle income",1984,13.42886,4.6281,2901590,FALSE
"ALB","Albania","Europe","Upper middle income",1985,12.99178,4.37905,2966800,FALSE
"ALB","Albania","Europe","Upper middle income",1986,13.21637,4.34605,3041010,FALSE
"ALB","Albania","Europe","Upper middle income",1987,13.5038,4.32628,3121340,FALSE
"ALB","Albania","Europe","Upper middle income",1988,13.39922,4.19109,3197070,FALSE
"ALB","Albania","Europe","Upper middle income",1989,13.31328,4.09179,3253660,FALSE
"ALB","Albania","Europe","Upper middle income",1990,11.49836,3.50405,3281450,FALSE
"ALB","Albania","Europe","Upper middle income",1991,9.05259,2.76379,3275430,FALSE
"ALB","Albania","Europe","Upper middle income",1992,6.17135,1.90439,3240590,FALSE
"ALB","Albania","Europe","Upper middle income",1993,6.20933,1.94676,3189580,FALSE
"ALB","Albania","Europe","Upper middle income",1994,6.90726,2.19935,3140590,FALSE
"ALB","Albania","Europe","Upper middle income",1995,6.54941,2.10813,3106740,FALSE
"ALB","Albania","Europe","Upper middle income",1996,6.28239,2.03167,3092230,FALSE
"ALB","Albania","Europe","Upper middle income",1997,5.52922,1.78763,3093040,FALSE
"ALB","Albania","Europe","Upper middle income",1998,5.78889,1.86512,3103760,FALSE
"ALB","Albania","Europe","Upper middle income",1999,6.99853,2.2463,3115580,FALSE
"ALB","Albania","Europe","Upper middle income",2000,7.19768,2.30549,3121970,FALSE
"ALB","Albania","Europe","Upper middle income",2001,7.38537,2.36528,3122410,FALSE
"ALB","Albania","Europe","Upper middle income",2002,8.00692,2.56712,3119030,FALSE
"ALB","Albania","Europe","Upper middle income",2003,8.19519,2.63426,3111010,FALSE
"ALB","Albania","Europe","Upper middle income",2004,8.40327,2.7127,3097750,FALSE
"ALB","Albania","Europe","Upper middle income",2005,7.99288,2.59578,3079180,FALSE
"ALB","Albania","Europe","Upper middle income",2006,8.03769,2.63157,3054330,FALSE
"ALB","Albania","Europe","Upper middle income",2007,7.99278,2.64319,3023910,FALSE
"ALB","Albania","Europe","Upper middle income",2008,7.78007,2.6006,2991650,FALSE
"ALB","Albania","Europe","Upper middle income",2009,7.76317,2.62036,2962640,FALSE
"ALB","Albania","Europe","Upper middle income",2010,8.07149,2.74491,2940530,FALSE
"ALB","Albania","Europe","Upper middle income",2011,8.50462,2.90591,2926660,FALSE
"ALB","Albania","Europe","Upper middle income",2012,8.17715,2.80036,2920040,FALSE
"ALB","Albania","Europe","Upper middle income",2013,8.43772,2.89064,2918980,FALSE
"ALB","Albania","Europe","Upper middle income",2014,8.91876,3.05355,2920780,FALSE
"ALB","Albania","Europe","Upper middle income",2015,8.76334,2.99771,2923350,FALSE
"ALB","Albania","Europe","Upper middle income",2016,8.37539,2.86206,2926350,FALSE
"ALB","Albania","Europe","Upper middle income",2017,9.19466,3.1379,2930190,FALSE
"ALB","Albania","Europe","Upper middle income",2018,9.19105,3.13221,2934363,FALSE
"ALB","Albania","Europe","Upper middle income",2019,8.66625,2.94928,2938428,FALSE
"ALB","Albania","Europe","Upper middle income",2020,7.9972,2.71825,2942034,FALSE
"ALB","Albania","Europe","Upper middle income",2021,8.49628,2.88597,2944000,FALSE
"ALB","Albania","Europe","Upper middle income",2022,7.69762,2.61202,2947000,FALSE
"ALB","Albania","Europe","Upper middle income",2023,7.26125,2.46395,2947000,FALSE
"ALB","Albania","Europe","Upper middle income",2024,7.12431,2.41748,2947000,FALSE
"ANT","Curaçao","America",NA,1970,15.07503,104.95444,143634,FALSE
"ANT","Curaçao","America",NA,1971,15.07583,103.65173,145447,FALSE
"ANT","Curaçao","America",NA,1972,14.65202,99.57068,147152,FALSE
"ANT","Curaçao","America",NA,1973,16.2029,109.02384,148618,FALSE
"ANT","Curaçao","America",NA,1974,14.66897,98.00022,149683,FALSE
"ANT","Curaçao","America",NA,1975,10.58246,70.42863,150258,FALSE
"ANT","Curaçao","America",NA,1976,11.25672,74.92493,150240,FALSE
"ANT","Curaçao","America",NA,1977,11.39297,76.09774,149715,FALSE
"ANT","Curaçao","America",NA,1978,9.68004,64.99767,148929,FALSE
"ANT","Curaçao","America",NA,1979,9.57538,64.57766,148277,FALSE
"ANT","Curaçao","America",NA,1980,9.08453,61.38359,147996,FALSE
"ANT","Curaçao","America",NA,1981,8.42011,56.81201,148210,FALSE
"ANT","Curaçao","America",NA,1982,7.64306,51.35981,148814,FALSE
"ANT","Curaçao","America",NA,1983,7.17713,47.98186,149580,FALSE
"ANT","Curaçao","America",NA,1984,7.00133,46.61741,150187,FALSE
"ANT","Curaçao","America",NA,1985,4.68627,31.16344,150377,FALSE
"ANT","Curaçao","America",NA,1986,4.4744,29.818,150057,FALSE
"ANT","Curaçao","America",NA,1987,4.15372,27.81682,149324,FALSE
"ANT","Curaçao","America",NA,1988,3.64585,24.57531,148354,FALSE
"ANT","Curaçao","America",NA,1989,3.13357,21.25753,147410,FALSE
"ANT","Curaçao","America",NA,1990,2.84407,19.39082,146671,FALSE
"ANT","Curaçao","America",NA,1991,2.94671,20.14995,146239,FALSE
"ANT","Curaçao","America",NA,1992,3.08062,21.09707,146021,FALSE
"ANT","Curaçao","America",NA,1993,2.55767,17.54665,145764,FALSE
"ANT","Curaçao","America",NA,1994,2.86596,19.74824,145125,FALSE
"ANT","Curaçao","America",NA,1995,2.87272,19.96549,143884,FALSE
"ANT","Curaçao","America",NA,1996,2.90272,20.44415,141983,FALSE
"ANT","Curaçao","America",NA,1997,5.52373,39.57708,139569,FALSE
"ANT","Curaçao","America",NA,1998,5.71297,41.73371,136891,FALSE
"ANT","Curaçao","America",NA,1999,5.66381,42.16934,134311,FALSE
"ANT","Curaçao","America",NA,2000,5.88614,44.55857,132099,FALSE
"ANT","Curaçao","America",NA,2001,5.88534,45.1756,130277,FALSE
"ANT","Curaçao","America",NA,2002,5.62543,43.6659,128829,FALSE
"ANT","Curaçao","America",NA,2003,5.63637,44.02695,128021,FALSE
"ANT","Curaçao","America",NA,2004,5.85519,45.68764,128157,FALSE
"ANT","Curaçao","America",NA,2005,6.13808,47.4371,129394,FALSE
"ANT","Curaçao","America",NA,2006,5.99612,45.46025,131898,FALSE
"ANT","Curaçao","America",NA,2007,6.48345,47.84904,135498,FALSE
"ANT","Curaçao","America",NA,2008,6.41604,45.9174,139730,FALSE
"ANT","Curaçao","America",NA,2009,6.08424,42.27134,143933,FALSE
"ANT","Curaçao","America",NA,2010,4.44039,30.08229,147608,FALSE
"ANT","Curaçao","America",NA,2011,5.71351,37.94011,150593,FALSE
"ANT","Curaçao","America",NA,2012,5.80031,37.91426,152985,FALSE
"ANT","Curaçao","America",NA,2013,5.33019,34.41164,154895,FALSE
"ANT","Curaçao","America",NA,2014,5.87138,37.51391,156512,FALSE
"ANT","Curaçao","America",NA,2015,5.93695,37.57323,158010,FALSE
"ANT","Curaçao","America",NA,2016,5.16173,32.38813,159371,FALSE
"ANT","Curaçao","America",NA,2017,4.1613,25.92078,160539,FALSE
"ANT","Curaçao","America",NA,2018,3.36896,20.85052,161577,FALSE
"ANT","Curaçao","America",NA,2019,2.61051,16.06005,162547,FALSE
"ANT","Curaçao","America",NA,2020,2.19363,13.41711,163495,FALSE
"ANT","Curaçao","America",NA,2021,2.33374,14.23013,164000,FALSE
"ANT","Curaçao","America",NA,2022,2.41018,14.60717,165000,FALSE
"ANT","Curaçao","America",NA,2023,2.40446,14.48468,166000,FALSE
"ANT","Curaçao","America",NA,2024,2.49267,14.92614,167000,FALSE
"ARE","United Arab Emirates","Asia","High income",1970,29.77272,126.424,235499,FALSE
"ARE","United Arab Emirates","Asia","High income",1971,35.81842,128.46986,278808,FALSE
"ARE","United Arab Emirates","Asia","High income",1972,39.48194,118.64991,332760,FALSE
"ARE","United Arab Emirates","Asia","High income",1973,50.68741,127.62016,397174,FALSE
"ARE","United Arab Emirates","Asia","High income",1974,52.21271,110.76941,471364,FALSE
"ARE","United Arab Emirates","Asia","High income",1975,53.08123,95.75849,554324,FALSE
"ARE","United Arab Emirates","Asia","High income",1976,64.34659,99.46253,646943,FALSE
"ARE","United Arab Emirates","Asia","High income",1977,65.39284,87.40991,748117,FALSE
"ARE","United Arab Emirates","Asia","High income",1978,70.91259,83.20516,852262,FALSE
"ARE","United Arab Emirates","Asia","High income",1979,56.38602,59.22652,952040,FALSE
"ARE","United Arab Emirates","Asia","High income",1980,58.81857,56.42718,1042380,FALSE
"ARE","United Arab Emirates","Asia","High income",1981,53.92797,48.11132,1120900,FALSE
"ARE","United Arab Emirates","Asia","High income",1982,51.92338,43.6496,1189550,FALSE
"ARE","United Arab Emirates","Asia","High income",1983,49.79932,39.74217,1253060,FALSE
"ARE","United Arab Emirates","Asia","High income",1984,63.01167,47.79114,1318480,FALSE
"ARE","United Arab Emirates","Asia","High income",1985,65.14752,46.83334,1391050,FALSE
"ARE","United Arab Emirates","Asia","High income",1986,65.14059,44.24651,1472220,FALSE
"ARE","United Arab Emirates","Asia","High income",1987,68.73006,44.0374,1560720,FALSE
"ARE","United Arab Emirates","Asia","High income",1988,68.14487,41.15401,1655850,FALSE
"ARE","United Arab Emirates","Asia","High income",1989,77.1332,43.92451,1756040,FALSE
"ARE","United Arab Emirates","Asia","High income",1990,79.50367,42.74,1860170,FALSE
"ARE","United Arab Emirates","Asia","High income",1991,87.88722,44.61212,1970030,FALSE
"ARE","United Arab Emirates","Asia","High income",1992,87.42094,41.89555,2086640,FALSE
"ARE","United Arab Emirates","Asia","High income",1993,94.05292,42.60782,2207410,FALSE
"ARE","United Arab Emirates","Asia","High income",1994,98.94066,42.48769,2328690,FALSE
"ARE","United Arab Emirates","Asia","High income",1995,103.98452,42.46311,2448820,FALSE
"ARE","United Arab Emirates","Asia","High income",1996,109.08386,42.42824,2571020,FALSE
"ARE","United Arab Emirates","Asia","High income",1997,110.86929,41.06255,2700010,FALSE
"ARE","United Arab Emirates","Asia","High income",1998,111.93719,39.44033,2838140,FALSE
"ARE","United Arab Emirates","Asia","High income",1999,114.68856,38.381,2988160,FALSE
"ARE","United Arab Emirates","Asia","High income",2000,117.22602,37.15646,3154930,FALSE
"ARE","United Arab Emirates","Asia","High income",2001,129.74347,39.00851,3326030,FALSE
"ARE","United Arab Emirates","Asia","High income",2002,131.31442,37.44106,3507230,FALSE
"ARE","United Arab Emirates","Asia","High income",2003,139.41055,37.25632,3741930,FALSE
"ARE","United Arab Emirates","Asia","High income",2004,146.05181,35.72757,4087930,FALSE
"ARE","United Arab Emirates","Asia","High income",2005,155.51923,33.95943,4579560,FALSE
"ARE","United Arab Emirates","Asia","High income",2006,162.32498,30.96605,5242030,FALSE
"ARE","United Arab Emirates","Asia","High income",2007,172.83581,28.59593,6044070,FALSE
"ARE","United Arab Emirates","Asia","High income",2008,200.39142,29.06633,6894280,FALSE
"ARE","United Arab Emirates","Asia","High income",2009,201.49931,26.28347,7666390,FALSE
"ARE","United Arab Emirates","Asia","High income",2010,209.69326,25.35381,8270680,FALSE
"ARE","United Arab Emirates","Asia","High income",2011,217.382,25.06573,8672480,FALSE
"ARE","United Arab Emirates","Asia","High income",2012,226.71727,25.47256,8900450,FALSE
"ARE","United Arab Emirates","Asia","High income",2013,238.57745,26.49018,9006260,FALSE
"ARE","United Arab Emirates","Asia","High income",2014,242.04974,26.68429,9070870,FALSE
"ARE","United Arab Emirates","Asia","High income",2015,254.20726,27.76916,9154300,FALSE
"ARE","United Arab Emirates","Asia","High income",2016,262.18946,28.28484,9269610,FALSE
"ARE","United Arab Emirates","Asia","High income",2017,254.26721,27.04927,9400150,FALSE
"ARE","United Arab Emirates","Asia","High income",2018,238.7795,25.02506,9541615,FALSE
"ARE","United Arab Emirates","Asia","High income",2019,251.89383,26.01648,9682088,FALSE
"ARE","United Arab Emirates","Asia","High income",2020,249.74904,25.45039,9813170,FALSE
"ARE","United Arab Emirates","Asia","High income",2021,255.35246,25.69714,9937000,FALSE
"ARE","United Arab Emirates","Asia","High income",2022,255.59273,25.40431,10061000,FALSE
"ARE","United Arab Emirates","Asia","High income",2023,254.30732,24.96391,10187000,FALSE
"ARE","United Arab Emirates","Asia","High income",2024,264.14837,25.61811,10311000,FALSE
"ARG","Argentina","America","Upper middle income",1970,219.2139,9.14416,23973100,FALSE
"ARG","Argentina","America","Upper middle income",1971,222.45664,9.12965,24366400,FALSE
"ARG","Argentina","America","Upper middle income",1972,229.45163,9.25847,24782900,FALSE
"ARG","Argentina","America","Upper middle income",1973,237.34249,9.41335,25213400,FALSE
"ARG","Argentina","America","Upper middle income",1974,237.65776,9.2674,25644500,FALSE
"ARG","Argentina","America","Upper middle income",1975,238.17305,9.13696,26067000,FALSE
"ARG","Argentina","America","Upper middle income",1976,246.5947,9.31347,26477200,FALSE
"ARG","Argentina","America","Upper middle income",1977,257.13517,9.56654,26878600,FALSE
"ARG","Argentina","America","Upper middle income",1978,249.82519,9.15859,27277700,FALSE
"ARG","Argentina","America","Upper middle income",1979,255.67989,9.23549,27684500,FALSE
"ARG","Argentina","America","Upper middle income",1980,251.0559,8.9325,28105900,FALSE
"ARG","Argentina","America","Upper middle income",1981,245.25327,8.59229,28543400,FALSE
"ARG","Argentina","America","Upper middle income",1982,242.02526,8.34743,28994000,FALSE
"ARG","Argentina","America","Upper middle income",1983,248.11449,8.4236,29454700,FALSE
"ARG","Argentina","America","Upper middle income",1984,249.34105,8.33334,29920900,FALSE
"ARG","Argentina","America","Upper middle income",1985,240.93735,7.92849,30388800,FALSE
"ARG","Argentina","America","Upper middle income",1986,246.74146,7.99624,30857200,FALSE
"ARG","Argentina","America","Upper middle income",1987,250.85546,8.00777,31326500,FALSE
"ARG","Argentina","America","Upper middle income",1988,259.32664,8.15608,31795500,FALSE
"ARG","Argentina","America","Upper middle income",1989,258.51076,8.01246,32263600,FALSE
"ARG","Argentina","America","Upper middle income",1990,253.06522,7.73197,32729700,FALSE
"ARG","Argentina","America","Upper middle income",1991,256.90985,7.73967,33193900,FALSE
"ARG","Argentina","America","Upper middle income",1992,258.91468,7.69316,33655200,FALSE
"ARG","Argentina","America","Upper middle income",1993,260.77743,7.64499,34110900,FALSE
"ARG","Argentina","America","Upper middle income",1994,266.29932,7.70584,34558100,FALSE
"ARG","Argentina","America","Upper middle income",1995,269.11983,7.69028,34994800,FALSE
"ARG","Argentina","America","Upper middle income",1996,276.37382,7.80283,35419700,FALSE
"ARG","Argentina","America","Upper middle income",1997,281.28569,7.84969,35834000,FALSE
"ARG","Argentina","America","Upper middle income",1998,285.17067,7.8686,36241600,FALSE
"ARG","Argentina","America","Upper middle income",1999,291.77016,7.9614,36648100,FALSE
"ARG","Argentina","America","Upper middle income",2000,288.44533,7.78372,37057500,FALSE
"ARG","Argentina","America","Upper middle income",2001,285.5007,7.61914,37471500,FALSE
"ARG","Argentina","America","Upper middle income",2002,284.54134,7.50979,37889400,FALSE
"ARG","Argentina","America","Upper middle income",2003,305.8995,7.98497,38309400,FALSE
"ARG","Argentina","America","Upper middle income",2004,324.6533,8.38276,38728700,FALSE
"ARG","Argentina","America","Upper middle income",2005,329.38457,8.41437,39145500,FALSE
"ARG","Argentina","America","Upper middle income",2006,342.68153,8.66256,39558900,FALSE
"ARG","Argentina","America","Upper middle income",2007,354.36306,8.86568,39970200,FALSE
"ARG","Argentina","America","Upper middle income",2008,357.0159,8.84088,40382400,FALSE
"ARG","Argentina","America","Upper middle income",2009,333.45215,8.17297,40799400,FALSE
"ARG","Argentina","America","Upper middle income",2010,337.31051,8.1824,41223900,FALSE
"ARG","Argentina","America","Upper middle income",2011,343.8255,8.25375,41656900,FALSE
"ARG","Argentina","America","Upper middle income",2012,351.32516,8.34567,42096700,FALSE
"ARG","Argentina","America","Upper middle income",2013,360.02368,8.4632,42539900,FALSE
"ARG","Argentina","America","Upper middle income",2014,359.81271,8.37134,42981500,FALSE
"ARG","Argentina","America","Upper middle income",2015,366.04081,8.43066,43417800,FALSE
"ARG","Argentina","America","Upper middle income",2016,369.18272,8.41972,43847400,FALSE
"ARG","Argentina","America","Upper middle income",2017,372.69643,8.41852,44271000,FALSE
"ARG","Argentina","America","Upper middle income",2018,372.51051,8.33565,44688864,FALSE
"ARG","Argentina","America","Upper middle income",2019,369.602,8.19484,45101781,FALSE
"ARG","Argentina","America","Upper middle income",2020,354.15827,7.78192,45510399,FALSE
"ARG","Argentina","America","Upper middle income",2021,371.31818,8.08725,45914000,FALSE
"ARG","Argentina","America","Upper middle income",2022,383.53536,8.2812,46314000,FALSE
"ARG","Argentina","America","Upper middle income",2023,377.67454,8.08604,46707000,FALSE
"ARG","Argentina","America","Upper middle income",2024,374.34461,7.94854,47096000,FALSE
"ARM","Armenia","Asia","Upper middle income",1970,12.65996,5.01371,2525070,FALSE
"ARM","Armenia","Asia","Upper middle income",1971,12.82123,4.95466,2587710,FALSE
"ARM","Armenia","Asia","Upper middle income",1972,13.62703,5.14134,2650480,FALSE
"ARM","Armenia","Asia","Upper middle income",1973,14.65672,5.40284,2712780,FALSE
"ARM","Armenia","Asia","Upper middle income",1974,15.67647,5.65172,2773750,FALSE
"ARM","Armenia","Asia","Upper middle income",1975,16.93256,5.97741,2832760,FALSE
"ARM","Armenia","Asia","Upper middle income",1976,17.36869,6.0108,2889580,FALSE
"ARM","Armenia","Asia","Upper middle income",1977,17.96664,6.10201,2944380,FALSE
"ARM","Armenia","Asia","Upper middle income",1978,18.65352,6.22321,2997410,FALSE
"ARM","Armenia","Asia","Upper middle income",1979,19.30525,6.33144,3049110,FALSE
"ARM","Armenia","Asia","Upper middle income",1980,20.4243,6.58901,3099750,FALSE
"ARM","Armenia","Asia","Upper middle income",1981,20.86126,6.62664,3148090,FALSE
"ARM","Armenia","Asia","Upper middle income",1982,21.4443,6.71458,3193690,FALSE
"ARM","Armenia","Asia","Upper middle income",1983,21.51032,6.64188,3238590,FALSE
"ARM","Armenia","Asia","Upper middle income",1984,21.55506,6.56049,3285590,FALSE
"ARM","Armenia","Asia","Upper middle income",1985,21.61298,6.47885,3335930,FALSE
"ARM","Armenia","Asia","Upper middle income",1986,21.84479,6.4396,3392260,FALSE
"ARM","Armenia","Asia","Upper middle income",1987,22.09689,6.4013,3451940,FALSE
"ARM","Armenia","Asia","Upper middle income",1988,22.02599,6.28479,3504650,FALSE
"ARM","Armenia","Asia","Upper middle income",1989,21.63401,6.1174,3536470,FALSE
"ARM","Armenia","Asia","Upper middle income",1990,24.30683,6.86991,3538160,FALSE
"ARM","Armenia","Asia","Upper middle income",1991,24.86946,7.09492,3505250,FALSE
"ARM","Armenia","Asia","Upper middle income",1992,14.0199,4.07223,3442810,FALSE
"ARM","Armenia","Asia","Upper middle income",1993,7.67856,2.28318,3363100,FALSE
"ARM","Armenia","Asia","Upper middle income",1994,5.28092,1.60824,3283660,FALSE
"ARM","Armenia","Asia","Upper middle income",1995,5.96036,1.85257,3217340,FALSE
"ARM","Armenia","Asia","Upper middle income",1996,5.00117,1.57854,3168220,FALSE
"ARM","Armenia","Asia","Upper middle income",1997,5.70282,1.82019,3133090,FALSE
"ARM","Armenia","Asia","Upper middle income",1998,5.72664,1.84215,3108680,FALSE
"ARM","Armenia","Asia","Upper middle income",1999,5.35276,1.73283,3089020,FALSE
"ARM","Armenia","Asia","Upper middle income",2000,5.86248,1.90986,3069590,FALSE
"ARM","Armenia","Asia","Upper middle income",2001,5.99838,1.96626,3050660,FALSE
"ARM","Armenia","Asia","Upper middle income",2002,5.54719,1.8284,3033900,FALSE
"ARM","Armenia","Asia","Upper middle income",2003,5.99397,1.9862,3017810,FALSE
"ARM","Armenia","Asia","Upper middle income",2004,6.4779,2.15886,3000610,FALSE
"ARM","Armenia","Asia","Upper middle income",2005,7.22003,2.42181,2981260,FALSE
"ARM","Armenia","Asia","Upper middle income",2006,7.18926,2.43004,2958500,FALSE
"ARM","Armenia","Asia","Upper middle income",2007,8.13438,2.77334,2933060,FALSE
"ARM","Armenia","Asia","Upper middle income",2008,8.61137,2.96105,2908220,FALSE
"ARM","Armenia","Asia","Upper middle income",2009,7.3396,2.5409,2888580,FALSE
"ARM","Armenia","Asia","Upper middle income",2010,7.07144,2.45766,2877310,FALSE
"ARM","Armenia","Asia","Upper middle income",2011,7.69804,2.67704,2875580,FALSE
"ARM","Armenia","Asia","Upper middle income",2012,8.56764,2.97289,2881920,FALSE
"ARM","Armenia","Asia","Upper middle income",2013,8.61107,2.97599,2893510,FALSE
"ARM","Armenia","Asia","Upper middle income",2014,8.9685,3.08597,2906220,FALSE
"ARM","Armenia","Asia","Upper middle income",2015,8.89653,3.04994,2916950,FALSE
"ARM","Armenia","Asia","Upper middle income",2016,8.73131,2.98525,2924820,FALSE
"ARM","Armenia","Asia","Upper middle income",2017,8.93533,3.04913,2930450,FALSE
"ARM","Armenia","Asia","Upper middle income",2018,9.07955,3.09444,2934152,FALSE
"ARM","Armenia","Asia","Upper middle income",2019,9.56028,3.25544,2936706,FALSE
"ARM","Armenia","Asia","Upper middle income",2020,10.28178,3.49877,2938679,FALSE
"ARM","Armenia","Asia","Upper middle income",2021,10.90803,3.71022,2940000,FALSE
"ARM","Armenia","Asia","Upper middle income",2022,11.22155,3.81685,2940000,FALSE
"ARM","Armenia","Asia","Upper middle income",2023,10.72598,3.64953,2939000,FALSE
"ARM","Armenia","Asia","Upper middle income",2024,10.78058,3.66936,2938000,FALSE
"ATG","Antigua and Barbuda","America","High income",1970,0.15871,2.3653,67098,FALSE
"ATG","Antigua and Barbuda","America","High income",1971,0.16519,2.42261,68188,FALSE
"ATG","Antigua and Barbuda","America","High income",1972,0.18623,2.69206,69176,FALSE
"ATG","Antigua and Barbuda","America","High income",1973,0.1878,2.68039,70066,FALSE
"ATG","Antigua and Barbuda","America","High income",1974,0.17375,2.45145,70878,FALSE
"ATG","Antigua and Barbuda","America","High income",1975,0.19834,2.76979,71609,FALSE
"ATG","Antigua and Barbuda","America","High income",1976,0.18636,2.57814,72285,FALSE
"ATG","Antigua and Barbuda","America","High income",1977,0.2003,2.74856,72875,FALSE
"ATG","Antigua and Barbuda","America","High income",1978,0.20529,2.79973,73324,FALSE
"ATG","Antigua and Barbuda","America","High income",1979,0.21073,2.86594,73528,FALSE
"ATG","Antigua and Barbuda","America","High income",1980,0.21414,2.91571,73442,FALSE
"ATG","Antigua and Barbuda","America","High income",1981,0.19746,2.70247,73066,FALSE
"ATG","Antigua and Barbuda","America","High income",1982,0.23137,3.19359,72448,FALSE
"ATG","Antigua and Barbuda","America","High income",1983,0.16799,2.34498,71639,FALSE
"ATG","Antigua and Barbuda","America","High income",1984,0.1874,2.64973,70725,FALSE
"ATG","Antigua and Barbuda","America","High income",1985,0.19162,2.74591,69782,FALSE
"ATG","Antigua and Barbuda","America","High income",1986,0.19756,2.87118,68809,FALSE
"ATG","Antigua and Barbuda","America","High income",1987,0.23304,3.43487,67845,FALSE
"ATG","Antigua and Barbuda","America","High income",1988,0.24459,3.64747,67058,FALSE
"ATG","Antigua and Barbuda","America","High income",1989,0.24431,3.66683,66627,FALSE
"ATG","Antigua and Barbuda","America","High income",1990,0.24662,3.69768,66696,FALSE
"ATG","Antigua and Barbuda","America","High income",1991,0.24826,3.6884,67307,FALSE
"ATG","Antigua and Barbuda","America","High income",1992,0.24996,3.65292,68427,FALSE
"ATG","Antigua and Barbuda","America","High income",1993,0.24708,3.5329,69938,FALSE
"ATG","Antigua and Barbuda","America","High income",1994,0.26375,3.67751,71719,FALSE
"ATG","Antigua and Barbuda","America","High income",1995,0.27279,3.70548,73619,FALSE
"ATG","Antigua and Barbuda","America","High income",1996,0.27129,3.58716,75628,FALSE
"ATG","Antigua and Barbuda","America","High income",1997,0.28312,3.64193,77739,FALSE
"ATG","Antigua and Barbuda","America","High income",1998,0.2887,3.61548,79851,FALSE
"ATG","Antigua and Barbuda","America","High income",1999,0.29223,3.57116,81831,FALSE
"ATG","Antigua and Barbuda","America","High income",2000,0.22542,2.69698,83584,FALSE
"ATG","Antigua and Barbuda","America","High income",2001,0.22288,2.62032,85057,FALSE
"ATG","Antigua and Barbuda","America","High income",2002,0.2407,2.79024,86266,FALSE
"ATG","Antigua and Barbuda","America","High income",2003,0.25509,2.92218,87293,FALSE
"ATG","Antigua and Barbuda","America","High income",2004,0.25876,2.93187,88257,FALSE
"ATG","Antigua and Barbuda","America","High income",2005,0.26519,2.97123,89253,FALSE
"ATG","Antigua and Barbuda","America","High income",2006,0.2887,3.19705,90301,FALSE
"ATG","Antigua and Barbuda","America","High income",2007,0.307,3.35956,91381,FALSE
"ATG","Antigua and Barbuda","America","High income",2008,0.32274,3.48992,92478,FALSE
"ATG","Antigua and Barbuda","America","High income",2009,0.35737,3.81881,93581,FALSE
"ATG","Antigua and Barbuda","America","High income",2010,0.34739,3.66981,94661,FALSE
"ATG","Antigua and Barbuda","America","High income",2011,0.27968,2.92191,95719,FALSE
"ATG","Antigua and Barbuda","America","High income",2012,0.29399,3.03778,96777,FALSE
"ATG","Antigua and Barbuda","America","High income",2013,0.32737,3.34648,97824,FALSE
"ATG","Antigua and Barbuda","America","High income",2014,0.34775,3.51702,98875,FALSE
"ATG","Antigua and Barbuda","America","High income",2015,0.3593,3.59574,99923,FALSE
"ATG","Antigua and Barbuda","America","High income",2016,0.38416,3.80496,100963,FALSE
"ATG","Antigua and Barbuda","America","High income",2017,0.34613,3.39307,102012,FALSE
"ATG","Antigua and Barbuda","America","High income",2018,0.35569,3.45163,103050,FALSE
"ATG","Antigua and Barbuda","America","High income",2019,0.40991,3.93824,104084,FALSE
"ATG","Antigua and Barbuda","America","High income",2020,0.3931,3.73992,105110,FALSE
"ATG","Antigua and Barbuda","America","High income",2021,0.39907,3.76483,106000,FALSE
"ATG","Antigua and Barbuda","America","High income",2022,0.4112,3.84295,107000,FALSE
"ATG","Antigua and Barbuda","America","High income",2023,0.41508,3.84336,108000,FALSE
"ATG","Antigua and Barbuda","America","High income",2024,0.42685,3.88046,110000,FALSE
"AUS","Australia","Oceania","High income",1970,315.67048,24.57938,12842900,FALSE
"AUS","Australia","Oceania","High income",1971,321.95288,24.60623,13084200,FALSE
"AUS","Australia","Oceania","High income",1972,334.10901,25.12683,13296900,FALSE
"AUS","Australia","Oceania","High income",1973,341.39327,25.31389,13486400,FALSE
"AUS","Australia","Oceania","High income",1974,355.86277,26.04763,13662000,FALSE
"AUS","Australia","Oceania","High income",1975,365.18799,26.4032,13831200,FALSE
"AUS","Australia","Oceania","High income",1976,368.28117,26.31595,13994600,FALSE
"AUS","Australia","Oceania","High income",1977,374.81166,26.48453,14152100,FALSE
"AUS","Australia","Oceania","High income",1978,365.74205,25.55974,14309300,FALSE
"AUS","Australia","Oceania","High income",1979,369.74971,25.5472,14473200,FALSE
"AUS","Australia","Oceania","High income",1980,376.85463,25.72545,14649100,FALSE
"AUS","Australia","Oceania","High income",1981,380.09606,25.61553,14838500,FALSE
"AUS","Australia","Oceania","High income",1982,388.58802,25.83508,15041100,FALSE
"AUS","Australia","Oceania","High income",1983,376.04717,24.64687,15257400,FALSE
"AUS","Australia","Oceania","High income",1984,390.32642,25.20316,15487200,FALSE
"AUS","Australia","Oceania","High income",1985,403.35709,25.64319,15729600,FALSE
"AUS","Australia","Oceania","High income",1986,408.61402,25.56042,15986200,FALSE
"AUS","Australia","Oceania","High income",1987,419.11592,25.78397,16254900,FALSE
"AUS","Australia","Oceania","High income",1988,429.70917,25.9998,16527400,FALSE
"AUS","Australia","Oceania","High income",1989,451.01029,26.85816,16792300,FALSE
"AUS","Australia","Oceania","High income",1990,460.69991,27.03416,17041400,FALSE
"AUS","Australia","Oceania","High income",1991,463.50768,26.83594,17271900,FALSE
"AUS","Australia","Oceania","High income",1992,465.52361,26.6228,17485900,FALSE
"AUS","Australia","Oceania","High income",1993,470.05982,26.57582,17687500,FALSE
"AUS","Australia","Oceania","High income",1994,474.14606,26.51423,17882700,FALSE
"AUS","Australia","Oceania","High income",1995,482.24394,26.67765,18076700,FALSE
"AUS","Australia","Oceania","High income",1996,495.31432,27.10828,18271700,FALSE
"AUS","Australia","Oceania","High income",1997,508.10791,27.51348,18467600,FALSE
"AUS","Australia","Oceania","High income",1998,529.15686,28.35022,18665000,FALSE
"AUS","Australia","Oceania","High income",1999,535.80851,28.40361,18864100,FALSE
"AUS","Australia","Oceania","High income",2000,545.70816,28.62236,19065800,FALSE
"AUS","Australia","Oceania","High income",2001,555.24699,28.81631,19268500,FALSE
"AUS","Australia","Oceania","High income",2002,564.95229,29.00881,19475200,FALSE
"AUS","Australia","Oceania","High income",2003,553.80864,28.1164,19697000,FALSE
"AUS","Australia","Oceania","High income",2004,575.64582,28.85674,19948400,FALSE
"AUS","Australia","Oceania","High income",2005,577.2283,28.52073,20238900,FALSE
"AUS","Australia","Oceania","High income",2006,584.42884,28.40674,20573600,FALSE
"AUS","Australia","Oceania","High income",2007,592.23531,28.27344,20946700,FALSE
"AUS","Australia","Oceania","High income",2008,590.42272,27.66418,21342500,FALSE
"AUS","Australia","Oceania","High income",2009,597.63173,27.49122,21739000,FALSE
"AUS","Australia","Oceania","High income",2010,598.75254,27.06826,22120100,FALSE
"AUS","Australia","Oceania","High income",2011,610.735,27.16817,22479800,FALSE
"AUS","Australia","Oceania","High income",2012,614.85106,26.94139,22821800,FALSE
"AUS","Australia","Oceania","High income",2013,604.92497,26.12988,23150700,FALSE
"AUS","Australia","Oceania","High income",2014,597.20025,25.44017,23474700,FALSE
"AUS","Australia","Oceania","High income",2015,600.75016,25.24203,23799600,FALSE
"AUS","Australia","Oceania","High income",2016,595.96812,24.70252,24125800,FALSE
"AUS","Australia","Oceania","High income",2017,612.94252,25.06861,24450600,FALSE
"AUS","Australia","Oceania","High income",2018,608.06561,24.54624,24772247,FALSE
"AUS","Australia","Oceania","High income",2019,605.15398,24.12064,25088636,FALSE
"AUS","Australia","Oceania","High income",2020,579.54745,22.81847,25398177,FALSE
"AUS","Australia","Oceania","High income",2021,576.18906,22.41894,25701000,FALSE
"AUS","Australia","Oceania","High income",2022,571.78076,21.99411,25997000,FALSE
"AUS","Australia","Oceania","High income",2023,587.5131,22.34995,26287000,FALSE
"AUS","Australia","Oceania","High income",2024,591.45396,22.2577,26573000,FALSE
"AUT","Austria","Europe","High income",1970,71.60093,9.52616,7516240,TRUE
"AUT","Austria","Europe","High income",1971,74.75663,9.90109,7550340,TRUE
"AUT","Austria","Europe","High income",1972,76.95957,10.15148,7581120,TRUE
"AUT","Austria","Europe","High income",1973,80.72251,10.61153,7607060,TRUE
"AUT","Austria","Europe","High income",1974,78.4843,10.29128,7626290,TRUE
"AUT","Austria","Europe","High income",1975,75.95994,9.94541,7637690,TRUE
"AUT","Austria","Europe","High income",1976,81.41328,10.65514,7640750,TRUE
"AUT","Austria","Europe","High income",1977,78.80978,10.32004,7636580,TRUE
"AUT","Austria","Europe","High income",1978,80.82217,10.59579,7627760,TRUE
"AUT","Austria","Europe","High income",1979,83.5136,10.96284,7617880,TRUE
"AUT","Austria","Europe","High income",1980,81.6391,10.72822,7609750,TRUE
"AUT","Austria","Europe","High income",1981,77.96374,10.2523,7604510,TRUE
"AUT","Austria","Europe","High income",1982,75.79463,9.97012,7602180,TRUE
"AUT","Austria","Europe","High income",1983,75.66802,9.95226,7603100,TRUE
"AUT","Austria","Europe","High income",1984,78.13638,10.27125,7607290,TRUE
"AUT","Austria","Europe","High income",1985,79.52047,10.44279,7614870,TRUE
"AUT","Austria","Europe","High income",1986,77.9516,10.22264,7625390,TRUE
"AUT","Austria","Europe","High income",1987,78.10979,10.22466,7639350,TRUE
"AUT","Austria","Europe","High income",1988,76.93074,10.0447,7658840,TRUE
"AUT","Austria","Europe","High income",1989,76.21619,9.9155,7686570,TRUE
"AUT","Austria","Europe","High income",1990,80.17747,10.38037,7723950,TRUE
"AUT","Austria","Europe","High income",1991,84.42564,10.86182,7772700,TRUE
"AUT","Austria","Europe","High income",1992,78.95863,10.08292,7830930,TRUE
"AUT","Austria","Europe","High income",1993,78.95707,10.00458,7892090,TRUE
"AUT","Austria","Europe","High income",1994,79.39602,9.99043,7947210,TRUE
"AUT","Austria","Europe","High income",1995,82.27858,10.29754,7990120,TRUE
"AUT","Austria","Europe","High income",1996,86.27873,10.76082,8017860,TRUE
"AUT","Austria","Europe","High income",1997,85.49065,10.64259,8032880,TRUE
"AUT","Austria","Europe","High income",1998,85.61857,10.64769,8041050,TRUE
"AUT","Austria","Europe","High income",1999,83.55818,10.37847,8051110,TRUE
"AUT","Austria","Europe","High income",2000,83.68145,10.37037,8069280,TRUE
"AUT","Austria","Europe","High income",2001,88.57587,10.93833,8097750,TRUE
"AUT","Austria","Europe","High income",2002,90.36287,11.10872,8134410,TRUE
"AUT","Austria","Europe","High income",2003,95.15316,11.63832,8175850,TRUE
"AUT","Austria","Europe","High income",2004,95.93427,11.67537,8216810,TRUE
"AUT","Austria","Europe","High income",2005,96.42671,11.68292,8253650,TRUE
"AUT","Austria","Europe","High income",2006,93.98856,11.34478,8284740,TRUE
"AUT","Austria","Europe","High income",2007,91.00482,10.9489,8311780,TRUE
"AUT","Austria","Europe","High income",2008,90.59759,10.86504,8338450,TRUE
"AUT","Austria","Europe","High income",2009,82.99701,9.91596,8370040,TRUE
"AUT","Austria","Europe","High income",2010,89.12105,10.5971,8409950,TRUE
"AUT","Austria","Europe","High income",2011,87.32996,10.32286,8459860,TRUE
"AUT","Austria","Europe","High income",2012,83.97744,9.85934,8517550,TRUE
"AUT","Austria","Europe","High income",2013,84.49033,9.84991,8577780,TRUE
"AUT","Austria","Europe","High income",2014,80.82064,9.36159,8633220,TRUE
"AUT","Austria","Europe","High income",2015,82.26171,9.47862,8678660,TRUE
"AUT","Austria","Europe","High income",2016,82.70077,9.49259,8712140,TRUE
"AUT","Austria","Europe","High income",2017,84.85767,9.71417,8735450,TRUE
"AUT","Austria","Europe","High income",2018,81.79261,9.34578,8751820,TRUE
"AUT","Austria","Europe","High income",2019,83.13423,9.4835,8766201,TRUE
"AUT","Austria","Europe","High income",2020,76.97266,8.76461,8782210,TRUE
"AUT","Austria","Europe","High income",2021,80.07809,9.09875,8801000,TRUE
"AUT","Austria","Europe","High income",2022,76.07922,8.62478,8821000,TRUE
"AUT","Austria","Europe","High income",2023,71.59634,8.09822,8841000,TRUE
"AUT","Austria","Europe","High income",2024,70.9999,8.01353,8860000,TRUE
"AZE","Azerbaijan","Asia","Upper middle income",1970,32.54081,6.28199,5180020,FALSE
"AZE","Azerbaijan","Asia","Upper middle income",1971,32.88205,6.22232,5284530,FALSE
"AZE","Azerbaijan","Asia","Upper middle income",1972,34.72728,6.44857,5385270,FALSE
"AZE","Azerbaijan","Asia","Upper middle income",1973,37.14172,6.77388,5483080,FALSE
"AZE","Azerbaijan","Asia","Upper middle income",1974,39.5947,7.09699,5579080,FALSE
"AZE","Azerbaijan","Asia","Upper middle income",1975,42.36105,7.46563,5674140,FALSE
"AZE","Azerbaijan","Asia","Upper middle income",1976,43.47724,7.53672,5768720,FALSE
"AZE","Azerbaijan","Asia","Upper middle income",1977,44.8043,7.6417,5863130,FALSE
"AZE","Azerbaijan","Asia","Upper middle income",1978,46.92844,7.87663,5957930,FALSE
"AZE","Azerbaijan","Asia","Upper middle income",1979,48.48061,8.00849,6053650,FALSE
"AZE","Azerbaijan","Asia","Upper middle income",1980,50.64693,8.23428,6150740,FALSE
"AZE","Azerbaijan","Asia","Upper middle income",1981,51.89578,8.30423,6249320,FALSE
"AZE","Azerbaijan","Asia","Upper middle income",1982,52.77736,8.31197,6349560,FALSE
"AZE","Azerbaijan","Asia","Upper middle income",1983,53.80605,8.33933,6452080,FALSE
"AZE","Azerbaijan","Asia","Upper middle income",1984,54.73139,8.34627,6557590,FALSE
"AZE","Azerbaijan","Asia","Upper middle income",1985,55.57725,8.33686,6666450,FALSE
"AZE","Azerbaijan","Asia","Upper middle income",1986,56.64598,8.35655,6778630,FALSE
"AZE","Azerbaijan","Asia","Upper middle income",1987,57.72187,8.37338,6893500,FALSE
"AZE","Azerbaijan","Asia","Upper middle income",1988,57.5334,8.20729,7010040,FALSE
"AZE","Azerbaijan","Asia","Upper middle income",1989,57.60742,8.08311,7126890,FALSE
"AZE","Azerbaijan","Asia","Upper middle income",1990,67.67339,9.34358,7242770,FALSE
"AZE","Azerbaijan","Asia","Upper middle income",1991,65.86329,8.9513,7357960,FALSE
"AZE","Azerbaijan","Asia","Upper middle income",1992,55.32924,7.40495,7471930,FALSE
"AZE","Azerbaijan","Asia","Upper middle income",1993,49.0153,6.4649,7581760,FALSE
"AZE","Azerbaijan","Asia","Upper middle income",1994,43.49825,5.6611,7683710,FALSE
"AZE","Azerbaijan","Asia","Upper middle income",1995,42.67111,5.48794,7775430,FALSE
"AZE","Azerbaijan","Asia","Upper middle income",1996,37.26898,4.74429,7855550,FALSE
"AZE","Azerbaijan","Asia","Upper middle income",1997,36.55521,4.61225,7925670,FALSE
"AZE","Azerbaijan","Asia","Upper middle income",1998,36.98458,4.62892,7989900,FALSE
"AZE","Azerbaijan","Asia","Upper middle income",1999,37.96157,4.7133,8054130,FALSE
"AZE","Azerbaijan","Asia","Upper middle income",2000,39.68777,4.88601,8122740,FALSE
"AZE","Azerbaijan","Asia","Upper middle income",2001,39.02772,4.76106,8197280,FALSE
"AZE","Azerbaijan","Asia","Upper middle income",2002,38.87452,4.69669,8277010,FALSE
"AZE","Azerbaijan","Asia","Upper middle income",2003,41.69014,4.98605,8361360,FALSE
"AZE","Azerbaijan","Asia","Upper middle income",2004,41.66537,4.93147,8448880,FALSE
"AZE","Azerbaijan","Asia","Upper middle income",2005,44.53942,5.21624,8538610,FALSE
"AZE","Azerbaijan","Asia","Upper middle income",2006,46.21815,5.3554,8630190,FALSE
"AZE","Azerbaijan","Asia","Upper middle income",2007,46.62833,5.34465,8724300,FALSE
"AZE","Azerbaijan","Asia","Upper middle income",2008,51.14185,5.79714,8821910,FALSE
"AZE","Azerbaijan","Asia","Upper middle income",2009,45.50492,5.09893,8924410,FALSE
"AZE","Azerbaijan","Asia","Upper middle income",2010,44.48503,4.92502,9032460,FALSE
"AZE","Azerbaijan","Asia","Upper middle income",2011,46.92379,5.13031,9146380,FALSE
"AZE","Azerbaijan","Asia","Upper middle income",2012,50.0286,5.39979,9264920,FALSE
"AZE","Azerbaijan","Asia","Upper middle income",2013,51.2625,5.462,9385290,FALSE
"AZE","Azerbaijan","Asia","Upper middle income",2014,53.09415,5.58664,9503770,FALSE
"AZE","Azerbaijan","Asia","Upper middle income",2015,52.97149,5.50783,9617480,FALSE
"AZE","Azerbaijan","Asia","Upper middle income",2016,52.69874,5.41868,9725380,FALSE
"AZE","Azerbaijan","Asia","Upper middle income",2017,52.42594,5.33457,9827590,FALSE
"AZE","Azerbaijan","Asia","Upper middle income",2018,53.13646,5.35438,9923914,FALSE
"AZE","Azerbaijan","Asia","Upper middle income",2019,55.9433,5.58619,10014575,FALSE
"AZE","Azerbaijan","Asia","Upper middle income",2020,54.33382,5.37972,10099743,FALSE
"AZE","Azerbaijan","Asia","Upper middle income",2021,56.59609,5.56008,10179000,FALSE
"AZE","Azerbaijan","Asia","Upper middle income",2022,59.23626,5.77802,10252000,FALSE
"AZE","Azerbaijan","Asia","Upper middle income",2023,60.99182,5.91006,10320000,FALSE
"AZE","Azerbaijan","Asia","Upper middle income",2024,58.27979,5.613,10383000,FALSE
"BDI","Burundi","Africa","Low income",1970,2.12081,0.61373,3455610,FALSE
"BDI","Burundi","Africa","Low income",1971,2.11559,0.60352,3505390,FALSE
"BDI","Burundi","Africa","Low income",1972,2.2127,0.62434,3544050,FALSE
"BDI","Burundi","Africa","Low income",1973,2.26646,0.63336,3578490,FALSE
"BDI","Burundi","Africa","Low income",1974,2.28832,0.63238,3618590,FALSE
"BDI","Burundi","Africa","Low income",1975,2.37122,0.64585,3671490,FALSE
"BDI","Burundi","Africa","Low income",1976,2.38479,0.6377,3739660,FALSE
"BDI","Burundi","Africa","Low income",1977,2.39606,0.62705,3821190,FALSE
"BDI","Burundi","Africa","Low income",1978,2.4285,0.6205,3913770,FALSE
"BDI","Burundi","Africa","Low income",1979,2.50459,0.62407,4013310,FALSE
"BDI","Burundi","Africa","Low income",1980,2.26359,0.54984,4116820,FALSE
"BDI","Burundi","Africa","Low income",1981,2.06362,0.48864,4223190,FALSE
"BDI","Burundi","Africa","Low income",1982,2.10809,0.48648,4333390,FALSE
"BDI","Burundi","Africa","Low income",1983,2.14899,0.48306,4448730,FALSE
"BDI","Burundi","Africa","Low income",1984,2.22794,0.48738,4571290,FALSE
"BDI","Burundi","Africa","Low income",1985,2.18187,0.46402,4702070,FALSE
"BDI","Burundi","Africa","Low income",1986,2.36757,0.48901,4841560,FALSE
"BDI","Burundi","Africa","Low income",1987,2.39979,0.48114,4987740,FALSE
"BDI","Burundi","Africa","Low income",1988,2.53693,0.49395,5135960,FALSE
"BDI","Burundi","Africa","Low income",1989,2.57079,0.48689,5280020,FALSE
"BDI","Burundi","Africa","Low income",1990,3.04647,0.56256,5415410,FALSE
"BDI","Burundi","Africa","Low income",1991,3.17952,0.57371,5542050,FALSE
"BDI","Burundi","Africa","Low income",1992,3.13402,0.5536,5661140,FALSE
"BDI","Burundi","Africa","Low income",1993,3.18755,0.5523,5771400,FALSE
"BDI","Burundi","Africa","Low income",1994,3.16248,0.5386,5871610,FALSE
"BDI","Burundi","Africa","Low income",1995,3.28627,0.5512,5962060,FALSE
"BDI","Burundi","Africa","Low income",1996,3.39311,0.56167,6041110,FALSE
"BDI","Burundi","Africa","Low income",1997,3.44578,0.56376,6112100,FALSE
"BDI","Burundi","Africa","Low income",1998,3.42635,0.55386,6186350,FALSE
"BDI","Burundi","Africa","Low income",1999,2.98634,0.47561,6278940,FALSE
"BDI","Burundi","Africa","Low income",2000,3.05181,0.47679,6400710,FALSE
"BDI","Burundi","Africa","Low income",2001,3.03413,0.46281,6555830,FALSE
"BDI","Burundi","Africa","Low income",2002,3.00296,0.44544,6741570,FALSE
"BDI","Burundi","Africa","Low income",2003,3.04364,0.43774,6953110,FALSE
"BDI","Burundi","Africa","Low income",2004,3.19537,0.44489,7182450,FALSE
"BDI","Burundi","Africa","Low income",2005,3.31023,0.44592,7423290,FALSE
"BDI","Burundi","Africa","Low income",2006,3.51488,0.45795,7675340,FALSE
"BDI","Burundi","Africa","Low income",2007,3.78631,0.47689,7939570,FALSE
"BDI","Burundi","Africa","Low income",2008,3.77134,0.45923,8212260,FALSE
"BDI","Burundi","Africa","Low income",2009,4.00971,0.47234,8489030,FALSE
"BDI","Burundi","Africa","Low income",2010,4.3631,0.49768,8766930,FALSE
"BDI","Burundi","Africa","Low income",2011,4.63392,0.5124,9043510,FALSE
"BDI","Burundi","Africa","Low income",2012,4.63106,0.49691,9319710,FALSE
"BDI","Burundi","Africa","Low income",2013,5.7505,0.599,9600190,FALSE
"BDI","Burundi","Africa","Low income",2014,5.70384,0.57662,9891790,FALSE
"BDI","Burundi","Africa","Low income",2015,5.69115,0.55799,10199300,FALSE
"BDI","Burundi","Africa","Low income",2016,6.02587,0.57258,10524100,FALSE
"BDI","Burundi","Africa","Low income",2017,6.71354,0.61795,10864200,FALSE
"BDI","Burundi","Africa","Low income",2018,7.01728,0.62562,11216450,FALSE
"BDI","Burundi","Africa","Low income",2019,6.75739,0.58374,11575964,FALSE
"BDI","Burundi","Africa","Low income",2020,6.76168,0.56634,11939227,FALSE
"BDI","Burundi","Africa","Low income",2021,7.90472,0.64235,12306000,FALSE
"BDI","Burundi","Africa","Low income",2022,7.70986,0.60827,12675000,FALSE
"BDI","Burundi","Africa","Low income",2023,8.18716,0.62742,13049000,FALSE
"BDI","Burundi","Africa","Low income",2024,8.42172,0.62718,13428000,FALSE
"BEL","Belgium","Europe","High income",1970,167.27001,17.36575,9632180,TRUE
"BEL","Belgium","Europe","High income",1971,157.67267,16.31662,9663320,TRUE
"BEL","Belgium","Europe","High income",1972,169.16941,17.45301,9692850,TRUE
"BEL","Belgium","Europe","High income",1973,174.98692,18.00136,9720760,TRUE
"BEL","Belgium","Europe","High income",1974,175.31043,17.98605,9747020,TRUE
"BEL","Belgium","Europe","High income",1975,155.87495,15.95185,9771590,TRUE
"BEL","Belgium","Europe","High income",1976,165.27898,16.87419,9794780,TRUE
"BEL","Belgium","Europe","High income",1977,163.97387,16.70356,9816700,TRUE
"BEL","Belgium","Europe","High income",1978,168.23527,17.10262,9836810,TRUE
"BEL","Belgium","Europe","High income",1979,177.54016,18.01637,9854380,TRUE
"BEL","Belgium","Europe","High income",1980,166.85377,16.90686,9869000,TRUE
"BEL","Belgium","Europe","High income",1981,155.20826,15.7084,9880590,TRUE
"BEL","Belgium","Europe","High income",1982,146.89631,14.85328,9889820,TRUE
"BEL","Belgium","Europe","High income",1983,137.59622,13.90158,9897880,TRUE
"BEL","Belgium","Europe","High income",1984,141.69904,14.30383,9906370,TRUE
"BEL","Belgium","Europe","High income",1985,139.14838,14.03189,9916580,TRUE
"BEL","Belgium","Europe","High income",1986,138.85395,13.98533,9928540,TRUE
"BEL","Belgium","Europe","High income",1987,137.93732,13.8738,9942290,TRUE
"BEL","Belgium","Europe","High income",1988,138.32935,13.88986,9959020,TRUE
"BEL","Belgium","Europe","High income",1989,139.19797,13.94744,9980180,TRUE
"BEL","Belgium","Europe","High income",1990,140.5728,14.04815,10006500,TRUE
"BEL","Belgium","Europe","High income",1991,144.63164,14.4064,10039400,TRUE
"BEL","Belgium","Europe","High income",1992,142.36448,14.12612,10078100,TRUE
"BEL","Belgium","Europe","High income",1993,140.41528,13.87681,10118700,TRUE
"BEL","Belgium","Europe","High income",1994,147.69569,14.54285,10155900,TRUE
"BEL","Belgium","Europe","High income",1995,148.70713,14.59874,10186300,TRUE
"BEL","Belgium","Europe","High income",1996,154.24493,15.10976,10208300,TRUE
"BEL","Belgium","Europe","High income",1997,150.68608,14.73875,10223800,TRUE
"BEL","Belgium","Europe","High income",1998,154.40923,15.083,10237300,TRUE
"BEL","Belgium","Europe","High income",1999,150.47987,14.67352,10255200,TRUE
"BEL","Belgium","Europe","High income",2000,151.90659,14.77403,10282000,TRUE
"BEL","Belgium","Europe","High income",2001,152.15828,14.74545,10319000,TRUE
"BEL","Belgium","Europe","High income",2002,144.52463,13.94366,10364900,TRUE
"BEL","Belgium","Europe","High income",2003,148.30472,14.23406,10419000,TRUE
"BEL","Belgium","Europe","High income",2004,147.11966,14.038,10480100,TRUE
"BEL","Belgium","Europe","High income",2005,143.91548,13.64529,10546900,TRUE
"BEL","Belgium","Europe","High income",2006,140.46893,13.22733,10619600,TRUE
"BEL","Belgium","Europe","High income",2007,137.89501,12.89003,10697800,TRUE
"BEL","Belgium","Europe","High income",2008,139.58554,12.94953,10779200,TRUE
"BEL","Belgium","Europe","High income",2009,132.05217,12.15916,10860300,TRUE
"BEL","Belgium","Europe","High income",2010,140.49501,12.84385,10938700,TRUE
"BEL","Belgium","Europe","High income",2011,129.90501,11.7955,11013100,TRUE
"BEL","Belgium","Europe","High income",2012,128.05885,11.55401,11083500,TRUE
"BEL","Belgium","Europe","High income",2013,129.23147,11.58871,11151500,TRUE
"BEL","Belgium","Europe","High income",2014,122.51203,10.91985,11219200,TRUE
"BEL","Belgium","Europe","High income",2015,127.19241,11.26803,11287900,TRUE
"BEL","Belgium","Europe","High income",2016,126.10312,11.10219,11358400,TRUE
"BEL","Belgium","Europe","High income",2017,124.08058,10.85636,11429300,TRUE
"BEL","Belgium","Europe","High income",2018,124.69672,10.84459,11498519,TRUE
"BEL","Belgium","Europe","High income",2019,124.39261,10.75802,11562784,TRUE
"BEL","Belgium","Europe","High income",2020,115.67212,9.9546,11619972,TRUE
"BEL","Belgium","Europe","High income",2021,119.52142,10.24264,11669000,TRUE
"BEL","Belgium","Europe","High income",2022,111.98838,9.56267,11711000,TRUE
"BEL","Belgium","Europe","High income",2023,107.22626,9.12642,11749000,TRUE
"BEL","Belgium","Europe","High income",2024,107.82402,9.15004,11784000,TRUE
"BEN","Benin","Africa","Lower middle income",1970,2.51757,0.86445,2912340,FALSE
"BEN","Benin","Africa","Lower middle income",1971,2.45643,0.82526,2976570,FALSE
"BEN","Benin","Africa","Lower middle income",1972,2.66218,0.87469,3043570,FALSE
"BEN","Benin","Africa","Lower middle income",1973,2.80369,0.90044,3113680,FALSE
"BEN","Benin","Africa","Lower middle income",1974,2.77952,0.87203,3187410,FALSE
"BEN","Benin","Africa","Lower middle income",1975,2.96561,0.90826,3265160,FALSE
"BEN","Benin","Africa","Lower middle income",1976,2.82809,0.84492,3347170,FALSE
"BEN","Benin","Africa","Lower middle income",1977,2.9466,0.85821,3433440,FALSE
"BEN","Benin","Africa","Lower middle income",1978,3.04207,0.86326,3523940,FALSE
"BEN","Benin","Africa","Lower middle income",1979,3.16231,0.87392,3618530,FALSE
"BEN","Benin","Africa","Lower middle income",1980,3.31986,0.89312,3717160,FALSE
"BEN","Benin","Africa","Lower middle income",1981,3.51235,0.91943,3820130,FALSE
"BEN","Benin","Africa","Lower middle income",1982,3.74253,0.95285,3927710,FALSE
"BEN","Benin","Africa","Lower middle income",1983,3.67619,0.90996,4039950,FALSE
"BEN","Benin","Africa","Lower middle income",1984,3.76613,0.90601,4156820,FALSE
"BEN","Benin","Africa","Lower middle income",1985,3.98385,0.93113,4278500,FALSE
"BEN","Benin","Africa","Lower middle income",1986,3.72034,0.84467,4404510,FALSE
"BEN","Benin","Africa","Lower middle income",1987,3.69622,0.815,4535260,FALSE
"BEN","Benin","Africa","Lower middle income",1988,3.66338,0.78397,4672850,FALSE
"BEN","Benin","Africa","Lower middle income",1989,3.66012,0.75936,4820020,FALSE
"BEN","Benin","Africa","Lower middle income",1990,3.83891,0.7711,4978500,FALSE
"BEN","Benin","Africa","Lower middle income",1991,3.93037,0.76325,5149500,FALSE
"BEN","Benin","Africa","Lower middle income",1992,4.03515,0.75681,5331800,FALSE
"BEN","Benin","Africa","Lower middle income",1993,4.05596,0.73454,5521760,FALSE
"BEN","Benin","Africa","Lower middle income",1994,4.38884,0.76806,5714220,FALSE
"BEN","Benin","Africa","Lower middle income",1995,4.16917,0.70597,5905560,FALSE
"BEN","Benin","Africa","Lower middle income",1996,5.11151,0.83874,6094260,FALSE
"BEN","Benin","Africa","Lower middle income",1997,5.3911,0.85823,6281640,FALSE
"BEN","Benin","Africa","Lower middle income",1998,5.40825,0.83586,6470270,FALSE
"BEN","Benin","Africa","Lower middle income",1999,5.75466,0.86353,6664100,FALSE
"BEN","Benin","Africa","Lower middle income",2000,5.97448,0.87016,6865950,FALSE
"BEN","Benin","Africa","Lower middle income",2001,6.50545,0.91927,7076730,FALSE
"BEN","Benin","Africa","Lower middle income",2002,6.95544,0.9534,7295390,FALSE
"BEN","Benin","Africa","Lower middle income",2003,7.31924,0.97323,7520560,FALSE
"BEN","Benin","Africa","Lower middle income",2004,7.63677,0.98539,7750000,FALSE
"BEN","Benin","Africa","Lower middle income",2005,8.08213,1.01252,7982230,FALSE
"BEN","Benin","Africa","Lower middle income",2006,9.34056,1.13675,8216900,FALSE
"BEN","Benin","Africa","Lower middle income",2007,10.05185,1.18889,8454790,FALSE
"BEN","Benin","Africa","Lower middle income",2008,10.16339,1.16862,8696920,FALSE
"BEN","Benin","Africa","Lower middle income",2009,10.6888,1.19499,8944710,FALSE
"BEN","Benin","Africa","Lower middle income",2010,11.54875,1.2554,9199260,FALSE
"BEN","Benin","Africa","Lower middle income",2011,11.64395,1.23076,9460800,FALSE
"BEN","Benin","Africa","Lower middle income",2012,11.59128,1.1914,9729160,FALSE
"BEN","Benin","Africa","Lower middle income",2013,12.31374,1.23082,10004500,FALSE
"BEN","Benin","Africa","Lower middle income",2014,12.94147,1.25808,10286700,FALSE
"BEN","Benin","Africa","Lower middle income",2015,13.49958,1.27644,10576000,FALSE
"BEN","Benin","Africa","Lower middle income",2016,15.17497,1.39575,10872300,FALSE
"BEN","Benin","Africa","Lower middle income",2017,15.51999,1.38873,11175700,FALSE
"BEN","Benin","Africa","Lower middle income",2018,16.93061,1.47406,11485674,FALSE
"BEN","Benin","Africa","Lower middle income",2019,17.13812,1.45219,11801595,FALSE
"BEN","Benin","Africa","Lower middle income",2020,17.6643,1.45709,12122985,FALSE
"BEN","Benin","Africa","Lower middle income",2021,16.18529,1.30002,12450000,FALSE
"BEN","Benin","Africa","Lower middle income",2022,17.05314,1.33426,12781000,FALSE
"BEN","Benin","Africa","Lower middle income",2023,17.35394,1.32291,13118000,FALSE
"BEN","Benin","Africa","Lower middle income",2024,17.76705,1.31979,13462000,FALSE
"BFA","Burkina Faso","Africa","Low income",1970,6.30865,1.12162,5624600,FALSE
"BFA","Burkina Faso","Africa","Low income",1971,6.34155,1.10801,5723380,FALSE
"BFA","Burkina Faso","Africa","Low income",1972,6.00518,1.0309,5825170,FALSE
"BFA","Burkina Faso","Africa","Low income",1973,5.71516,0.96369,5930480,FALSE
"BFA","Burkina Faso","Africa","Low income",1974,5.87356,0.97244,6040040,FALSE
"BFA","Burkina Faso","Africa","Low income",1975,6.03829,0.98111,6154550,FALSE
"BFA","Burkina Faso","Africa","Low income",1976,6.20962,0.98973,6274040,FALSE
"BFA","Burkina Faso","Africa","Low income",1977,6.37383,0.99608,6398940,FALSE
"BFA","Burkina Faso","Africa","Low income",1978,6.61353,1.01266,6530820,FALSE
"BFA","Burkina Faso","Africa","Low income",1979,6.91622,1.03666,6671660,FALSE
"BFA","Burkina Faso","Africa","Low income",1980,7.11981,1.04353,6822840,FALSE
"BFA","Burkina Faso","Africa","Low income",1981,7.4129,1.06124,6985160,FALSE
"BFA","Burkina Faso","Africa","Low income",1982,7.79902,1.08951,7158260,FALSE
"BFA","Burkina Faso","Africa","Low income",1983,8.05426,1.09718,7340900,FALSE
"BFA","Burkina Faso","Africa","Low income",1984,8.26065,1.09685,7531240,FALSE
"BFA","Burkina Faso","Africa","Low income",1985,9.18372,1.18838,7727910,FALSE
"BFA","Burkina Faso","Africa","Low income",1986,9.53738,1.20259,7930690,FALSE
"BFA","Burkina Faso","Africa","Low income",1987,9.90164,1.21641,8140070,FALSE
"BFA","Burkina Faso","Africa","Low income",1988,10.20272,1.22096,8356310,FALSE
"BFA","Burkina Faso","Africa","Low income",1989,10.44371,1.21724,8579820,FALSE
"BFA","Burkina Faso","Africa","Low income",1990,11.30668,1.28324,8811030,FALSE
"BFA","Burkina Faso","Africa","Low income",1991,11.89766,1.31465,9050080,FALSE
"BFA","Burkina Faso","Africa","Low income",1992,12.02204,1.29309,9297110,FALSE
"BFA","Burkina Faso","Africa","Low income",1993,12.31443,1.28913,9552480,FALSE
"BFA","Burkina Faso","Africa","Low income",1994,12.70613,1.29435,9816590,FALSE
"BFA","Burkina Faso","Africa","Low income",1995,13.12834,1.30114,10089900,FALSE
"BFA","Burkina Faso","Africa","Low income",1996,13.54333,1.30567,10372700,FALSE
"BFA","Burkina Faso","Africa","Low income",1997,14.03617,1.31603,10665500,FALSE
"BFA","Burkina Faso","Africa","Low income",1998,14.45689,1.31801,10968700,FALSE
"BFA","Burkina Faso","Africa","Low income",1999,13.84197,1.22683,11282700,FALSE
"BFA","Burkina Faso","Africa","Low income",2000,14.18097,1.22167,11607900,FALSE
"BFA","Burkina Faso","Africa","Low income",2001,15.85294,1.32721,11944600,FALSE
"BFA","Burkina Faso","Africa","Low income",2002,16.24078,1.32113,12293100,FALSE
"BFA","Burkina Faso","Africa","Low income",2003,19.54861,1.54478,12654600,FALSE
"BFA","Burkina Faso","Africa","Low income",2004,19.80926,1.52021,13030600,FALSE
"BFA","Burkina Faso","Africa","Low income",2005,20.47672,1.52562,13421900,FALSE
"BFA","Burkina Faso","Africa","Low income",2006,20.95318,1.51514,13829200,FALSE
"BFA","Burkina Faso","Africa","Low income",2007,21.82312,1.53123,14252000,FALSE
"BFA","Burkina Faso","Africa","Low income",2008,22.97025,1.5637,14689700,FALSE
"BFA","Burkina Faso","Africa","Low income",2009,23.47547,1.55045,15141100,FALSE
"BFA","Burkina Faso","Africa","Low income",2010,24.32359,1.55868,15605200,FALSE
"BFA","Burkina Faso","Africa","Low income",2011,24.99054,1.55395,16081900,FALSE
"BFA","Burkina Faso","Africa","Low income",2012,25.95451,1.56624,16571200,FALSE
"BFA","Burkina Faso","Africa","Low income",2013,26.9705,1.57974,17072700,FALSE
"BFA","Burkina Faso","Africa","Low income",2014,27.29233,1.55194,17586000,FALSE
"BFA","Burkina Faso","Africa","Low income",2015,29.00998,1.60182,18110600,FALSE
"BFA","Burkina Faso","Africa","Low income",2016,29.8729,1.60207,18646400,FALSE
"BFA","Burkina Faso","Africa","Low income",2017,31,1.61514,19193400,FALSE
"BFA","Burkina Faso","Africa","Low income",2018,32.60262,1.65063,19751651,FALSE
"BFA","Burkina Faso","Africa","Low income",2019,33.77475,1.66202,20321560,FALSE
"BFA","Burkina Faso","Africa","Low income",2020,30.19524,1.44452,20903345,FALSE
"BFA","Burkina Faso","Africa","Low income",2021,35.43689,1.64846,21497000,FALSE
"BFA","Burkina Faso","Africa","Low income",2022,35.74264,1.61709,22103000,FALSE
"BFA","Burkina Faso","Africa","Low income",2023,34.59212,1.52261,22719000,FALSE
"BFA","Burkina Faso","Africa","Low income",2024,34.91775,1.49547,23349000,FALSE
"BGD","Bangladesh","Asia","Lower middle income",1970,51.00477,0.78411,65047800,FALSE
"BGD","Bangladesh","Asia","Lower middle income",1971,49.79109,0.74959,66424700,FALSE
"BGD","Bangladesh","Asia","Lower middle income",1972,50.5363,0.74761,67597500,FALSE
"BGD","Bangladesh","Asia","Lower middle income",1973,51.01621,0.74269,68691200,FALSE
"BGD","Bangladesh","Asia","Lower middle income",1974,51.50919,0.73706,69884400,FALSE
"BGD","Bangladesh","Asia","Lower middle income",1975,54.36869,0.76247,71305900,FALSE
"BGD","Bangladesh","Asia","Lower middle income",1976,55.19509,0.75611,72999100,FALSE
"BGD","Bangladesh","Asia","Lower middle income",1977,56.80756,0.75818,74925900,FALSE
"BGD","Bangladesh","Asia","Lower middle income",1978,60.91617,0.79077,77033800,FALSE
"BGD","Bangladesh","Asia","Lower middle income",1979,63.55083,0.80204,79236800,FALSE
"BGD","Bangladesh","Asia","Lower middle income",1980,56.7762,0.69689,81470900,FALSE
"BGD","Bangladesh","Asia","Lower middle income",1981,57.73139,0.68957,83721300,FALSE
"BGD","Bangladesh","Asia","Lower middle income",1982,59.78203,0.69508,86007300,FALSE
"BGD","Bangladesh","Asia","Lower middle income",1983,60.12288,0.6806,88338200,FALSE
"BGD","Bangladesh","Asia","Lower middle income",1984,61.33682,0.67602,90732400,FALSE
"BGD","Bangladesh","Asia","Lower middle income",1985,63.63975,0.68283,93199900,FALSE
"BGD","Bangladesh","Asia","Lower middle income",1986,66.17339,0.69116,95742400,FALSE
"BGD","Bangladesh","Asia","Lower middle income",1987,67.76433,0.68906,98343800,FALSE
"BGD","Bangladesh","Asia","Lower middle income",1988,69.94921,0.69274,100975000,FALSE
"BGD","Bangladesh","Asia","Lower middle income",1989,73.35629,0.70808,103599000,FALSE
"BGD","Bangladesh","Asia","Lower middle income",1990,74.87447,0.70511,106189000,FALSE
"BGD","Bangladesh","Asia","Lower middle income",1991,74.98619,0.68967,108727000,FALSE
"BGD","Bangladesh","Asia","Lower middle income",1992,77.64912,0.69815,111222000,FALSE
"BGD","Bangladesh","Asia","Lower middle income",1993,79.41477,0.69849,113695000,FALSE
"BGD","Bangladesh","Asia","Lower middle income",1994,82.33946,0.70871,116182000,FALSE
"BGD","Bangladesh","Asia","Lower middle income",1995,88.46018,0.7452,118707000,FALSE
"BGD","Bangladesh","Asia","Lower middle income",1996,89.97175,0.74191,121270000,FALSE
"BGD","Bangladesh","Asia","Lower middle income",1997,92.5166,0.74698,123855000,FALSE
"BGD","Bangladesh","Asia","Lower middle income",1998,93.61627,0.74035,126448000,FALSE
"BGD","Bangladesh","Asia","Lower middle income",1999,98.30357,0.76187,129030000,FALSE
"BGD","Bangladesh","Asia","Lower middle income",2000,100.3526,0.76267,131581000,FALSE
"BGD","Bangladesh","Asia","Lower middle income",2001,106.95225,0.79751,134107000,FALSE
"BGD","Bangladesh","Asia","Lower middle income",2002,110.02428,0.80544,136601000,FALSE
"BGD","Bangladesh","Asia","Lower middle income",2003,112.99362,0.81279,139019000,FALSE
"BGD","Bangladesh","Asia","Lower middle income",2004,115.5867,0.81798,141307000,FALSE
"BGD","Bangladesh","Asia","Lower middle income",2005,119.67307,0.83436,143431000,FALSE
"BGD","Bangladesh","Asia","Lower middle income",2006,124.19895,0.85438,145368000,FALSE
"BGD","Bangladesh","Asia","Lower middle income",2007,128.73064,0.87489,147139000,FALSE
"BGD","Bangladesh","Asia","Lower middle income",2008,135.77095,0.9124,148806000,FALSE
"BGD","Bangladesh","Asia","Lower middle income",2009,140.71326,0.93525,150455000,FALSE
"BGD","Bangladesh","Asia","Lower middle income",2010,148.33055,0.9749,152149000,FALSE
"BGD","Bangladesh","Asia","Lower middle income",2011,153.31061,0.99609,153912000,FALSE
"BGD","Bangladesh","Asia","Lower middle income",2012,158.70518,1.01912,155727000,FALSE
"BGD","Bangladesh","Asia","Lower middle income",2013,161.79844,1.02683,157571000,FALSE
"BGD","Bangladesh","Asia","Lower middle income",2014,168.31197,1.05588,159405000,FALSE
"BGD","Bangladesh","Asia","Lower middle income",2015,177.46228,1.10088,161201000,FALSE
"BGD","Bangladesh","Asia","Lower middle income",2016,186.20981,1.14273,162952000,FALSE
"BGD","Bangladesh","Asia","Lower middle income",2017,195.45056,1.18692,164670000,FALSE
"BGD","Bangladesh","Asia","Lower middle income",2018,200.53896,1.20539,166368149,FALSE
"BGD","Bangladesh","Asia","Lower middle income",2019,205.74437,1.22419,168065920,FALSE
"BGD","Bangladesh","Asia","Lower middle income",2020,202.7429,1.19418,169775309,FALSE
"BGD","Bangladesh","Asia","Lower middle income",2021,219.36498,1.2791,171500000,FALSE
"BGD","Bangladesh","Asia","Lower middle income",2022,222.97936,1.28719,173229000,FALSE
"BGD","Bangladesh","Asia","Lower middle income",2023,215.83365,1.2337,174948000,FALSE
"BGD","Bangladesh","Asia","Lower middle income",2024,220.82672,1.25021,176631000,FALSE
"BGR","Bulgaria","Europe","High income",1970,89.31912,10.49889,8507480,TRUE
"BGR","Bulgaria","Europe","High income",1971,89.86461,10.49947,8558970,TRUE
"BGR","Bulgaria","Europe","High income",1972,92.778,10.77735,8608610,TRUE
"BGR","Bulgaria","Europe","High income",1973,93.89726,10.84806,8655670,TRUE
"BGR","Bulgaria","Europe","High income",1974,94.78539,10.89595,8699140,TRUE
"BGR","Bulgaria","Europe","High income",1975,101.28263,11.59058,8738360,TRUE
"BGR","Bulgaria","Europe","High income",1976,102.12832,11.64183,8772530,TRUE
"BGR","Bulgaria","Europe","High income",1977,105.09792,11.94038,8801890,TRUE
"BGR","Bulgaria","Europe","High income",1978,111.25421,12.60241,8828010,TRUE
"BGR","Bulgaria","Europe","High income",1979,115.21345,13.01378,8853190,TRUE
"BGR","Bulgaria","Europe","High income",1980,118.71732,13.37092,8878770,TRUE
"BGR","Bulgaria","Europe","High income",1981,115.1066,12.92596,8905070,TRUE
"BGR","Bulgaria","Europe","High income",1982,117.14297,13.11693,8930670,TRUE
"BGR","Bulgaria","Europe","High income",1983,116.04422,12.96139,8953070,TRUE
"BGR","Bulgaria","Europe","High income",1984,114.02343,12.71326,8968860,TRUE
"BGR","Bulgaria","Europe","High income",1985,115.49234,12.86781,8975290,TRUE
"BGR","Bulgaria","Europe","High income",1986,116.51997,12.98639,8972470,TRUE
"BGR","Bulgaria","Europe","High income",1987,116.58927,13.01151,8960470,TRUE
"BGR","Bulgaria","Europe","High income",1988,115.87966,12.96692,8936560,TRUE
"BGR","Bulgaria","Europe","High income",1989,113.96969,12.80925,8897450,TRUE
"BGR","Bulgaria","Europe","High income",1990,100.75462,11.39582,8841370,TRUE
"BGR","Bulgaria","Europe","High income",1991,83.49425,9.52382,8766890,TRUE
"BGR","Bulgaria","Europe","High income",1992,78.70447,9.07126,8676240,TRUE
"BGR","Bulgaria","Europe","High income",1993,77.43505,9.02939,8575890,TRUE
"BGR","Bulgaria","Europe","High income",1994,73.8981,8.71988,8474670,TRUE
"BGR","Bulgaria","Europe","High income",1995,74.81972,8.92924,8379180,TRUE
"BGR","Bulgaria","Europe","High income",1996,75.42008,9.09567,8291870,TRUE
"BGR","Bulgaria","Europe","High income",1997,72.52017,8.83129,8211730,TRUE
"BGR","Bulgaria","Europe","High income",1998,69.56599,8.54875,8137560,TRUE
"BGR","Bulgaria","Europe","High income",1999,62.50671,7.74856,8066880,TRUE
"BGR","Bulgaria","Europe","High income",2000,60.86456,7.61017,7997790,TRUE
"BGR","Bulgaria","Europe","High income",2001,62.84997,7.92505,7930550,TRUE
"BGR","Bulgaria","Europe","High income",2002,59.56128,7.5719,7866090,TRUE
"BGR","Bulgaria","Europe","High income",2003,65.69689,8.41849,7803880,TRUE
"BGR","Bulgaria","Europe","High income",2004,64.06247,8.27332,7743260,TRUE
"BGR","Bulgaria","Europe","High income",2005,64.97738,8.45646,7683760,TRUE
"BGR","Bulgaria","Europe","High income",2006,66.25188,8.68882,7624960,TRUE
"BGR","Bulgaria","Europe","High income",2007,70.03419,9.25527,7566950,TRUE
"BGR","Bulgaria","Europe","High income",2008,66.92476,8.91103,7510330,TRUE
"BGR","Bulgaria","Europe","High income",2009,58.66413,7.86801,7456030,TRUE
"BGR","Bulgaria","Europe","High income",2010,61.63971,8.32453,7404590,TRUE
"BGR","Bulgaria","Europe","High income",2011,67.30194,9.149,7356210,TRUE
"BGR","Bulgaria","Europe","High income",2012,62.43532,8.54064,7310380,TRUE
"BGR","Bulgaria","Europe","High income",2013,57.04642,7.85099,7266140,TRUE
"BGR","Bulgaria","Europe","High income",2014,60.52574,8.38057,7222150,TRUE
"BGR","Bulgaria","Europe","High income",2015,62.71858,8.73834,7177400,TRUE
"BGR","Bulgaria","Europe","High income",2016,60.30889,8.4567,7131490,TRUE
"BGR","Bulgaria","Europe","High income",2017,62.56829,8.83163,7084570,TRUE
"BGR","Bulgaria","Europe","High income",2018,59.35961,8.43554,7036848,TRUE
"BGR","Bulgaria","Europe","High income",2019,57.79355,8.26953,6988739,TRUE
"BGR","Bulgaria","Europe","High income",2020,52.58254,7.57616,6940527,TRUE
"BGR","Bulgaria","Europe","High income",2021,59.17194,8.5856,6892000,TRUE
"BGR","Bulgaria","Europe","High income",2022,62.7432,9.16762,6844000,TRUE
"BGR","Bulgaria","Europe","High income",2023,49.66467,7.31008,6794000,TRUE
"BGR","Bulgaria","Europe","High income",2024,46.67657,6.92017,6745000,TRUE
"BHR","Bahrain","Asia","High income",1970,18.6597,87.76699,212605,FALSE
"BHR","Bahrain","Asia","High income",1971,18.8209,85.42841,220312,FALSE
"BHR","Bahrain","Asia","High income",1972,19.67631,85.86464,229155,FALSE
"BHR","Bahrain","Asia","High income",1973,20.96172,87.51296,239527,FALSE
"BHR","Bahrain","Asia","High income",1974,22.47907,89.23419,251911,FALSE
"BHR","Bahrain","Asia","High income",1975,20.21093,75.82613,266543,FALSE
"BHR","Bahrain","Asia","High income",1976,21.14297,74.51215,283752,FALSE
"BHR","Bahrain","Asia","High income",1977,24.09931,79.48976,303175,FALSE
"BHR","Bahrain","Asia","High income",1978,23.87627,73.81226,323473,FALSE
"BHR","Bahrain","Asia","High income",1979,24.69223,72.03143,342798,FALSE
"BHR","Bahrain","Asia","High income",1980,24.55223,68.22186,359888,FALSE
"BHR","Bahrain","Asia","High income",1981,24.72977,66.10116,374120,FALSE
"BHR","Bahrain","Asia","High income",1982,24.85477,64.39895,385950,FALSE
"BHR","Bahrain","Asia","High income",1983,24.55003,61.92403,396454,FALSE
"BHR","Bahrain","Asia","High income",1984,24.68971,60.62887,407227,FALSE
"BHR","Bahrain","Asia","High income",1985,25.34072,60.41705,419430,FALSE
"BHR","Bahrain","Asia","High income",1986,27.71459,63.9348,433482,FALSE
"BHR","Bahrain","Asia","High income",1987,27.11246,60.38774,448973,FALSE
"BHR","Bahrain","Asia","High income",1988,28.09937,60.40252,465202,FALSE
"BHR","Bahrain","Asia","High income",1989,28.33242,58.89214,481090,FALSE
"BHR","Bahrain","Asia","High income",1990,29.0665,58.60997,495931,FALSE
"BHR","Bahrain","Asia","High income",1991,28.61599,56.13565,509765,FALSE
"BHR","Bahrain","Asia","High income",1992,32.8274,62.75706,523087,FALSE
"BHR","Bahrain","Asia","High income",1993,34.93095,65.1438,536213,FALSE
"BHR","Bahrain","Asia","High income",1994,34.87731,63.46084,549588,FALSE
"BHR","Bahrain","Asia","High income",1995,34.73847,61.62591,563699,FALSE
"BHR","Bahrain","Asia","High income",1996,36.0576,62.31138,578668,FALSE
"BHR","Bahrain","Asia","High income",1997,33.45156,56.22773,594930,FALSE
"BHR","Bahrain","Asia","High income",1998,34.97141,56.98435,613702,FALSE
"BHR","Bahrain","Asia","High income",1999,37.02865,58.1713,636545,FALSE
"BHR","Bahrain","Asia","High income",2000,37.58649,56.55386,664614,FALSE
"BHR","Bahrain","Asia","High income",2001,38.60969,55.3505,697549,FALSE
"BHR","Bahrain","Asia","High income",2002,38.11302,51.84401,735148,FALSE
"BHR","Bahrain","Asia","High income",2003,37.75971,48.49002,778711,FALSE
"BHR","Bahrain","Asia","High income",2004,37.6949,45.42386,829848,FALSE
"BHR","Bahrain","Asia","High income",2005,41.15233,46.28183,889168,FALSE
"BHR","Bahrain","Asia","High income",2006,42.76967,44.62546,958414,FALSE
"BHR","Bahrain","Asia","High income",2007,43.87991,42.35962,1035890,FALSE
"BHR","Bahrain","Asia","High income",2008,47.3692,42.49921,1114590,FALSE
"BHR","Bahrain","Asia","High income",2009,47.95216,40.46493,1185030,FALSE
"BHR","Bahrain","Asia","High income",2010,48.29423,38.91996,1240860,FALSE
"BHR","Bahrain","Asia","High income",2011,48.66251,38.06904,1278270,FALSE
"BHR","Bahrain","Asia","High income",2012,52.42562,40.32058,1300220,FALSE
"BHR","Bahrain","Asia","High income",2013,56.99492,43.32863,1315410,FALSE
"BHR","Bahrain","Asia","High income",2014,58.8157,44.01055,1336400,FALSE
"BHR","Bahrain","Asia","High income",2015,59.00531,43.01118,1371860,FALSE
"BHR","Bahrain","Asia","High income",2016,59.23953,41.56664,1425170,FALSE
"BHR","Bahrain","Asia","High income",2017,59.07591,39.57973,1492580,FALSE
"BHR","Bahrain","Asia","High income",2018,59.12879,37.73392,1566993,FALSE
"BHR","Bahrain","Asia","High income",2019,63.03721,38.4867,1637896,FALSE
"BHR","Bahrain","Asia","High income",2020,63.24635,37.25271,1697765,FALSE
"BHR","Bahrain","Asia","High income",2021,63.50617,36.41409,1744000,FALSE
"BHR","Bahrain","Asia","High income",2022,64.91335,36.4477,1781000,FALSE
"BHR","Bahrain","Asia","High income",2023,64.90221,35.89724,1808000,FALSE
"BHR","Bahrain","Asia","High income",2024,64.42218,35.1266,1834000,FALSE
"BHS","Bahamas","America","High income",1970,1.55974,9.20995,169354,FALSE
"BHS","Bahamas","America","High income",1971,1.59425,9.16959,173863,FALSE
"BHS","Bahamas","America","High income",1972,1.85947,10.45593,177839,FALSE
"BHS","Bahamas","America","High income",1973,1.85605,10.22683,181488,FALSE
"BHS","Bahamas","America","High income",1974,1.63833,8.85111,185099,FALSE
"BHS","Bahamas","America","High income",1975,1.67942,8.89137,188882,FALSE
"BHS","Bahamas","America","High income",1976,1.5033,7.79309,192902,FALSE
"BHS","Bahamas","America","High income",1977,1.65784,8.41068,197111,FALSE
"BHS","Bahamas","America","High income",1978,1.68199,8.34682,201513,FALSE
"BHS","Bahamas","America","High income",1979,1.73127,8.40294,206032,FALSE
"BHS","Bahamas","America","High income",1980,1.70965,8.11566,210661,FALSE
"BHS","Bahamas","America","High income",1981,1.52867,7.097,215396,FALSE
"BHS","Bahamas","America","High income",1982,1.28688,5.84213,220275,FALSE
"BHS","Bahamas","America","High income",1983,0.99397,4.41399,225187,FALSE
"BHS","Bahamas","America","High income",1984,0.98458,4.28049,230015,FALSE
"BHS","Bahamas","America","High income",1985,0.89654,3.82014,234687,FALSE
"BHS","Bahamas","America","High income",1986,0.9363,3.91543,239131,FALSE
"BHS","Bahamas","America","High income",1987,1.07823,4.43,243393,FALSE
"BHS","Bahamas","America","High income",1988,1.1028,4.45433,247579,FALSE
"BHS","Bahamas","America","High income",1989,1.2646,5.02125,251849,FALSE
"BHS","Bahamas","America","High income",1990,1.30716,5.0994,256336,FALSE
"BHS","Bahamas","America","High income",1991,1.20205,4.60351,261116,FALSE
"BHS","Bahamas","America","High income",1992,1.06711,4.00968,266134,FALSE
"BHS","Bahamas","America","High income",1993,1.09458,4.03657,271165,FALSE
"BHS","Bahamas","America","High income",1994,1.19466,4.33014,275895,FALSE
"BHS","Bahamas","America","High income",1995,1.35661,4.84244,280150,FALSE
"BHS","Bahamas","America","High income",1996,1.49637,5.27279,283790,FALSE
"BHS","Bahamas","America","High income",1997,1.51078,5.2646,286970,FALSE
"BHS","Bahamas","America","High income",1998,1.71185,5.9017,290060,FALSE
"BHS","Bahamas","America","High income",1999,1.56271,5.32308,293572,FALSE
"BHS","Bahamas","America","High income",2000,1.25842,4.22444,297890,FALSE
"BHS","Bahamas","America","High income",2001,1.25907,4.15348,303135,FALSE
"BHS","Bahamas","America","High income",2002,1.3599,4.39873,309157,FALSE
"BHS","Bahamas","America","High income",2003,1.08111,3.42398,315746,FALSE
"BHS","Bahamas","America","High income",2004,1.15521,3.58174,322526,FALSE
"BHS","Bahamas","America","High income",2005,1.14533,3.47861,329249,FALSE
"BHS","Bahamas","America","High income",2006,1.38856,4.13471,335830,FALSE
"BHS","Bahamas","America","High income",2007,1.6169,4.72326,342328,FALSE
"BHS","Bahamas","America","High income",2008,1.66911,4.78698,348676,FALSE
"BHS","Bahamas","America","High income",2009,1.43651,4.04814,354856,FALSE
"BHS","Bahamas","America","High income",2010,1.59277,4.41416,360832,FALSE
"BHS","Bahamas","America","High income",2011,1.17051,3.19315,366568,FALSE
"BHS","Bahamas","America","High income",2012,1.3375,3.59505,372039,FALSE
"BHS","Bahamas","America","High income",2013,1.42007,3.76437,377240,FALSE
"BHS","Bahamas","America","High income",2014,1.46665,3.8377,382169,FALSE
"BHS","Bahamas","America","High income",2015,1.45385,3.75829,386838,FALSE
"BHS","Bahamas","America","High income",2016,1.58456,4.05019,391232,FALSE
"BHS","Bahamas","America","High income",2017,1.7216,4.35451,395361,FALSE
"BHS","Bahamas","America","High income",2018,1.55392,3.89176,399285,FALSE
"BHS","Bahamas","America","High income",2019,1.80639,4.48129,403095,FALSE
"BHS","Bahamas","America","High income",2020,1.53073,3.7625,406839,FALSE
"BHS","Bahamas","America","High income",2021,1.81522,4.42736,410000,FALSE
"BHS","Bahamas","America","High income",2022,1.78003,4.29958,414000,FALSE
"BHS","Bahamas","America","High income",2023,1.78906,4.29032,417000,FALSE
"BHS","Bahamas","America","High income",2024,1.84387,4.37974,421000,FALSE
"BIH","Bosnia and Herzegovina","Europe","Upper middle income",1970,16.13352,4.29023,3760530,FALSE
"BIH","Bosnia and Herzegovina","Europe","Upper middle income",1971,16.48765,4.33284,3805280,FALSE
"BIH","Bosnia and Herzegovina","Europe","Upper middle income",1972,16.12035,4.18585,3851150,FALSE
"BIH","Bosnia and Herzegovina","Europe","Upper middle income",1973,17.34096,4.44953,3897260,FALSE
"BIH","Bosnia and Herzegovina","Europe","Upper middle income",1974,18.7415,4.75405,3942220,FALSE
"BIH","Bosnia and Herzegovina","Europe","Upper middle income",1975,19.29931,4.84287,3985100,FALSE
"BIH","Bosnia and Herzegovina","Europe","Upper middle income",1976,19.28807,4.79176,4025260,FALSE
"BIH","Bosnia and Herzegovina","Europe","Upper middle income",1977,19.86486,4.88898,4063190,FALSE
"BIH","Bosnia and Herzegovina","Europe","Upper middle income",1978,20.66339,5.03942,4100350,FALSE
"BIH","Bosnia and Herzegovina","Europe","Upper middle income",1979,21.39445,5.16921,4138820,FALSE
"BIH","Bosnia and Herzegovina","Europe","Upper middle income",1980,20.7964,4.97539,4179850,FALSE
"BIH","Bosnia and Herzegovina","Europe","Upper middle income",1981,22.88628,5.42007,4222510,FALSE
"BIH","Bosnia and Herzegovina","Europe","Upper middle income",1982,23.91846,5.60767,4265310,FALSE
"BIH","Bosnia and Herzegovina","Europe","Upper middle income",1983,25.35943,5.88644,4308110,FALSE
"BIH","Bosnia and Herzegovina","Europe","Upper middle income",1984,26.41286,6.07087,4350750,FALSE
"BIH","Bosnia and Herzegovina","Europe","Upper middle income",1985,27.48327,6.25739,4392130,FALSE
"BIH","Bosnia and Herzegovina","Europe","Upper middle income",1986,28.33687,6.38865,4435500,FALSE
"BIH","Bosnia and Herzegovina","Europe","Upper middle income",1987,26.78004,5.97966,4478520,FALSE
"BIH","Bosnia and Herzegovina","Europe","Upper middle income",1988,27.00101,5.9895,4508060,FALSE
"BIH","Bosnia and Herzegovina","Europe","Upper middle income",1989,27.30307,6.0584,4506650,FALSE
"BIH","Bosnia and Herzegovina","Europe","Upper middle income",1990,32.87181,7.36471,4463420,FALSE
"BIH","Bosnia and Herzegovina","Europe","Upper middle income",1991,29.79113,6.8147,4371600,FALSE
"BIH","Bosnia and Herzegovina","Europe","Upper middle income",1992,22.87634,5.39645,4239150,FALSE
"BIH","Bosnia and Herzegovina","Europe","Upper middle income",1993,19.56836,4.78678,4088000,FALSE
"BIH","Bosnia and Herzegovina","Europe","Upper middle income",1994,6.55144,1.65909,3948820,FALSE
"BIH","Bosnia and Herzegovina","Europe","Upper middle income",1995,6.56494,1.70797,3843710,FALSE
"BIH","Bosnia and Herzegovina","Europe","Upper middle income",1996,7.25857,1.92006,3780380,FALSE
"BIH","Bosnia and Herzegovina","Europe","Upper middle income",1997,12.55963,3.34707,3752430,FALSE
"BIH","Bosnia and Herzegovina","Europe","Upper middle income",1998,15.71878,4.19113,3750490,FALSE
"BIH","Bosnia and Herzegovina","Europe","Upper middle income",1999,16.14318,4.29441,3759120,FALSE
"BIH","Bosnia and Herzegovina","Europe","Upper middle income",2000,19.86754,5.27451,3766710,FALSE
"BIH","Bosnia and Herzegovina","Europe","Upper middle income",2001,19.40513,5.1455,3771280,FALSE
"BIH","Bosnia and Herzegovina","Europe","Upper middle income",2002,20.50385,5.43032,3775810,FALSE
"BIH","Bosnia and Herzegovina","Europe","Upper middle income",2003,20.92077,5.53569,3779250,FALSE
"BIH","Bosnia and Herzegovina","Europe","Upper middle income",2004,22.43376,5.93283,3781290,FALSE
"BIH","Bosnia and Herzegovina","Europe","Upper middle income",2005,23.18115,6.1301,3781530,FALSE
"BIH","Bosnia and Herzegovina","Europe","Upper middle income",2006,25.35592,6.70886,3779470,FALSE
"BIH","Bosnia and Herzegovina","Europe","Upper middle income",2007,26.61275,7.0516,3774000,FALSE
"BIH","Bosnia and Herzegovina","Europe","Upper middle income",2008,28.07495,7.4596,3763600,FALSE
"BIH","Bosnia and Herzegovina","Europe","Upper middle income",2009,27.8605,7.43629,3746560,FALSE
"BIH","Bosnia and Herzegovina","Europe","Upper middle income",2010,28.40902,7.63257,3722080,FALSE
"BIH","Bosnia and Herzegovina","Europe","Upper middle income",2011,31.69636,8.59245,3688860,FALSE
"BIH","Bosnia and Herzegovina","Europe","Upper middle income",2012,29.63933,8.12437,3648200,FALSE
"BIH","Bosnia and Herzegovina","Europe","Upper middle income",2013,29.40295,8.15616,3605000,FALSE
"BIH","Bosnia and Herzegovina","Europe","Upper middle income",2014,27.88598,7.81996,3566000,FALSE
"BIH","Bosnia and Herzegovina","Europe","Upper middle income",2015,27.84637,7.87519,3535960,FALSE
"BIH","Bosnia and Herzegovina","Europe","Upper middle income",2016,31.2525,8.88658,3516820,FALSE
"BIH","Bosnia and Herzegovina","Europe","Upper middle income",2017,31.85224,9.08242,3507020,FALSE
"BIH","Bosnia and Herzegovina","Europe","Upper middle income",2018,32.2559,9.20662,3503554,FALSE
"BIH","Bosnia and Herzegovina","Europe","Upper middle income",2019,30.55298,8.725,3501774,FALSE
"BIH","Bosnia and Herzegovina","Europe","Upper middle income",2020,30.47486,8.71156,3498210,FALSE
"BIH","Bosnia and Herzegovina","Europe","Upper middle income",2021,30.35171,8.69179,3492000,FALSE
"BIH","Bosnia and Herzegovina","Europe","Upper middle income",2022,30.0733,8.62935,3485000,FALSE
"BIH","Bosnia and Herzegovina","Europe","Upper middle income",2023,28.19945,8.11495,3475000,FALSE
"BIH","Bosnia and Herzegovina","Europe","Upper middle income",2024,27.62666,7.97306,3465000,FALSE
"BLR","Belarus","Europe","Upper middle income",1970,94.13829,10.48586,8977640,FALSE
"BLR","Belarus","Europe","Upper middle income",1971,95.32184,10.53138,9051220,FALSE
"BLR","Belarus","Europe","Upper middle income",1972,100.43143,11.01106,9120960,FALSE
"BLR","Belarus","Europe","Upper middle income",1973,107.37344,11.68669,9187670,FALSE
"BLR","Belarus","Europe","Upper middle income",1974,114.21052,12.34351,9252680,FALSE
"BLR","Belarus","Europe","Upper middle income",1975,120.48558,12.93187,9316950,FALSE
"BLR","Belarus","Europe","Upper middle income",1976,124.24918,13.24555,9380450,FALSE
"BLR","Belarus","Europe","Upper middle income",1977,127.43364,13.49504,9443000,FALSE
"BLR","Belarus","Europe","Upper middle income",1978,131.6298,13.84782,9505450,FALSE
"BLR","Belarus","Europe","Upper middle income",1979,135.17645,14.12667,9568880,FALSE
"BLR","Belarus","Europe","Upper middle income",1980,138.73917,14.40116,9633890,FALSE
"BLR","Belarus","Europe","Upper middle income",1981,140.47586,14.48167,9700250,FALSE
"BLR","Belarus","Europe","Upper middle income",1982,141.35717,14.47255,9767260,FALSE
"BLR","Belarus","Europe","Upper middle income",1983,142.5417,14.49416,9834420,FALSE
"BLR","Belarus","Europe","Upper middle income",1984,142.43588,14.38594,9901050,FALSE
"BLR","Belarus","Europe","Upper middle income",1985,142.59699,14.30813,9966150,FALSE
"BLR","Belarus","Europe","Upper middle income",1986,143.04204,14.26128,10030100,FALSE
"BLR","Belarus","Europe","Upper middle income",1987,143.92805,14.26216,10091600,FALSE
"BLR","Belarus","Europe","Upper middle income",1988,141.73817,13.96903,10146600,FALSE
"BLR","Belarus","Europe","Upper middle income",1989,138.49799,13.59209,10189600,FALSE
"BLR","Belarus","Europe","Upper middle income",1990,144.97128,14.1895,10216800,FALSE
"BLR","Belarus","Europe","Upper middle income",1991,140.09173,13.69889,10226500,FALSE
"BLR","Belarus","Europe","Upper middle income",1992,128.47002,12.57057,10219900,FALSE
"BLR","Belarus","Europe","Upper middle income",1993,114.31857,11.20715,10200500,FALSE
"BLR","Belarus","Europe","Upper middle income",1994,100.76199,9.90446,10173400,FALSE
"BLR","Belarus","Europe","Upper middle income",1995,92.07189,9.07801,10142300,FALSE
"BLR","Belarus","Europe","Upper middle income",1996,91.93173,9.09396,10109100,FALSE
"BLR","Belarus","Europe","Upper middle income",1997,91.91723,9.12502,10073100,FALSE
"BLR","Belarus","Europe","Upper middle income",1998,90.29202,8.99941,10033100,FALSE
"BLR","Belarus","Europe","Upper middle income",1999,87.73984,8.78547,9986930,FALSE
"BLR","Belarus","Europe","Upper middle income",2000,84.98026,8.55482,9933610,FALSE
"BLR","Belarus","Europe","Upper middle income",2001,83.59915,8.46749,9872960,FALSE
"BLR","Belarus","Europe","Upper middle income",2002,83.45178,8.5093,9807130,FALSE
"BLR","Belarus","Europe","Upper middle income",2003,83.82546,8.60627,9740050,FALSE
"BLR","Belarus","Europe","Upper middle income",2004,87.23578,9.01485,9676900,FALSE
"BLR","Belarus","Europe","Upper middle income",2005,87.96243,9.14224,9621540,FALSE
"BLR","Belarus","Europe","Upper middle income",2006,90.82914,9.48603,9575040,FALSE
"BLR","Belarus","Europe","Upper middle income",2007,89.57935,9.39296,9536860,FALSE
"BLR","Belarus","Europe","Upper middle income",2008,96.34271,10.13352,9507330,FALSE
"BLR","Belarus","Europe","Upper middle income",2009,93.48394,9.85469,9486240,FALSE
"BLR","Belarus","Europe","Upper middle income",2010,98.52214,10.40023,9473070,FALSE
"BLR","Belarus","Europe","Upper middle income",2011,96.13635,10.15328,9468500,FALSE
"BLR","Belarus","Europe","Upper middle income",2012,97.81612,10.32717,9471730,FALSE
"BLR","Belarus","Europe","Upper middle income",2013,98.19573,10.3594,9478900,FALSE
"BLR","Belarus","Europe","Upper middle income",2014,97.47391,10.2768,9484850,FALSE
"BLR","Belarus","Europe","Upper middle income",2015,92.58798,9.76072,9485770,FALSE
"BLR","Belarus","Europe","Upper middle income",2016,91.70338,9.67331,9480040,FALSE
"BLR","Belarus","Europe","Upper middle income",2017,93.45913,9.8707,9468340,FALSE
"BLR","Belarus","Europe","Upper middle income",2018,96.67754,10.22814,9452113,FALSE
"BLR","Belarus","Europe","Upper middle income",2019,94.42817,10.00948,9433874,FALSE
"BLR","Belarus","Europe","Upper middle income",2020,91.71811,9.74125,9415431,FALSE
"BLR","Belarus","Europe","Upper middle income",2021,91.89157,9.77882,9397000,FALSE
"BLR","Belarus","Europe","Upper middle income",2022,89.20303,9.51195,9378000,FALSE
"BLR","Belarus","Europe","Upper middle income",2023,86.93305,9.2897,9358000,FALSE
"BLR","Belarus","Europe","Upper middle income",2024,87.49136,9.3714,9336000,FALSE
"BLZ","Belize","America","Upper middle income",1970,0.24146,1.97623,122182,FALSE
"BLZ","Belize","America","Upper middle income",1971,0.2559,2.05063,124793,FALSE
"BLZ","Belize","America","Upper middle income",1972,0.27366,2.15222,127150,FALSE
"BLZ","Belize","America","Upper middle income",1973,0.28026,2.16761,129294,FALSE
"BLZ","Belize","America","Upper middle income",1974,0.28187,2.14669,131307,FALSE
"BLZ","Belize","America","Upper middle income",1975,0.29964,2.24851,133260,FALSE
"BLZ","Belize","America","Upper middle income",1976,0.29426,2.17735,135147,FALSE
"BLZ","Belize","America","Upper middle income",1977,0.31002,2.2631,136989,FALSE
"BLZ","Belize","America","Upper middle income",1978,0.31407,2.26003,138965,FALSE
"BLZ","Belize","America","Upper middle income",1979,0.31572,2.23432,141305,FALSE
"BLZ","Belize","America","Upper middle income",1980,0.31918,2.21418,144155,FALSE
"BLZ","Belize","America","Upper middle income",1981,0.31538,2.13724,147566,FALSE
"BLZ","Belize","America","Upper middle income",1982,0.31575,2.08416,151500,FALSE
"BLZ","Belize","America","Upper middle income",1983,0.34097,2.18823,155822,FALSE
"BLZ","Belize","America","Upper middle income",1984,0.33259,2.07416,160347,FALSE
"BLZ","Belize","America","Upper middle income",1985,0.331,2.00702,164921,FALSE
"BLZ","Belize","America","Upper middle income",1986,0.35801,2.11128,169568,FALSE
"BLZ","Belize","America","Upper middle income",1987,0.34531,1.9809,174320,FALSE
"BLZ","Belize","America","Upper middle income",1988,0.33688,1.8817,179028,FALSE
"BLZ","Belize","America","Upper middle income",1989,0.37737,2.05683,183469,FALSE
"BLZ","Belize","America","Upper middle income",1990,0.43739,2.33211,187552,FALSE
"BLZ","Belize","America","Upper middle income",1991,0.45534,2.38239,191126,FALSE
"BLZ","Belize","America","Upper middle income",1992,0.45441,2.33851,194317,FALSE
"BLZ","Belize","America","Upper middle income",1993,0.43387,2.19553,197616,FALSE
"BLZ","Belize","America","Upper middle income",1994,0.43713,2.16753,201674,FALSE
"BLZ","Belize","America","Upper middle income",1995,0.4193,2.02599,206963,FALSE
"BLZ","Belize","America","Upper middle income",1996,0.40156,1.87929,213676,FALSE
"BLZ","Belize","America","Upper middle income",1997,0.49571,2.23692,221606,FALSE
"BLZ","Belize","America","Upper middle income",1998,0.51639,2.24241,230284,FALSE
"BLZ","Belize","America","Upper middle income",1999,0.5359,2.24203,239026,FALSE
"BLZ","Belize","America","Upper middle income",2000,0.47111,1.9049,247315,FALSE
"BLZ","Belize","America","Upper middle income",2001,0.49274,1.93244,254984,FALSE
"BLZ","Belize","America","Upper middle income",2002,0.50545,1.92768,262206,FALSE
"BLZ","Belize","America","Upper middle income",2003,0.53462,1.98646,269130,FALSE
"BLZ","Belize","America","Upper middle income",2004,0.51393,1.86146,276089,FALSE
"BLZ","Belize","America","Upper middle income",2005,0.5377,1.89815,283277,FALSE
"BLZ","Belize","America","Upper middle income",2006,0.63153,2.17211,290747,FALSE
"BLZ","Belize","America","Upper middle income",2007,0.65948,2.21,298407,FALSE
"BLZ","Belize","America","Upper middle income",2008,0.67127,2.19251,306165,FALSE
"BLZ","Belize","America","Upper middle income",2009,0.72926,2.32299,313929,FALSE
"BLZ","Belize","America","Upper middle income",2010,0.77093,2.39711,321608,FALSE
"BLZ","Belize","America","Upper middle income",2011,0.74141,2.25221,329192,FALSE
"BLZ","Belize","America","Upper middle income",2012,0.71633,2.12749,336701,FALSE
"BLZ","Belize","America","Upper middle income",2013,0.78082,2.26864,344181,FALSE
"BLZ","Belize","America","Upper middle income",2014,0.73661,2.09446,351694,FALSE
"BLZ","Belize","America","Upper middle income",2015,0.79042,2.19996,359288,FALSE
"BLZ","Belize","America","Upper middle income",2016,0.81472,2.22022,366954,FALSE
"BLZ","Belize","America","Upper middle income",2017,0.85626,2.2853,374681,FALSE
"BLZ","Belize","America","Upper middle income",2018,0.85688,2.24053,382444,FALSE
"BLZ","Belize","America","Upper middle income",2019,0.99106,2.53969,390231,FALSE
"BLZ","Belize","America","Upper middle income",2020,0.91754,2.30534,398007,FALSE
"BLZ","Belize","America","Upper middle income",2021,0.94225,2.32655,405000,FALSE
"BLZ","Belize","America","Upper middle income",2022,0.9734,2.3512,414000,FALSE
"BLZ","Belize","America","Upper middle income",2023,1.00117,2.37807,421000,FALSE
"BLZ","Belize","America","Upper middle income",2024,1.03468,2.41185,429000,FALSE
"BMU","Bermuda","America","High income",1970,0.16079,3.07513,52286,FALSE
"BMU","Bermuda","America","High income",1971,0.16241,3.07273,52856,FALSE
"BMU","Bermuda","America","High income",1972,0.19328,3.61749,53430,FALSE
"BMU","Bermuda","America","High income",1973,0.19468,3.60664,53978,FALSE
"BMU","Bermuda","America","High income",1974,0.17539,3.21768,54508,FALSE
"BMU","Bermuda","America","High income",1975,0.20839,3.78965,54990,FALSE
"BMU","Bermuda","America","High income",1976,0.19118,3.44895,55431,FALSE
"BMU","Bermuda","America","High income",1977,0.20916,3.74502,55849,FALSE
"BMU","Bermuda","America","High income",1978,0.20938,3.72316,56236,FALSE
"BMU","Bermuda","America","High income",1979,0.20768,3.66817,56616,FALSE
"BMU","Bermuda","America","High income",1980,0.20617,3.61752,56992,FALSE
"BMU","Bermuda","America","High income",1981,0.1792,3.12348,57371,FALSE
"BMU","Bermuda","America","High income",1982,0.17797,3.08189,57746,FALSE
"BMU","Bermuda","America","High income",1983,0.18355,3.15732,58134,FALSE
"BMU","Bermuda","America","High income",1984,0.1969,3.36441,58525,FALSE
"BMU","Bermuda","America","High income",1985,0.19249,3.26697,58920,FALSE
"BMU","Bermuda","America","High income",1986,0.18885,3.18329,59324,FALSE
"BMU","Bermuda","America","High income",1987,0.27614,4.62305,59731,FALSE
"BMU","Bermuda","America","High income",1988,0.32036,5.32686,60140,FALSE
"BMU","Bermuda","America","High income",1989,0.39324,6.49572,60538,FALSE
"BMU","Bermuda","America","High income",1990,0.28194,4.62723,60930,FALSE
"BMU","Bermuda","America","High income",1991,0.2568,4.18836,61312,FALSE
"BMU","Bermuda","America","High income",1992,0.20789,3.37064,61677,FALSE
"BMU","Bermuda","America","High income",1993,0.22934,3.69701,62034,FALSE
"BMU","Bermuda","America","High income",1994,0.22747,3.64639,62381,FALSE
"BMU","Bermuda","America","High income",1995,0.22863,3.64661,62696,FALSE
"BMU","Bermuda","America","High income",1996,0.2326,3.69294,62986,FALSE
"BMU","Bermuda","America","High income",1997,0.23841,3.76883,63259,FALSE
"BMU","Bermuda","America","High income",1998,0.2438,3.83864,63511,FALSE
"BMU","Bermuda","America","High income",1999,0.24684,3.87101,63767,FALSE
"BMU","Bermuda","America","High income",2000,0.17757,2.77331,64028,FALSE
"BMU","Bermuda","America","High income",2001,0.17603,2.73665,64323,FALSE
"BMU","Bermuda","America","High income",2002,0.19321,2.99038,64610,FALSE
"BMU","Bermuda","America","High income",2003,0.19885,3.0653,64870,FALSE
"BMU","Bermuda","America","High income",2004,0.20085,3.08699,65065,FALSE
"BMU","Bermuda","America","High income",2005,0.21427,3.28991,65130,FALSE
"BMU","Bermuda","America","High income",2006,0.26097,4.01106,65063,FALSE
"BMU","Bermuda","America","High income",2007,0.30754,4.73931,64892,FALSE
"BMU","Bermuda","America","High income",2008,0.30944,4.78829,64625,FALSE
"BMU","Bermuda","America","High income",2009,0.27349,4.25307,64303,FALSE
"BMU","Bermuda","America","High income",2010,0.33891,5.29907,63956,FALSE
"BMU","Bermuda","America","High income",2011,0.17968,2.82607,63581,FALSE
"BMU","Bermuda","America","High income",2012,0.20431,3.23389,63179,FALSE
"BMU","Bermuda","America","High income",2013,0.22475,3.58048,62771,FALSE
"BMU","Bermuda","America","High income",2014,0.30078,4.8216,62382,FALSE
"BMU","Bermuda","America","High income",2015,0.25858,4.17041,62003,FALSE
"BMU","Bermuda","America","High income",2016,0.34106,5.5308,61666,FALSE
"BMU","Bermuda","America","High income",2017,0.31408,5.11955,61349,FALSE
"BMU","Bermuda","America","High income",2018,0.32899,5.38712,61070,FALSE
"BMU","Bermuda","America","High income",2019,0.33002,5.42508,60833,FALSE
"BMU","Bermuda","America","High income",2020,0.23998,3.95754,60639,FALSE
"BMU","Bermuda","America","High income",2021,0.27075,4.51252,60000,FALSE
"BMU","Bermuda","America","High income",2022,0.28368,4.72808,60000,FALSE
"BMU","Bermuda","America","High income",2023,0.29679,4.94642,60000,FALSE
"BMU","Bermuda","America","High income",2024,0.30568,5.09462,60000,FALSE
"BOL","Bolivia","America","Lower middle income",1970,26.78822,5.9453,4505780,FALSE
"BOL","Bolivia","America","Lower middle income",1971,27.83531,6.05038,4600590,FALSE
"BOL","Bolivia","America","Lower middle income",1972,32.47396,6.91218,4698080,FALSE
"BOL","Bolivia","America","Lower middle income",1973,34.04826,7.09559,4798510,FALSE
"BOL","Bolivia","America","Lower middle income",1974,33.85651,6.90643,4902170,FALSE
"BOL","Bolivia","America","Lower middle income",1975,32.58166,6.50429,5009260,FALSE
"BOL","Bolivia","America","Lower middle income",1976,33.94847,6.63078,5119830,FALSE
"BOL","Bolivia","America","Lower middle income",1977,31.68937,6.05489,5233680,FALSE
"BOL","Bolivia","America","Lower middle income",1978,32.80783,6.13194,5350320,FALSE
"BOL","Bolivia","America","Lower middle income",1979,30.78753,5.62934,5469120,FALSE
"BOL","Bolivia","America","Lower middle income",1980,30.10271,5.38551,5589570,FALSE
"BOL","Bolivia","America","Lower middle income",1981,27.91019,4.88658,5711600,FALSE
"BOL","Bolivia","America","Lower middle income",1982,29.24959,5.01263,5835180,FALSE
"BOL","Bolivia","America","Lower middle income",1983,30.13439,5.05614,5959960,FALSE
"BOL","Bolivia","America","Lower middle income",1984,28.39287,4.66566,6085500,FALSE
"BOL","Bolivia","America","Lower middle income",1985,28.63467,4.60991,6211550,FALSE
"BOL","Bolivia","America","Lower middle income",1986,26.34042,4.15602,6337890,FALSE
"BOL","Bolivia","America","Lower middle income",1987,27.45943,4.24758,6464730,FALSE
"BOL","Bolivia","America","Lower middle income",1988,28.18806,4.27559,6592790,FALSE
"BOL","Bolivia","America","Lower middle income",1989,29.83052,4.43705,6723050,FALSE
"BOL","Bolivia","America","Lower middle income",1990,29.4299,4.29243,6856240,FALSE
"BOL","Bolivia","America","Lower middle income",1991,31.31167,4.47788,6992520,FALSE
"BOL","Bolivia","America","Lower middle income",1992,32.62847,4.57513,7131710,FALSE
"BOL","Bolivia","America","Lower middle income",1993,34.94655,4.80443,7273820,FALSE
"BOL","Bolivia","America","Lower middle income",1994,37.03429,4.99191,7418860,FALSE
"BOL","Bolivia","America","Lower middle income",1995,29.43846,3.89052,7566710,FALSE
"BOL","Bolivia","America","Lower middle income",1996,29.46119,3.81748,7717440,FALSE
"BOL","Bolivia","America","Lower middle income",1997,33.88909,4.30565,7870850,FALSE
"BOL","Bolivia","America","Lower middle income",1998,31.3939,3.9114,8026250,FALSE
"BOL","Bolivia","America","Lower middle income",1999,30.55093,3.7336,8182710,FALSE
"BOL","Bolivia","America","Lower middle income",2000,29.99532,3.59677,8339510,FALSE
"BOL","Bolivia","America","Lower middle income",2001,28.58818,3.36475,8496380,FALSE
"BOL","Bolivia","America","Lower middle income",2002,29.75553,3.43862,8653340,FALSE
"BOL","Bolivia","America","Lower middle income",2003,30.78208,3.49383,8810420,FALSE
"BOL","Bolivia","America","Lower middle income",2004,32.10939,3.58054,8967740,FALSE
"BOL","Bolivia","America","Lower middle income",2005,32.70465,3.58391,9125410,FALSE
"BOL","Bolivia","America","Lower middle income",2006,33.83775,3.645,9283330,FALSE
"BOL","Bolivia","America","Lower middle income",2007,35.84694,3.79677,9441440,FALSE
"BOL","Bolivia","America","Lower middle income",2008,37.05831,3.8603,9599850,FALSE
"BOL","Bolivia","America","Lower middle income",2009,38.45876,3.94095,9758750,FALSE
"BOL","Bolivia","America","Lower middle income",2010,41.82061,4.21654,9918240,FALSE
"BOL","Bolivia","America","Lower middle income",2011,42.67733,4.23458,10078300,FALSE
"BOL","Bolivia","America","Lower middle income",2012,44.50684,4.3468,10239000,FALSE
"BOL","Bolivia","America","Lower middle income",2013,46.31153,4.4529,10400300,FALSE
"BOL","Bolivia","America","Lower middle income",2014,47.36715,4.48459,10562200,FALSE
"BOL","Bolivia","America","Lower middle income",2015,48.38408,4.51146,10724700,FALSE
"BOL","Bolivia","America","Lower middle income",2016,50.11086,4.60244,10887900,FALSE
"BOL","Bolivia","America","Lower middle income",2017,50.7729,4.59417,11051600,FALSE
"BOL","Bolivia","America","Lower middle income",2018,51.47401,4.58947,11215674,FALSE
"BOL","Bolivia","America","Lower middle income",2019,52.39567,4.60424,11379861,FALSE
"BOL","Bolivia","America","Lower middle income",2020,49.24306,4.26569,11543982,FALSE
"BOL","Bolivia","America","Lower middle income",2021,53.38562,4.55976,11708000,FALSE
"BOL","Bolivia","America","Lower middle income",2022,55.43203,4.66914,11872000,FALSE
"BOL","Bolivia","America","Lower middle income",2023,57.21283,4.75387,12035000,FALSE
"BOL","Bolivia","America","Lower middle income",2024,63.7572,5.22686,12198000,FALSE
"BRA","Brazil","America","Upper middle income",1970,336.33712,3.52825,95326800,FALSE
"BRA","Brazil","America","Upper middle income",1971,342.45556,3.50413,97729000,FALSE
"BRA","Brazil","America","Upper middle income",1972,363.45367,3.62931,100144000,FALSE
"BRA","Brazil","America","Upper middle income",1973,390.36881,3.80536,102584000,FALSE
"BRA","Brazil","America","Upper middle income",1974,417.56904,3.97424,105069000,FALSE
"BRA","Brazil","America","Upper middle income",1975,439.39467,4.08314,107612000,FALSE
"BRA","Brazil","America","Upper middle income",1976,474.98011,4.30966,110213000,FALSE
"BRA","Brazil","America","Upper middle income",1977,492.90923,4.36713,112868000,FALSE
"BRA","Brazil","America","Upper middle income",1978,506.69882,4.38404,115578000,FALSE
"BRA","Brazil","America","Upper middle income",1979,530.30619,4.48109,118343000,FALSE
"BRA","Brazil","America","Upper middle income",1980,557.59192,4.60211,121160000,FALSE
"BRA","Brazil","America","Upper middle income",1981,543.51513,4.38209,124031000,FALSE
"BRA","Brazil","America","Upper middle income",1982,551.02651,4.3406,126947000,FALSE
"BRA","Brazil","America","Upper middle income",1983,546.61133,4.20852,129882000,FALSE
"BRA","Brazil","America","Upper middle income",1984,567.56536,4.2738,132801000,FALSE
"BRA","Brazil","America","Upper middle income",1985,586.49211,4.32274,135676000,FALSE
"BRA","Brazil","America","Upper middle income",1986,618.19007,4.4635,138499000,FALSE
"BRA","Brazil","America","Upper middle income",1987,634.8409,4.49372,141273000,FALSE
"BRA","Brazil","America","Upper middle income",1988,650.31353,4.516,144002000,FALSE
"BRA","Brazil","America","Upper middle income",1989,660.05901,4.49963,146692000,FALSE
"BRA","Brazil","America","Upper middle income",1990,649.23599,4.34702,149352000,FALSE
"BRA","Brazil","America","Upper middle income",1991,676.33697,4.45026,151977000,FALSE
"BRA","Brazil","America","Upper middle income",1992,697.80574,4.51467,154564000,FALSE
"BRA","Brazil","America","Upper middle income",1993,723.73534,4.60588,157133000,FALSE
"BRA","Brazil","America","Upper middle income",1994,752.79567,4.71366,159705000,FALSE
"BRA","Brazil","America","Upper middle income",1995,789.78056,4.86627,162297000,FALSE
"BRA","Brazil","America","Upper middle income",1996,794.46382,4.81747,164913000,FALSE
"BRA","Brazil","America","Upper middle income",1997,818.73156,4.88664,167545000,FALSE
"BRA","Brazil","America","Upper middle income",1998,833.85771,4.90012,170171000,FALSE
"BRA","Brazil","America","Upper middle income",1999,849.05362,4.91467,172759000,FALSE
"BRA","Brazil","America","Upper middle income",2000,870.33408,4.96517,175288000,FALSE
"BRA","Brazil","America","Upper middle income",2001,882.10052,4.96256,177751000,FALSE
"BRA","Brazil","America","Upper middle income",2002,904.52604,5.02093,180151000,FALSE
"BRA","Brazil","America","Upper middle income",2003,934.41984,5.12061,182482000,FALSE
"BRA","Brazil","America","Upper middle income",2004,983.41868,5.32332,184738000,FALSE
"BRA","Brazil","America","Upper middle income",2005,1000.64487,5.35342,186917000,FALSE
"BRA","Brazil","America","Upper middle income",2006,1004.57914,5.3149,189012000,FALSE
"BRA","Brazil","America","Upper middle income",2007,1024.21021,5.3616,191027000,FALSE
"BRA","Brazil","America","Upper middle income",2008,1057.60671,5.48042,192979000,FALSE
"BRA","Brazil","America","Upper middle income",2009,1032.20579,5.29619,194896000,FALSE
"BRA","Brazil","America","Upper middle income",2010,1110.02709,5.6405,196796000,FALSE
"BRA","Brazil","America","Upper middle income",2011,1146.64955,5.77114,198687000,FALSE
"BRA","Brazil","America","Upper middle income",2012,1180.00879,5.88354,200561000,FALSE
"BRA","Brazil","America","Upper middle income",2013,1215.94309,6.00736,202409000,FALSE
"BRA","Brazil","America","Upper middle income",2014,1248.6093,6.11425,204213000,FALSE
"BRA","Brazil","America","Upper middle income",2015,1233.2232,5.98762,205962000,FALSE
"BRA","Brazil","America","Upper middle income",2016,1208.3076,5.81888,207653000,FALSE
"BRA","Brazil","America","Upper middle income",2017,1219.23886,5.82565,209288000,FALSE
"BRA","Brazil","America","Upper middle income",2018,1195.92137,5.67142,210867954,FALSE
"BRA","Brazil","America","Upper middle income",2019,1200.30604,5.65135,212392717,FALSE
"BRA","Brazil","America","Upper middle income",2020,1196.00999,5.59241,213863046,FALSE
"BRA","Brazil","America","Upper middle income",2021,1277.18704,5.93273,215278000,FALSE
"BRA","Brazil","America","Upper middle income",2022,1278.54217,5.9018,216636000,FALSE
"BRA","Brazil","America","Upper middle income",2023,1297.17075,5.95204,217937000,FALSE
"BRA","Brazil","America","Upper middle income",2024,1299.18021,5.9274,219182000,FALSE
"BRB","Barbados","America","High income",1970,0.60528,2.53417,238848,FALSE
"BRB","Barbados","America","High income",1971,0.61392,2.55764,240035,FALSE
"BRB","Barbados","America","High income",1972,0.66691,2.76221,241441,FALSE
"BRB","Barbados","America","High income",1973,0.67569,2.7809,242976,FALSE
"BRB","Barbados","America","High income",1974,0.63178,2.58357,244539,FALSE
"BRB","Barbados","America","High income",1975,0.67931,2.76105,246034,FALSE
"BRB","Barbados","America","High income",1976,0.65447,2.64492,247444,FALSE
"BRB","Barbados","America","High income",1977,0.70752,2.84392,248784,FALSE
"BRB","Barbados","America","High income",1978,0.71125,2.84462,250032,FALSE
"BRB","Barbados","America","High income",1979,0.71479,2.84578,251177,FALSE
"BRB","Barbados","America","High income",1980,0.72635,2.88012,252194,FALSE
"BRB","Barbados","America","High income",1981,0.71164,2.81192,253080,FALSE
"BRB","Barbados","America","High income",1982,0.69362,2.73251,253841,FALSE
"BRB","Barbados","America","High income",1983,0.70402,2.76609,254518,FALSE
"BRB","Barbados","America","High income",1984,0.70231,2.75206,255193,FALSE
"BRB","Barbados","America","High income",1985,0.76412,2.98575,255924,FALSE
"BRB","Barbados","America","High income",1986,0.79358,3.09104,256736,FALSE
"BRB","Barbados","America","High income",1987,0.7504,2.91291,257611,FALSE
"BRB","Barbados","America","High income",1988,0.76183,2.9468,258527,FALSE
"BRB","Barbados","America","High income",1989,0.84129,3.24249,259458,FALSE
"BRB","Barbados","America","High income",1990,0.85618,3.28827,260374,FALSE
"BRB","Barbados","America","High income",1991,0.82757,3.16744,261275,FALSE
"BRB","Barbados","America","High income",1992,0.81563,3.1109,262184,FALSE
"BRB","Barbados","America","High income",1993,0.77681,2.95264,263089,FALSE
"BRB","Barbados","America","High income",1994,0.76477,2.89668,264015,FALSE
"BRB","Barbados","America","High income",1995,0.77665,2.9312,264959,FALSE
"BRB","Barbados","America","High income",1996,0.76982,2.8947,265942,FALSE
"BRB","Barbados","America","High income",1997,0.86662,3.24643,266945,FALSE
"BRB","Barbados","America","High income",1998,0.93318,3.48268,267950,FALSE
"BRB","Barbados","America","High income",1999,0.96718,3.5965,268922,FALSE
"BRB","Barbados","America","High income",2000,0.83929,3.11023,269847,FALSE
"BRB","Barbados","America","High income",2001,0.80108,2.95945,270685,FALSE
"BRB","Barbados","America","High income",2002,0.82921,3.05442,271478,FALSE
"BRB","Barbados","America","High income",2003,0.85834,3.15269,272258,FALSE
"BRB","Barbados","America","High income",2004,0.85296,3.12334,273091,FALSE
"BRB","Barbados","America","High income",2005,0.86662,3.16274,274009,FALSE
"BRB","Barbados","America","High income",2006,0.90414,3.28733,275039,FALSE
"BRB","Barbados","America","High income",2007,0.87237,3.15903,276150,FALSE
"BRB","Barbados","America","High income",2008,0.99404,3.58447,277319,FALSE
"BRB","Barbados","America","High income",2009,1.00341,3.60328,278470,FALSE
"BRB","Barbados","America","High income",2010,1.02124,3.6529,279569,FALSE
"BRB","Barbados","America","High income",2011,0.88002,3.1362,280601,FALSE
"BRB","Barbados","America","High income",2012,0.83988,2.9827,281585,FALSE
"BRB","Barbados","America","High income",2013,0.92402,3.27076,282509,FALSE
"BRB","Barbados","America","High income",2014,0.86086,3.03776,283385,FALSE
"BRB","Barbados","America","High income",2015,0.9126,3.21094,284217,FALSE
"BRB","Barbados","America","High income",2016,0.96737,3.39434,284996,FALSE
"BRB","Barbados","America","High income",2017,0.87779,3.0722,285719,FALSE
"BRB","Barbados","America","High income",2018,0.97656,3.40991,286388,FALSE
"BRB","Barbados","America","High income",2019,1.06725,3.71851,287010,FALSE
"BRB","Barbados","America","High income",2020,0.86548,3.00964,287568,FALSE
"BRB","Barbados","America","High income",2021,0.85114,2.95533,288000,FALSE
"BRB","Barbados","America","High income",2022,0.89076,3.09291,288000,FALSE
"BRB","Barbados","America","High income",2023,0.88888,3.07571,289000,FALSE
"BRB","Barbados","America","High income",2024,0.91205,3.1559,289000,FALSE
"BRN","Brunei","Asia","High income",1970,2.71419,20.94559,129583,FALSE
"BRN","Brunei","Asia","High income",1971,2.55905,18.85452,135726,FALSE
"BRN","Brunei","Asia","High income",1972,3.13193,22.0445,142073,FALSE
"BRN","Brunei","Asia","High income",1973,3.95031,26.59065,148560,FALSE
"BRN","Brunei","Asia","High income",1974,4.11354,26.52035,155109,FALSE
"BRN","Brunei","Asia","High income",1975,4.26485,26.37978,161671,FALSE
"BRN","Brunei","Asia","High income",1976,5.02538,29.87315,168224,FALSE
"BRN","Brunei","Asia","High income",1977,5.20538,29.78366,174773,FALSE
"BRN","Brunei","Asia","High income",1978,5.31826,29.34099,181257,FALSE
"BRN","Brunei","Asia","High income",1979,5.1212,27.29034,187656,FALSE
"BRN","Brunei","Asia","High income",1980,5.99581,30.91437,193949,FALSE
"BRN","Brunei","Asia","High income",1981,4.94419,24.71045,200085,FALSE
"BRN","Brunei","Asia","High income",1982,5.29108,25.66889,206128,FALSE
"BRN","Brunei","Asia","High income",1983,5.68029,26.77667,212136,FALSE
"BRN","Brunei","Asia","High income",1984,5.49886,25.19787,218227,FALSE
"BRN","Brunei","Asia","High income",1985,5.36197,23.88279,224512,FALSE
"BRN","Brunei","Asia","High income",1986,5.15118,22.3022,230972,FALSE
"BRN","Brunei","Asia","High income",1987,5.18377,21.81518,237622,FALSE
"BRN","Brunei","Asia","High income",1988,5.49755,22.48874,244458,FALSE
"BRN","Brunei","Asia","High income",1989,5.44925,21.66579,251514,FALSE
"BRN","Brunei","Asia","High income",1990,5.85163,22.61192,258785,FALSE
"BRN","Brunei","Asia","High income",1991,6.37363,23.93637,266274,FALSE
"BRN","Brunei","Asia","High income",1992,6.58715,24.04395,273963,FALSE
"BRN","Brunei","Asia","High income",1993,6.9063,24.51208,281751,FALSE
"BRN","Brunei","Asia","High income",1994,7.0392,24.31293,289525,FALSE
"BRN","Brunei","Asia","High income",1995,7.32442,24.64541,297192,FALSE
"BRN","Brunei","Asia","High income",1996,7.69289,25.24751,304699,FALSE
"BRN","Brunei","Asia","High income",1997,8.20214,26.28571,312038,FALSE
"BRN","Brunei","Asia","High income",1998,7.67051,24.02877,319222,FALSE
"BRN","Brunei","Asia","High income",1999,8.15432,24.99109,326289,FALSE
"BRN","Brunei","Asia","High income",2000,8.48617,25.46556,333241,FALSE
"BRN","Brunei","Asia","High income",2001,8.72979,25.66703,340117,FALSE
"BRN","Brunei","Asia","High income",2002,7.89767,22.76859,346867,FALSE
"BRN","Brunei","Asia","High income",2003,8.91212,25.219,353389,FALSE
"BRN","Brunei","Asia","High income",2004,8.41029,23.39291,359523,FALSE
"BRN","Brunei","Asia","High income",2005,8.09084,22.15709,365158,FALSE
"BRN","Brunei","Asia","High income",2006,11.32359,30.58364,370250,FALSE
"BRN","Brunei","Asia","High income",2007,10.80878,28.83386,374864,FALSE
"BRN","Brunei","Asia","High income",2008,12.90579,34.02959,379252,FALSE
"BRN","Brunei","Asia","High income",2009,11.01842,28.71084,383772,FALSE
"BRN","Brunei","Asia","High income",2010,9.97905,25.67539,388662,FALSE
"BRN","Brunei","Asia","High income",2011,10.67793,27.10046,394013,FALSE
"BRN","Brunei","Asia","High income",2012,10.3415,25.87005,399748,FALSE
"BRN","Brunei","Asia","High income",2013,10.27876,25.33488,405716,FALSE
"BRN","Brunei","Asia","High income",2014,10.48716,25.47258,411704,FALSE
"BRN","Brunei","Asia","High income",2015,9.77724,23.41617,417542,FALSE
"BRN","Brunei","Asia","High income",2016,10.18527,24.06751,423196,FALSE
"BRN","Brunei","Asia","High income",2017,10.18288,23.7531,428697,FALSE
"BRN","Brunei","Asia","High income",2018,10.41196,23.98649,434076,FALSE
"BRN","Brunei","Asia","High income",2019,10.08214,22.9486,439336,FALSE
"BRN","Brunei","Asia","High income",2020,12.75564,28.69537,444519,FALSE
"BRN","Brunei","Asia","High income",2021,12.53426,27.91595,449000,FALSE
"BRN","Brunei","Asia","High income",2022,11.90679,26.22641,454000,FALSE
"BRN","Brunei","Asia","High income",2023,12.06124,26.22009,460000,FALSE
"BRN","Brunei","Asia","High income",2024,11.86549,25.57217,464000,FALSE
"BTN","Bhutan","Asia","Lower middle income",1970,0.53398,1.79009,298301,FALSE
"BTN","Bhutan","Asia","Lower middle income",1971,0.54417,1.76649,308053,FALSE
"BTN","Bhutan","Asia","Lower middle income",1972,0.55789,1.75412,318045,FALSE
"BTN","Bhutan","Asia","Lower middle income",1973,0.57037,1.73727,328312,FALSE
"BTN","Bhutan","Asia","Lower middle income",1974,0.58382,1.72247,338943,FALSE
"BTN","Bhutan","Asia","Lower middle income",1975,0.59373,1.69647,349982,FALSE
"BTN","Bhutan","Asia","Lower middle income",1976,0.61098,1.69032,361455,FALSE
"BTN","Bhutan","Asia","Lower middle income",1977,0.62741,1.68061,373324,FALSE
"BTN","Bhutan","Asia","Lower middle income",1978,0.65133,1.69007,385384,FALSE
"BTN","Bhutan","Asia","Lower middle income",1979,0.66898,1.68342,397390,FALSE
"BTN","Bhutan","Asia","Lower middle income",1980,0.68521,1.67461,409172,FALSE
"BTN","Bhutan","Asia","Lower middle income",1981,0.72677,1.72885,420380,FALSE
"BTN","Bhutan","Asia","Lower middle income",1982,0.75356,1.74819,431050,FALSE
"BTN","Bhutan","Asia","Lower middle income",1983,0.78258,1.77115,441847,FALSE
"BTN","Bhutan","Asia","Lower middle income",1984,0.80207,1.76776,453720,FALSE
"BTN","Bhutan","Asia","Lower middle income",1985,0.84113,1.80044,467178,FALSE
"BTN","Bhutan","Asia","Lower middle income",1986,0.85369,1.76765,482952,FALSE
"BTN","Bhutan","Asia","Lower middle income",1987,0.92312,1.84462,500437,FALSE
"BTN","Bhutan","Asia","Lower middle income",1988,0.90322,1.74611,517273,FALSE
"BTN","Bhutan","Asia","Lower middle income",1989,0.91569,1.72687,530257,FALSE
"BTN","Bhutan","Asia","Lower middle income",1990,1.13106,2.10515,537280,FALSE
"BTN","Bhutan","Asia","Lower middle income",1991,1.02524,1.9082,537284,FALSE
"BTN","Bhutan","Asia","Lower middle income",1992,0.99117,1.86476,531525,FALSE
"BTN","Bhutan","Asia","Lower middle income",1993,1.02213,1.95391,523117,FALSE
"BTN","Bhutan","Asia","Lower middle income",1994,1.09536,2.12072,516503,FALSE
"BTN","Bhutan","Asia","Lower middle income",1995,1.25234,2.43232,514877,FALSE
"BTN","Bhutan","Asia","Lower middle income",1996,1.2772,2.45954,519282,FALSE
"BTN","Bhutan","Asia","Lower middle income",1997,1.29169,2.44289,528754,FALSE
"BTN","Bhutan","Asia","Lower middle income",1998,1.31324,2.42226,542155,FALSE
"BTN","Bhutan","Asia","Lower middle income",1999,1.34512,2.41258,557543,FALSE
"BTN","Bhutan","Asia","Lower middle income",2000,1.35035,2.35493,573416,FALSE
"BTN","Bhutan","Asia","Lower middle income",2001,1.36466,2.31455,589600,FALSE
"BTN","Bhutan","Asia","Lower middle income",2002,1.40378,2.31495,606399,FALSE
"BTN","Bhutan","Asia","Lower middle income",2003,1.43556,2.30267,623434,FALSE
"BTN","Bhutan","Asia","Lower middle income",2004,1.44765,2.26096,640282,FALSE
"BTN","Bhutan","Asia","Lower middle income",2005,1.57835,2.40369,656639,FALSE
"BTN","Bhutan","Asia","Lower middle income",2006,1.66451,2.47611,672228,FALSE
"BTN","Bhutan","Asia","Lower middle income",2007,1.68661,2.45519,686958,FALSE
"BTN","Bhutan","Asia","Lower middle income",2008,1.72777,2.4649,700950,FALSE
"BTN","Bhutan","Asia","Lower middle income",2009,1.88564,2.63926,714458,FALSE
"BTN","Bhutan","Asia","Lower middle income",2010,2.00832,2.76004,727641,FALSE
"BTN","Bhutan","Asia","Lower middle income",2011,2.23283,3.01526,740510,FALSE
"BTN","Bhutan","Asia","Lower middle income",2012,2.17862,2.89338,752967,FALSE
"BTN","Bhutan","Asia","Lower middle income",2013,2.29613,3.00163,764961,FALSE
"BTN","Bhutan","Asia","Lower middle income",2014,2.34123,3.01531,776448,FALSE
"BTN","Bhutan","Asia","Lower middle income",2015,2.53088,3.21428,787386,FALSE
"BTN","Bhutan","Asia","Lower middle income",2016,2.68365,3.36396,797765,FALSE
"BTN","Bhutan","Asia","Lower middle income",2017,2.76938,3.4291,807610,FALSE
"BTN","Bhutan","Asia","Lower middle income",2018,3.06855,3.75563,817054,FALSE
"BTN","Bhutan","Asia","Lower middle income",2019,3.1159,3.77123,826229,FALSE
"BTN","Bhutan","Asia","Lower middle income",2020,2.71741,3.25343,835245,FALSE
"BTN","Bhutan","Asia","Lower middle income",2021,2.8541,3.38163,844000,FALSE
"BTN","Bhutan","Asia","Lower middle income",2022,2.79953,3.28198,853000,FALSE
"BTN","Bhutan","Asia","Lower middle income",2023,2.79271,3.24357,861000,FALSE
"BTN","Bhutan","Asia","Lower middle income",2024,2.80632,3.22936,869000,FALSE
"BWA","Botswana","Africa","Upper middle income",1970,3.40856,4.90019,695597,FALSE
"BWA","Botswana","Africa","Upper middle income",1971,3.5348,4.91874,718639,FALSE
"BWA","Botswana","Africa","Upper middle income",1972,4.10773,5.5298,742835,FALSE
"BWA","Botswana","Africa","Upper middle income",1973,4.33664,5.6429,768512,FALSE
"BWA","Botswana","Africa","Upper middle income",1974,4.92978,6.19245,796095,FALSE
"BWA","Botswana","Africa","Upper middle income",1975,5.49555,6.6545,825840,FALSE
"BWA","Botswana","Africa","Upper middle income",1976,6.32148,7.36894,857855,FALSE
"BWA","Botswana","Africa","Upper middle income",1977,6.8715,7.70412,891926,FALSE
"BWA","Botswana","Africa","Upper middle income",1978,6.62649,7.14381,927585,FALSE
"BWA","Botswana","Africa","Upper middle income",1979,6.70956,6.95892,964166,FALSE
"BWA","Botswana","Africa","Upper middle income",1980,6.91732,6.9093,1001160,FALSE
"BWA","Botswana","Africa","Upper middle income",1981,7.16105,6.89623,1038400,FALSE
"BWA","Botswana","Africa","Upper middle income",1982,7.37427,6.85411,1075890,FALSE
"BWA","Botswana","Africa","Upper middle income",1983,7.09749,6.3738,1113540,FALSE
"BWA","Botswana","Africa","Upper middle income",1984,6.84713,5.94735,1151290,FALSE
"BWA","Botswana","Africa","Upper middle income",1985,6.53834,5.49852,1189110,FALSE
"BWA","Botswana","Africa","Upper middle income",1986,6.7108,5.47012,1226810,FALSE
"BWA","Botswana","Africa","Upper middle income",1987,6.83179,5.40357,1264310,FALSE
"BWA","Botswana","Africa","Upper middle income",1988,7.86062,6.03818,1301820,FALSE
"BWA","Botswana","Africa","Upper middle income",1989,8.36313,6.24292,1339620,FALSE
"BWA","Botswana","Africa","Upper middle income",1990,9.27063,6.72804,1377910,FALSE
"BWA","Botswana","Africa","Upper middle income",1991,8.28174,5.84567,1416730,FALSE
"BWA","Botswana","Africa","Upper middle income",1992,8.52901,5.85852,1455830,FALSE
"BWA","Botswana","Africa","Upper middle income",1993,8.35613,5.59055,1494690,FALSE
"BWA","Botswana","Africa","Upper middle income",1994,8.40968,5.48713,1532620,FALSE
"BWA","Botswana","Africa","Upper middle income",1995,9.44125,6.01702,1569090,FALSE
"BWA","Botswana","Africa","Upper middle income",1996,8.56577,5.34005,1604060,FALSE
"BWA","Botswana","Africa","Upper middle income",1997,8.79692,5.37174,1637630,FALSE
"BWA","Botswana","Africa","Upper middle income",1998,9.64461,5.77653,1669620,FALSE
"BWA","Botswana","Africa","Upper middle income",1999,10.34531,6.08598,1699860,FALSE
"BWA","Botswana","Africa","Upper middle income",2000,10.9496,6.33533,1728340,FALSE
"BWA","Botswana","Africa","Upper middle income",2001,10.24711,5.83904,1754930,FALSE
"BWA","Botswana","Africa","Upper middle income",2002,10.03868,5.63987,1779950,FALSE
"BWA","Botswana","Africa","Upper middle income",2003,9.46884,5.24781,1804340,FALSE
"BWA","Botswana","Africa","Upper middle income",2004,9.42734,5.15344,1829330,FALSE
"BWA","Botswana","Africa","Upper middle income",2005,10.13553,5.4614,1855850,FALSE
"BWA","Botswana","Africa","Upper middle income",2006,10.01928,5.31741,1884240,FALSE
"BWA","Botswana","Africa","Upper middle income",2007,10.19766,5.32679,1914410,FALSE
"BWA","Botswana","Africa","Upper middle income",2008,10.89696,5.59866,1946350,FALSE
"BWA","Botswana","Africa","Upper middle income",2009,10.27407,5.18924,1979880,FALSE
"BWA","Botswana","Africa","Upper middle income",2010,10.65109,5.28624,2014870,FALSE
"BWA","Botswana","Africa","Upper middle income",2011,11.32851,5.52249,2051340,FALSE
"BWA","Botswana","Africa","Upper middle income",2012,9.90883,4.74261,2089320,FALSE
"BWA","Botswana","Africa","Upper middle income",2013,11.81269,5.54975,2128510,FALSE
"BWA","Botswana","Africa","Upper middle income",2014,12.85481,5.92778,2168570,FALSE
"BWA","Botswana","Africa","Upper middle income",2015,13.19831,5.97425,2209200,FALSE
"BWA","Botswana","Africa","Upper middle income",2016,12.37841,5.50088,2250260,FALSE
"BWA","Botswana","Africa","Upper middle income",2017,12.84338,5.6044,2291660,FALSE
"BWA","Botswana","Africa","Upper middle income",2018,13.75305,5.8945,2333201,FALSE
"BWA","Botswana","Africa","Upper middle income",2019,12.42045,5.23047,2374636,FALSE
"BWA","Botswana","Africa","Upper middle income",2020,10.95155,4.53336,2415766,FALSE
"BWA","Botswana","Africa","Upper middle income",2021,12.25647,4.98839,2457000,FALSE
"BWA","Botswana","Africa","Upper middle income",2022,12.53207,5.02086,2496000,FALSE
"BWA","Botswana","Africa","Upper middle income",2023,12.6077,4.97149,2536000,FALSE
"BWA","Botswana","Africa","Upper middle income",2024,12.09773,4.69632,2576000,FALSE
"CAF","Central African Republic","Africa","Low income",1970,1.57196,0.8596,1828710,FALSE
"CAF","Central African Republic","Africa","Low income",1971,1.64554,0.88252,1864600,FALSE
"CAF","Central African Republic","Africa","Low income",1972,1.73896,0.91509,1900320,FALSE
"CAF","Central African Republic","Africa","Low income",1973,1.82141,0.9404,1936840,FALSE
"CAF","Central African Republic","Africa","Low income",1974,1.92057,0.97219,1975520,FALSE
"CAF","Central African Republic","Africa","Low income",1975,1.97441,0.9787,2017370,FALSE
"CAF","Central African Republic","Africa","Low income",1976,2.05277,0.99533,2062410,FALSE
"CAF","Central African Republic","Africa","Low income",1977,2.21296,1.04857,2110460,FALSE
"CAF","Central African Republic","Africa","Low income",1978,2.44368,1.13016,2162250,FALSE
"CAF","Central African Republic","Africa","Low income",1979,3.03754,1.36914,2218570,FALSE
"CAF","Central African Republic","Africa","Low income",1980,3.23579,1.41932,2279820,FALSE
"CAF","Central African Republic","Africa","Low income",1981,3.35962,1.43157,2346800,FALSE
"CAF","Central African Republic","Africa","Low income",1982,6.55536,2.71013,2418840,FALSE
"CAF","Central African Republic","Africa","Low income",1983,6.67804,2.67857,2493140,FALSE
"CAF","Central African Republic","Africa","Low income",1984,6.24718,2.43479,2565800,FALSE
"CAF","Central African Republic","Africa","Low income",1985,6.41921,2.43684,2634230,FALSE
"CAF","Central African Republic","Africa","Low income",1986,6.97057,2.58458,2696980,FALSE
"CAF","Central African Republic","Africa","Low income",1987,6.84545,2.48452,2755240,FALSE
"CAF","Central African Republic","Africa","Low income",1988,6.64917,2.36437,2812240,FALSE
"CAF","Central African Republic","Africa","Low income",1989,7.44061,2.59014,2872670,FALSE
"CAF","Central African Republic","Africa","Low income",1990,7.60067,2.58545,2939780,FALSE
"CAF","Central African Republic","Africa","Low income",1991,8.10086,2.68719,3014620,FALSE
"CAF","Central African Republic","Africa","Low income",1992,8.08202,2.61063,3095810,FALSE
"CAF","Central African Republic","Africa","Low income",1993,7.54097,2.37047,3181220,FALSE
"CAF","Central African Republic","Africa","Low income",1994,8.19139,2.5068,3267670,FALSE
"CAF","Central African Republic","Africa","Low income",1995,8.40091,2.50566,3352770,FALSE
"CAF","Central African Republic","Africa","Low income",1996,8.73791,2.54318,3435820,FALSE
"CAF","Central African Republic","Africa","Low income",1997,7.84814,2.23129,3517310,FALSE
"CAF","Central African Republic","Africa","Low income",1998,9.16331,2.54721,3597390,FALSE
"CAF","Central African Republic","Africa","Low income",1999,8.96794,2.43925,3676510,FALSE
"CAF","Central African Republic","Africa","Low income",2000,9.1683,2.44163,3754990,FALSE
"CAF","Central African Republic","Africa","Low income",2001,9.60335,2.50596,3832200,FALSE
"CAF","Central African Republic","Africa","Low income",2002,8.56076,2.19079,3907610,FALSE
"CAF","Central African Republic","Africa","Low income",2003,9.69629,2.43524,3981660,FALSE
"CAF","Central African Republic","Africa","Low income",2004,9.04282,2.23002,4055040,FALSE
"CAF","Central African Republic","Africa","Low income",2005,9.75254,2.36259,4127910,FALSE
"CAF","Central African Republic","Africa","Low income",2006,9.81642,2.33626,4201760,FALSE
"CAF","Central African Republic","Africa","Low income",2007,10.85821,2.53946,4275800,FALSE
"CAF","Central African Republic","Africa","Low income",2008,10.89241,2.50666,4345390,FALSE
"CAF","Central African Republic","Africa","Low income",2009,10.2514,2.32763,4404230,FALSE
"CAF","Central African Republic","Africa","Low income",2010,10.92275,2.45537,4448520,FALSE
"CAF","Central African Republic","Africa","Low income",2011,11.84382,2.64598,4476150,FALSE
"CAF","Central African Republic","Africa","Low income",2012,11.57866,2.57853,4490420,FALSE
"CAF","Central African Republic","Africa","Low income",2013,11.52548,2.56142,4499650,FALSE
"CAF","Central African Republic","Africa","Low income",2014,11.45612,2.53713,4515390,FALSE
"CAF","Central African Republic","Africa","Low income",2015,11.87858,2.61292,4546100,FALSE
"CAF","Central African Republic","Africa","Low income",2016,12.6499,2.7532,4594620,FALSE
"CAF","Central African Republic","Africa","Low income",2017,12.14151,2.60599,4659080,FALSE
"CAF","Central African Republic","Africa","Low income",2018,12.46942,2.63211,4737423,FALSE
"CAF","Central African Republic","Africa","Low income",2019,12.27455,2.54357,4825711,FALSE
"CAF","Central African Republic","Africa","Low income",2020,12.6029,2.5611,4920889,FALSE
"CAF","Central African Republic","Africa","Low income",2021,12.75629,2.53958,5023000,FALSE
"CAF","Central African Republic","Africa","Low income",2022,13.079,2.54852,5132000,FALSE
"CAF","Central African Republic","Africa","Low income",2023,12.77766,2.43477,5248000,FALSE
"CAF","Central African Republic","Africa","Low income",2024,13.44429,2.50499,5367000,FALSE
"CAN","Canada","America","High income",1970,473.65057,22.07883,21452700,FALSE
"CAN","Canada","America","High income",1971,483.22687,22.162,21804300,FALSE
"CAN","Canada","America","High income",1972,505.11614,22.79796,22156200,FALSE
"CAN","Canada","America","High income",1973,532.73845,23.6739,22503200,FALSE
"CAN","Canada","America","High income",1974,541.57371,23.7135,22838200,FALSE
"CAN","Canada","America","High income",1975,526.65566,22.74361,23156200,FALSE
"CAN","Canada","America","High income",1976,538.0771,22.93936,23456500,FALSE
"CAN","Canada","America","High income",1977,559.1455,23.5513,23741600,FALSE
"CAN","Canada","America","High income",1978,565.93766,23.56689,24014100,FALSE
"CAN","Canada","America","High income",1979,580.51422,23.91112,24278000,FALSE
"CAN","Canada","America","High income",1980,585.6636,23.8682,24537400,FALSE
"CAN","Canada","America","High income",1981,565.92179,22.82762,24791100,FALSE
"CAN","Canada","America","High income",1982,547.19931,21.85222,25040900,FALSE
"CAN","Canada","America","High income",1983,548.81461,21.69502,25296800,FALSE
"CAN","Canada","America","High income",1984,570.4927,22.30953,25571700,FALSE
"CAN","Canada","America","High income",1985,566.40661,21.89104,25873900,FALSE
"CAN","Canada","America","High income",1986,553.19044,21.10761,26208100,FALSE
"CAN","Canada","America","High income",1987,569.61763,21.43854,26569800,FALSE
"CAN","Canada","America","High income",1988,604.15429,22.41943,26947800,FALSE
"CAN","Canada","America","High income",1989,626.75893,22.93619,27326200,FALSE
"CAN","Canada","America","High income",1990,590.51561,21.32387,27692700,FALSE
"CAN","Canada","America","High income",1991,586.09227,20.89858,28044600,FALSE
"CAN","Canada","America","High income",1992,602.67662,21.23275,28384300,FALSE
"CAN","Canada","America","High income",1993,607.86395,21.17159,28711300,FALSE
"CAN","Canada","America","High income",1994,633.89562,21.83874,29026200,FALSE
"CAN","Canada","America","High income",1995,649.80849,22.155,29330100,FALSE
"CAN","Canada","America","High income",1996,667.7604,22.54264,29622100,FALSE
"CAN","Canada","America","High income",1997,681.39045,22.78654,29903200,FALSE
"CAN","Canada","America","High income",1998,690.85132,22.89247,30178100,FALSE
"CAN","Canada","America","High income",1999,701.35206,23.02996,30453900,FALSE
"CAN","Canada","America","High income",2000,724.38901,23.56825,30735800,FALSE
"CAN","Canada","America","High income",2001,715.45805,23.06092,31024700,FALSE
"CAN","Canada","America","High income",2002,737.71923,23.55358,31320900,FALSE
"CAN","Canada","America","High income",2003,757.21963,23.94158,31627800,FALSE
"CAN","Canada","America","High income",2004,745.88439,23.3458,31949400,FALSE
"CAN","Canada","America","High income",2005,767.17294,23.76031,32288000,FALSE
"CAN","Canada","America","High income",2006,763.16157,23.37724,32645500,FALSE
"CAN","Canada","America","High income",2007,784.75105,23.766,33019900,FALSE
"CAN","Canada","America","High income",2008,760.76367,22.77429,33404500,FALSE
"CAN","Canada","America","High income",2009,720.4398,21.32122,33789800,FALSE
"CAN","Canada","America","High income",2010,741.34005,21.69647,34168700,FALSE
"CAN","Canada","America","High income",2011,758.56297,21.96276,34538600,FALSE
"CAN","Canada","America","High income",2012,754.66539,21.62322,34900700,FALSE
"CAN","Canada","America","High income",2013,765.47835,21.71231,35255500,FALSE
"CAN","Canada","America","High income",2014,776.27389,21.80257,35604700,FALSE
"CAN","Canada","America","High income",2015,768.75449,21.38417,35949700,FALSE
"CAN","Canada","America","High income",2016,765.24496,21.08705,36289800,FALSE
"CAN","Canada","America","High income",2017,785.92463,21.45916,36624200,FALSE
"CAN","Canada","America","High income",2018,809.05959,21.89383,36953765,FALSE
"CAN","Canada","America","High income",2019,805.49962,21.60686,37279811,FALSE
"CAN","Canada","America","High income",2020,728.51123,19.37365,37603205,FALSE
"CAN","Canada","America","High income",2021,742.93013,19.58997,37924000,FALSE
"CAN","Canada","America","High income",2022,761.36261,19.90907,38242000,FALSE
"CAN","Canada","America","High income",2023,755.23925,19.5876,38557000,FALSE
"CAN","Canada","America","High income",2024,768.05892,19.7607,38868000,FALSE
"CHE","Switzerland and Liechtenstein","Europe","High income",1970,50.60287,8.20229,6169360,FALSE
"CHE","Switzerland and Liechtenstein","Europe","High income",1971,52.45907,8.43171,6221640,FALSE
"CHE","Switzerland and Liechtenstein","Europe","High income",1972,53.20876,8.48608,6270120,FALSE
"CHE","Switzerland and Liechtenstein","Europe","High income",1973,57.183,9.06016,6311480,FALSE
"CHE","Switzerland and Liechtenstein","Europe","High income",1974,52.53369,8.28469,6341060,FALSE
"CHE","Switzerland and Liechtenstein","Europe","High income",1975,50.01025,7.86796,6356190,FALSE
"CHE","Switzerland and Liechtenstein","Europe","High income",1976,51.89021,8.16496,6355230,FALSE
"CHE","Switzerland and Liechtenstein","Europe","High income",1977,52.40273,8.26388,6341180,FALSE
"CHE","Switzerland and Liechtenstein","Europe","High income",1978,53.70427,8.49545,6321530,FALSE
"CHE","Switzerland and Liechtenstein","Europe","High income",1979,52.50815,8.32598,6306540,FALSE
"CHE","Switzerland and Liechtenstein","Europe","High income",1980,53.33308,8.46072,6303610,FALSE
"CHE","Switzerland and Liechtenstein","Europe","High income",1981,50.69231,8.02617,6315880,FALSE
"CHE","Switzerland and Liechtenstein","Europe","High income",1982,48.3732,7.62798,6341550,FALSE
"CHE","Switzerland and Liechtenstein","Europe","High income",1983,52.53074,8.2374,6377100,FALSE
"CHE","Switzerland and Liechtenstein","Europe","High income",1984,52.09038,8.11794,6416700,FALSE
"CHE","Switzerland and Liechtenstein","Europe","High income",1985,55.21852,8.55276,6456220,FALSE
"CHE","Switzerland and Liechtenstein","Europe","High income",1986,55.12605,8.48865,6494090,FALSE
"CHE","Switzerland and Liechtenstein","Europe","High income",1987,53.31683,8.16254,6531890,FALSE
"CHE","Switzerland and Liechtenstein","Europe","High income",1988,53.19073,8.09321,6572270,FALSE
"CHE","Switzerland and Liechtenstein","Europe","High income",1989,53.02316,8.01057,6619150,FALSE
"CHE","Switzerland and Liechtenstein","Europe","High income",1990,53.97439,8.08618,6674890,FALSE
"CHE","Switzerland and Liechtenstein","Europe","High income",1991,56.38688,8.36468,6741070,FALSE
"CHE","Switzerland and Liechtenstein","Europe","High income",1992,56.14305,8.2377,6815380,FALSE
"CHE","Switzerland and Liechtenstein","Europe","High income",1993,53.6027,7.77798,6891600,FALSE
"CHE","Switzerland and Liechtenstein","Europe","High income",1994,52.63094,7.56055,6961260,FALSE
"CHE","Switzerland and Liechtenstein","Europe","High income",1995,53.43508,7.61344,7018520,FALSE
"CHE","Switzerland and Liechtenstein","Europe","High income",1996,54.02216,7.6506,7061170,FALSE
"CHE","Switzerland and Liechtenstein","Europe","High income",1997,52.58475,7.4149,7091770,FALSE
"CHE","Switzerland and Liechtenstein","Europe","High income",1998,54.13242,7.60807,7115130,FALSE
"CHE","Switzerland and Liechtenstein","Europe","High income",1999,54.27484,7.60316,7138460,FALSE
"CHE","Switzerland and Liechtenstein","Europe","High income",2000,53.51629,7.46678,7167250,FALSE
"CHE","Switzerland and Liechtenstein","Europe","High income",2001,55.02534,7.63955,7202690,FALSE
"CHE","Switzerland and Liechtenstein","Europe","High income",2002,53.39015,7.37035,7243910,FALSE
"CHE","Switzerland and Liechtenstein","Europe","High income",2003,54.64326,7.4937,7291890,FALSE
"CHE","Switzerland and Liechtenstein","Europe","High income",2004,55.22862,7.51691,7347250,FALSE
"CHE","Switzerland and Liechtenstein","Europe","High income",2005,55.92859,7.5474,7410310,FALSE
"CHE","Switzerland and Liechtenstein","Europe","High income",2006,55.26434,7.38689,7481410,FALSE
"CHE","Switzerland and Liechtenstein","Europe","High income",2007,53.23908,7.04187,7560360,FALSE
"CHE","Switzerland and Liechtenstein","Europe","High income",2008,54.82166,7.16988,7646110,FALSE
"CHE","Switzerland and Liechtenstein","Europe","High income",2009,53.34921,6.89519,7737160,FALSE
"CHE","Switzerland and Liechtenstein","Europe","High income",2010,55.13622,7.03989,7831970,FALSE
"CHE","Switzerland and Liechtenstein","Europe","High income",2011,51.12554,6.44676,7930420,FALSE
"CHE","Switzerland and Liechtenstein","Europe","High income",2012,52.48779,6.5351,8031670,FALSE
"CHE","Switzerland and Liechtenstein","Europe","High income",2013,53.74621,6.60868,8132670,FALSE
"CHE","Switzerland and Liechtenstein","Europe","High income",2014,50.09076,6.08664,8229630,FALSE
"CHE","Switzerland and Liechtenstein","Europe","High income",2015,49.44832,5.94347,8319770,FALSE
"CHE","Switzerland and Liechtenstein","Europe","High income",2016,49.94919,5.9451,8401740,FALSE
"CHE","Switzerland and Liechtenstein","Europe","High income",2017,49.04254,5.78605,8476000,FALSE
"CHE","Switzerland and Liechtenstein","Europe","High income",2018,47.75248,5.58898,8544034,FALSE
"CHE","Switzerland and Liechtenstein","Europe","High income",2019,47.55539,5.52439,8608259,FALSE
"CHE","Switzerland and Liechtenstein","Europe","High income",2020,45.17253,5.20989,8670535,FALSE
"CHE","Switzerland and Liechtenstein","Europe","High income",2021,46.91991,5.37394,8731000,FALSE
"CHE","Switzerland and Liechtenstein","Europe","High income",2022,43.68578,4.97051,8789000,FALSE
"CHE","Switzerland and Liechtenstein","Europe","High income",2023,42.87489,4.84681,8846000,FALSE
"CHE","Switzerland and Liechtenstein","Europe","High income",2024,42.99244,4.83007,8901000,FALSE
"CHL","Chile","America","High income",1970,48.90786,5.11382,9563860,FALSE
"CHL","Chile","America","High income",1971,50.93988,5.22718,9745190,FALSE
"CHL","Chile","America","High income",1972,53.49547,5.3913,9922560,FALSE
"CHL","Chile","America","High income",1973,52.56674,5.20654,10096300,FALSE
"CHL","Chile","America","High income",1974,50.86461,4.95414,10267100,FALSE
"CHL","Chile","America","High income",1975,47.62495,4.56374,10435500,FALSE
"CHL","Chile","America","High income",1976,47.65295,4.4948,10601800,FALSE
"CHL","Chile","America","High income",1977,45.51079,4.22711,10766400,FALSE
"CHL","Chile","America","High income",1978,46.06521,4.21426,10930800,FALSE
"CHL","Chile","America","High income",1979,48.78626,4.39639,11096900,FALSE
"CHL","Chile","America","High income",1980,51.35405,4.55824,11266200,FALSE
"CHL","Chile","America","High income",1981,50.77924,4.43909,11439100,FALSE
"CHL","Chile","America","High income",1982,47.0444,4.05004,11615800,FALSE
"CHL","Chile","America","High income",1983,46.90524,3.97586,11797500,FALSE
"CHL","Chile","America","High income",1984,47.9125,3.99747,11985700,FALSE
"CHL","Chile","America","High income",1985,45.75039,3.75588,12181000,FALSE
"CHL","Chile","America","High income",1986,45.50598,3.67455,12384100,FALSE
"CHL","Chile","America","High income",1987,46.00155,3.65263,12594100,FALSE
"CHL","Chile","America","High income",1988,49.92622,3.89775,12809000,FALSE
"CHL","Chile","America","High income",1989,55.23221,4.24022,13025800,FALSE
"CHL","Chile","America","High income",1990,54.78246,4.13699,13242100,FALSE
"CHL","Chile","America","High income",1991,53.33438,3.96326,13457200,FALSE
"CHL","Chile","America","High income",1992,55.1697,4.03553,13671000,FALSE
"CHL","Chile","America","High income",1993,57.66607,4.15381,13882700,FALSE
"CHL","Chile","America","High income",1994,61.4163,4.35842,14091400,FALSE
"CHL","Chile","America","High income",1995,66.52232,4.65302,14296600,FALSE
"CHL","Chile","America","High income",1996,73.65648,5.08053,14497800,FALSE
"CHL","Chile","America","High income",1997,80.35855,5.4685,14694800,FALSE
"CHL","Chile","America","High income",1998,80.94008,5.43667,14887800,FALSE
"CHL","Chile","America","High income",1999,84.37403,5.59621,15077000,FALSE
"CHL","Chile","America","High income",2000,80.9636,5.30464,15262800,FALSE
"CHL","Chile","America","High income",2001,79.23791,5.13033,15445000,FALSE
"CHL","Chile","America","High income",2002,79.79614,5.10741,15623600,FALSE
"CHL","Chile","America","High income",2003,81.96081,5.18756,15799500,FALSE
"CHL","Chile","America","High income",2004,87.43459,5.47363,15973800,FALSE
"CHL","Chile","America","High income",2005,88.08718,5.45529,16147100,FALSE
"CHL","Chile","America","High income",2006,89.45578,5.48143,16319800,FALSE
"CHL","Chile","America","High income",2007,98.21835,5.95562,16491700,FALSE
"CHL","Chile","America","High income",2008,102.6001,6.15777,16661900,FALSE
"CHL","Chile","America","High income",2009,98.9627,5.88035,16829400,FALSE
"CHL","Chile","America","High income",2010,101.6041,5.97903,16993400,FALSE
"CHL","Chile","America","High income",2011,112.20788,6.54144,17153400,FALSE
"CHL","Chile","America","High income",2012,116.2296,6.71471,17309700,FALSE
"CHL","Chile","America","High income",2013,118.72585,6.79871,17463000,FALSE
"CHL","Chile","America","High income",2014,110.95092,6.29909,17613800,FALSE
"CHL","Chile","America","High income",2015,116.64242,6.56671,17762700,FALSE
"CHL","Chile","America","High income",2016,121.92107,6.80751,17909800,FALSE
"CHL","Chile","America","High income",2017,124.59915,6.9012,18054700,FALSE
"CHL","Chile","America","High income",2018,126.78672,6.96737,18197209,FALSE
"CHL","Chile","America","High income",2019,133.29766,7.26947,18336653,FALSE
"CHL","Chile","America","High income",2020,126.15609,6.82935,18472639,FALSE
"CHL","Chile","America","High income",2021,127.20985,6.8374,18605000,FALSE
"CHL","Chile","America","High income",2022,129.5282,6.91407,18734000,FALSE
"CHL","Chile","America","High income",2023,116.83741,6.19531,18859000,FALSE
"CHL","Chile","America","High income",2024,118.12088,6.22311,18981000,FALSE
"CHN","China","Asia","Upper middle income",1970,1714.4214,2.07862,824788000,FALSE
"CHN","China","Asia","Upper middle income",1971,1747.00622,2.06628,845482000,FALSE
"CHN","China","Asia","Upper middle income",1972,1825.16222,2.10834,865687000,FALSE
"CHN","China","Asia","Upper middle income",1973,1880.93379,2.125,885146000,FALSE
"CHN","China","Asia","Upper middle income",1974,1901.67147,2.10452,903614000,FALSE
"CHN","China","Asia","Upper middle income",1975,2089.24538,2.26859,920945000,FALSE
"CHN","China","Asia","Upper middle income",1976,2151.92463,2.29657,937018000,FALSE
"CHN","China","Asia","Upper middle income",1977,2337.55339,2.4556,951927000,FALSE
"CHN","China","Asia","Upper middle income",1978,2548.354,2.63794,966040000,FALSE
"CHN","China","Asia","Upper middle income",1979,2606.60597,2.66013,979881000,FALSE
"CHN","China","Asia","Upper middle income",1980,2584.94347,2.60087,993877000,FALSE
"CHN","China","Asia","Upper middle income",1981,2564.32953,2.54398,1.008e+09,FALSE
"CHN","China","Asia","Upper middle income",1982,2662.9986,2.60504,1022250000,FALSE
"CHN","China","Asia","Upper middle income",1983,2781.81809,2.68225,1037120000,FALSE
"CHN","China","Asia","Upper middle income",1984,2972.97509,2.82278,1053210000,FALSE
"CHN","China","Asia","Upper middle income",1985,2990.58907,2.7927,1070860000,FALSE
"CHN","China","Asia","Upper middle income",1986,3132.16132,2.87262,1090350000,FALSE
"CHN","China","Asia","Upper middle income",1987,3319.72891,2.98714,1111340000,FALSE
"CHN","China","Asia","Upper middle income",1988,3510.80847,3.09904,1132870000,FALSE
"CHN","China","Asia","Upper middle income",1989,3634.84862,3.15096,1153570000,FALSE
"CHN","China","Asia","Upper middle income",1990,3712.74374,3.16665,1172450000,FALSE
"CHN","China","Asia","Upper middle income",1991,3845.50883,3.23375,1189180000,FALSE
"CHN","China","Asia","Upper middle income",1992,3965.07683,3.29325,1.204e+09,FALSE
"CHN","China","Asia","Upper middle income",1993,4171.73579,3.42752,1217130000,FALSE
"CHN","China","Asia","Upper middle income",1994,4354.60104,3.54324,1228990000,FALSE
"CHN","China","Asia","Upper middle income",1995,4762.32829,3.84077,1239940000,FALSE
"CHN","China","Asia","Upper middle income",1996,4771.00435,3.81686,1249980000,FALSE
"CHN","China","Asia","Upper middle income",1997,4794.633,3.80808,1259070000,FALSE
"CHN","China","Asia","Upper middle income",1998,4898.20875,3.86465,1267440000,FALSE
"CHN","China","Asia","Upper middle income",1999,4850.39239,3.80301,1275410000,FALSE
"CHN","China","Asia","Upper middle income",2000,5063.8922,3.9463,1283200000,FALSE
"CHN","China","Asia","Upper middle income",2001,5255.0745,4.07073,1290940000,FALSE
"CHN","China","Asia","Upper middle income",2002,5584.83112,4.30049,1298650000,FALSE
"CHN","China","Asia","Upper middle income",2003,6292.88491,4.81719,1306340000,FALSE
"CHN","China","Asia","Upper middle income",2004,7131.53427,5.42731,1314010000,FALSE
"CHN","China","Asia","Upper middle income",2005,7974.39605,6.0338,1321620000,FALSE
"CHN","China","Asia","Upper middle income",2006,8759.33889,6.58988,1329210000,FALSE
"CHN","China","Asia","Upper middle income",2007,9356.34339,6.99906,1336800000,FALSE
"CHN","China","Asia","Upper middle income",2008,9576.29587,7.12299,1344420000,FALSE
"CHN","China","Asia","Upper middle income",2009,10196.87223,7.54167,1352070000,FALSE
"CHN","China","Asia","Upper middle income",2010,11062.04456,8.13529,1359760000,FALSE
"CHN","China","Asia","Upper middle income",2011,12056.806,8.81681,1367480000,FALSE
"CHN","China","Asia","Upper middle income",2012,12419.56698,9.0311,1375200000,FALSE
"CHN","China","Asia","Upper middle income",2013,12948.60799,9.36412,1382790000,FALSE
"CHN","China","Asia","Upper middle income",2014,13095.19744,9.42026,1390110000,FALSE
"CHN","China","Asia","Upper middle income",2015,12931.04165,9.25609,1397030000,FALSE
"CHN","China","Asia","Upper middle income",2016,12913.08702,9.20063,1403500000,FALSE
"CHN","China","Asia","Upper middle income",2017,13160.59347,9.33693,1409520000,FALSE
"CHN","China","Asia","Upper middle income",2018,13740.92992,9.71059,1415045928,FALSE
"CHN","China","Asia","Upper middle income",2019,14052.86225,9.89595,1420062022,FALSE
"CHN","China","Asia","Upper middle income",2020,14230.22955,9.98929,1424548266,FALSE
"CHN","China","Asia","Upper middle income",2021,14866.49358,10.40721,1428480000,FALSE
"CHN","China","Asia","Upper middle income",2022,14857.40109,10.37637,1431850000,FALSE
"CHN","China","Asia","Upper middle income",2023,15411.78344,10.74234,1434676000,FALSE
"CHN","China","Asia","Upper middle income",2024,15536.12168,10.81153,1436995000,FALSE
"CIV","Côte d’Ivoire","Africa","Lower middle income",1970,6.03529,1.15125,5242400,FALSE
"CIV","Côte d’Ivoire","Africa","Lower middle income",1971,6.16389,1.12493,5479340,FALSE
"CIV","Côte d’Ivoire","Africa","Lower middle income",1972,6.56991,1.14513,5737280,FALSE
"CIV","Côte d’Ivoire","Africa","Lower middle income",1973,6.75991,1.12405,6013860,FALSE
"CIV","Côte d’Ivoire","Africa","Lower middle income",1974,6.96907,1.10527,6305290,FALSE
"CIV","Côte d’Ivoire","Africa","Lower middle income",1975,7.4335,1.12482,6608610,FALSE
"CIV","Côte d’Ivoire","Africa","Lower middle income",1976,8.09169,1.16882,6922980,FALSE
"CIV","Côte d’Ivoire","Africa","Lower middle income",1977,8.27131,1.14105,7248830,FALSE
"CIV","Côte d’Ivoire","Africa","Lower middle income",1978,9.04242,1.192,7585910,FALSE
"CIV","Côte d’Ivoire","Africa","Lower middle income",1979,8.91143,1.12316,7934280,FALSE
"CIV","Côte d’Ivoire","Africa","Lower middle income",1980,8.86246,1.06858,8293670,FALSE
"CIV","Côte d’Ivoire","Africa","Lower middle income",1981,8.92369,1.02997,8664060,FALSE
"CIV","Côte d’Ivoire","Africa","Lower middle income",1982,9.27839,1.02586,9044470,FALSE
"CIV","Côte d’Ivoire","Africa","Lower middle income",1983,10.71116,1.13553,9432730,FALSE
"CIV","Côte d’Ivoire","Africa","Lower middle income",1984,10.60307,1.07908,9826060,FALSE
"CIV","Côte d’Ivoire","Africa","Lower middle income",1985,10.52156,1.02925,10222600,FALSE
"CIV","Côte d’Ivoire","Africa","Lower middle income",1986,10.46091,0.98499,10620300,FALSE
"CIV","Côte d’Ivoire","Africa","Lower middle income",1987,10.41579,0.9452,11019700,FALSE
"CIV","Côte d’Ivoire","Africa","Lower middle income",1988,10.36955,0.90767,11424300,FALSE
"CIV","Côte d’Ivoire","Africa","Lower middle income",1989,9.99278,0.84404,11839200,FALSE
"CIV","Côte d’Ivoire","Africa","Lower middle income",1990,9.93756,0.81005,12267800,FALSE
"CIV","Côte d’Ivoire","Africa","Lower middle income",1991,10.25378,0.80675,12710000,FALSE
"CIV","Côte d’Ivoire","Africa","Lower middle income",1992,10.38701,0.78911,13163000,FALSE
"CIV","Côte d’Ivoire","Africa","Lower middle income",1993,10.61674,0.77934,13622700,FALSE
"CIV","Côte d’Ivoire","Africa","Lower middle income",1994,11.48108,0.81521,14083600,FALSE
"CIV","Côte d’Ivoire","Africa","Lower middle income",1995,12.08902,0.83139,14540800,FALSE
"CIV","Côte d’Ivoire","Africa","Lower middle income",1996,13.43984,0.89628,14995200,FALSE
"CIV","Côte d’Ivoire","Africa","Lower middle income",1997,14.71752,0.95284,15446000,FALSE
"CIV","Côte d’Ivoire","Africa","Lower middle income",1998,14.49667,0.91262,15884600,FALSE
"CIV","Côte d’Ivoire","Africa","Lower middle income",1999,16.41478,1.00703,16300200,FALSE
"CIV","Côte d’Ivoire","Africa","Lower middle income",2000,16.32411,0.97828,16686600,FALSE
"CIV","Côte d’Ivoire","Africa","Lower middle income",2001,16.53204,0.97018,17040200,FALSE
"CIV","Côte d’Ivoire","Africa","Lower middle income",2002,17.30992,0.99674,17366500,FALSE
"CIV","Côte d’Ivoire","Africa","Lower middle income",2003,15.85138,0.8966,17679400,FALSE
"CIV","Côte d’Ivoire","Africa","Lower middle income",2004,16.65889,0.92561,17997700,FALSE
"CIV","Côte d’Ivoire","Africa","Lower middle income",2005,17.59577,0.95961,18336300,FALSE
"CIV","Côte d’Ivoire","Africa","Lower middle income",2006,17.74817,0.94913,18699400,FALSE
"CIV","Côte d’Ivoire","Africa","Lower middle income",2007,18.15912,0.95144,19085900,FALSE
"CIV","Côte d’Ivoire","Africa","Lower middle income",2008,19.01812,0.97539,19498000,FALSE
"CIV","Côte d’Ivoire","Africa","Lower middle income",2009,18.41682,0.92378,19936400,FALSE
"CIV","Côte d’Ivoire","Africa","Lower middle income",2010,19.82033,0.97152,20401300,FALSE
"CIV","Côte d’Ivoire","Africa","Lower middle income",2011,20.44448,0.97843,20895300,FALSE
"CIV","Côte d’Ivoire","Africa","Lower middle income",2012,23.02507,1.075,21418600,FALSE
"CIV","Côte d’Ivoire","Africa","Lower middle income",2013,24.33942,1.10803,21966300,FALSE
"CIV","Côte d’Ivoire","Africa","Lower middle income",2014,25.28681,1.1223,22531300,FALSE
"CIV","Côte d’Ivoire","Africa","Lower middle income",2015,26.37505,1.14136,23108500,FALSE
"CIV","Côte d’Ivoire","Africa","Lower middle income",2016,27.50205,1.16062,23695900,FALSE
"CIV","Côte d’Ivoire","Africa","Lower middle income",2017,28.42544,1.17002,24294800,FALSE
"CIV","Côte d’Ivoire","Africa","Lower middle income",2018,27.90654,1.12048,24905843,FALSE
"CIV","Côte d’Ivoire","Africa","Lower middle income",2019,29.81058,1.16762,25531083,FALSE
"CIV","Côte d’Ivoire","Africa","Lower middle income",2020,30.14062,1.15165,26171750,FALSE
"CIV","Côte d’Ivoire","Africa","Lower middle income",2021,35.05613,1.3067,26828000,FALSE
"CIV","Côte d’Ivoire","Africa","Lower middle income",2022,36.52084,1.32813,27498000,FALSE
"CIV","Côte d’Ivoire","Africa","Lower middle income",2023,36.72883,1.30323,28183000,FALSE
"CIV","Côte d’Ivoire","Africa","Lower middle income",2024,38.0267,1.31671,28880000,FALSE
"CMR","Cameroon","Africa","Lower middle income",1970,7.73968,1.18568,6527640,FALSE
"CMR","Cameroon","Africa","Lower middle income",1971,7.77673,1.1611,6697740,FALSE
"CMR","Cameroon","Africa","Lower middle income",1972,7.56692,1.10061,6875230,FALSE
"CMR","Cameroon","Africa","Lower middle income",1973,7.60116,1.07656,7060600,FALSE
"CMR","Cameroon","Africa","Lower middle income",1974,7.79922,1.07509,7254470,FALSE
"CMR","Cameroon","Africa","Lower middle income",1975,8.47681,1.1367,7457360,FALSE
"CMR","Cameroon","Africa","Lower middle income",1976,8.78749,1.14578,7669440,FALSE
"CMR","Cameroon","Africa","Lower middle income",1977,9.7765,1.23895,7890970,FALSE
"CMR","Cameroon","Africa","Lower middle income",1978,10.64708,1.31081,8122530,FALSE
"CMR","Cameroon","Africa","Lower middle income",1979,12.90449,1.54271,8364830,FALSE
"CMR","Cameroon","Africa","Lower middle income",1980,15.82627,1.83635,8618350,FALSE
"CMR","Cameroon","Africa","Lower middle income",1981,18.58184,2.09184,8883020,FALSE
"CMR","Cameroon","Africa","Lower middle income",1982,20.42341,2.22998,9158570,FALSE
"CMR","Cameroon","Africa","Lower middle income",1983,23.00034,2.43519,9445000,FALSE
"CMR","Cameroon","Africa","Lower middle income",1984,25.72921,2.64099,9742260,FALSE
"CMR","Cameroon","Africa","Lower middle income",1985,29.93997,2.9791,10050000,FALSE
"CMR","Cameroon","Africa","Lower middle income",1986,30.40169,2.93218,10368300,FALSE
"CMR","Cameroon","Africa","Lower middle income",1987,30.29806,2.83257,10696300,FALSE
"CMR","Cameroon","Africa","Lower middle income",1988,27.77565,2.51778,11031800,FALSE
"CMR","Cameroon","Africa","Lower middle income",1989,30.4327,2.67606,11372200,FALSE
"CMR","Cameroon","Africa","Lower middle income",1990,30.08482,2.56802,11715200,FALSE
"CMR","Cameroon","Africa","Lower middle income",1991,29.30029,2.4294,12060700,FALSE
"CMR","Cameroon","Africa","Lower middle income",1992,28.25997,2.2774,12408900,FALSE
"CMR","Cameroon","Africa","Lower middle income",1993,27.49323,2.15483,12758900,FALSE
"CMR","Cameroon","Africa","Lower middle income",1994,26.68698,2.03567,13109700,FALSE
"CMR","Cameroon","Africa","Lower middle income",1995,27.28352,2.02686,13461000,FALSE
"CMR","Cameroon","Africa","Lower middle income",1996,28.54815,2.06683,13812500,FALSE
"CMR","Cameroon","Africa","Lower middle income",1997,28.04349,1.97972,14165400,FALSE
"CMR","Cameroon","Africa","Lower middle income",1998,28.71546,1.97716,14523600,FALSE
"CMR","Cameroon","Africa","Lower middle income",1999,29.36516,1.97189,14891900,FALSE
"CMR","Cameroon","Africa","Lower middle income",2000,30.69292,2.00946,15274200,FALSE
"CMR","Cameroon","Africa","Lower middle income",2001,30.8104,1.96596,15671900,FALSE
"CMR","Cameroon","Africa","Lower middle income",2002,29.61255,1.84102,16084900,FALSE
"CMR","Cameroon","Africa","Lower middle income",2003,30.35521,1.83817,16513800,FALSE
"CMR","Cameroon","Africa","Lower middle income",2004,30.10982,1.77544,16959100,FALSE
"CMR","Cameroon","Africa","Lower middle income",2005,30.30519,1.7396,17420800,FALSE
"CMR","Cameroon","Africa","Lower middle income",2006,29.59338,1.6533,17899600,FALSE
"CMR","Cameroon","Africa","Lower middle income",2007,30.40099,1.65264,18395400,FALSE
"CMR","Cameroon","Africa","Lower middle income",2008,30.18986,1.59676,18907000,FALSE
"CMR","Cameroon","Africa","Lower middle income",2009,31.06963,1.59885,19432500,FALSE
"CMR","Cameroon","Africa","Lower middle income",2010,30.50042,1.52727,19970500,FALSE
"CMR","Cameroon","Africa","Lower middle income",2011,30.19339,1.47138,20520400,FALSE
"CMR","Cameroon","Africa","Lower middle income",2012,30.96939,1.46897,21082400,FALSE
"CMR","Cameroon","Africa","Lower middle income",2013,32.88962,1.51875,21655700,FALSE
"CMR","Cameroon","Africa","Lower middle income",2014,35.29247,1.5869,22239900,FALSE
"CMR","Cameroon","Africa","Lower middle income",2015,38.55346,1.68839,22834500,FALSE
"CMR","Cameroon","Africa","Lower middle income",2016,38.97924,1.66299,23439200,FALSE
"CMR","Cameroon","Africa","Lower middle income",2017,37.75464,1.5696,24053700,FALSE
"CMR","Cameroon","Africa","Lower middle income",2018,38.16957,1.54669,24678234,FALSE
"CMR","Cameroon","Africa","Lower middle income",2019,38.8919,1.53644,25312993,FALSE
"CMR","Cameroon","Africa","Lower middle income",2020,39.59473,1.52533,25958184,FALSE
"CMR","Cameroon","Africa","Lower middle income",2021,39.83621,1.49687,26613000,FALSE
"CMR","Cameroon","Africa","Lower middle income",2022,40.34845,1.4791,27279000,FALSE
"CMR","Cameroon","Africa","Lower middle income",2023,40.35804,1.44363,27956000,FALSE
"CMR","Cameroon","Africa","Lower middle income",2024,40.62186,1.41826,28642000,FALSE
"COD","Democratic Republic of the Congo","Africa","Low income",1970,9.72117,0.48582,20009900,FALSE
"COD","Democratic Republic of the Congo","Africa","Low income",1971,9.96291,0.48451,20562900,FALSE
"COD","Democratic Republic of the Congo","Africa","Low income",1972,10.2434,0.48501,21120100,FALSE
"COD","Democratic Republic of the Congo","Africa","Low income",1973,10.45821,0.48219,21689200,FALSE
"COD","Democratic Republic of the Congo","Africa","Low income",1974,10.8115,0.48524,22280900,FALSE
"COD","Democratic Republic of the Congo","Africa","Low income",1975,10.97486,0.4792,22902300,FALSE
"COD","Democratic Republic of the Congo","Africa","Low income",1976,15.72006,0.66726,23559100,FALSE
"COD","Democratic Republic of the Congo","Africa","Low income",1977,15.59277,0.64307,24247500,FALSE
"COD","Democratic Republic of the Congo","Africa","Low income",1978,14.91749,0.59778,24954700,FALSE
"COD","Democratic Republic of the Congo","Africa","Low income",1979,15.97412,0.62248,25661900,FALSE
"COD","Democratic Republic of the Congo","Africa","Low income",1980,15.67134,0.59457,26357500,FALSE
"COD","Democratic Republic of the Congo","Africa","Low income",1981,16.16991,0.59801,27039500,FALSE
"COD","Democratic Republic of the Congo","Africa","Low income",1982,20.89142,0.75373,27717300,FALSE
"COD","Democratic Republic of the Congo","Africa","Low income",1983,22.95581,0.80816,28404900,FALSE
"COD","Democratic Republic of the Congo","Africa","Low income",1984,26.28544,0.90261,29121500,FALSE
"COD","Democratic Republic of the Congo","Africa","Low income",1985,23.57044,0.78875,29883400,FALSE
"COD","Democratic Republic of the Congo","Africa","Low income",1986,24.80596,0.80839,30685800,FALSE
"COD","Democratic Republic of the Congo","Africa","Low income",1987,26.05797,0.82646,31529800,FALSE
"COD","Democratic Republic of the Congo","Africa","Low income",1988,27.16593,0.83731,32444200,FALSE
"COD","Democratic Republic of the Congo","Africa","Low income",1989,24.41926,0.72969,33465400,FALSE
"COD","Democratic Republic of the Congo","Africa","Low income",1990,25.33228,0.73184,34614600,FALSE
"COD","Democratic Republic of the Congo","Africa","Low income",1991,23.02243,0.64103,35914800,FALSE
"COD","Democratic Republic of the Congo","Africa","Low income",1992,23.64097,0.63302,37346100,FALSE
"COD","Democratic Republic of the Congo","Africa","Low income",1993,25.47572,0.65602,38833600,FALSE
"COD","Democratic Republic of the Congo","Africa","Low income",1994,23.33819,0.57949,40273700,FALSE
"COD","Democratic Republic of the Congo","Africa","Low income",1995,23.98555,0.57664,41595700,FALSE
"COD","Democratic Republic of the Congo","Africa","Low income",1996,25.08513,0.58651,42770500,FALSE
"COD","Democratic Republic of the Congo","Africa","Low income",1997,23.76617,0.54223,43830100,FALSE
"COD","Democratic Republic of the Congo","Africa","Low income",1998,24.49951,0.54637,44840500,FALSE
"COD","Democratic Republic of the Congo","Africa","Low income",1999,23.9343,0.52146,45898700,FALSE
"COD","Democratic Republic of the Congo","Africa","Low income",2000,26.34905,0.55971,47076400,FALSE
"COD","Democratic Republic of the Congo","Africa","Low income",2001,24.36694,0.50351,48394300,FALSE
"COD","Democratic Republic of the Congo","Africa","Low income",2002,23.23551,0.46624,49835800,FALSE
"COD","Democratic Republic of the Congo","Africa","Low income",2003,24.50756,0.47689,51390000,FALSE
"COD","Democratic Republic of the Congo","Africa","Low income",2004,25.03461,0.47205,53034200,FALSE
"COD","Democratic Republic of the Congo","Africa","Low income",2005,25.66968,0.46884,54751500,FALSE
"COD","Democratic Republic of the Congo","Africa","Low income",2006,26.2362,0.464,56543000,FALSE
"COD","Democratic Republic of the Congo","Africa","Low income",2007,27.00445,0.46227,58417600,FALSE
"COD","Democratic Republic of the Congo","Africa","Low income",2008,27.68235,0.45852,60373600,FALSE
"COD","Democratic Republic of the Congo","Africa","Low income",2009,27.67425,0.44343,62409400,FALSE
"COD","Democratic Republic of the Congo","Africa","Low income",2010,28.80281,0.44639,64523300,FALSE
"COD","Democratic Republic of the Congo","Africa","Low income",2011,29.87862,0.44786,66713600,FALSE
"COD","Democratic Republic of the Congo","Africa","Low income",2012,36.8022,0.53353,68978700,FALSE
"COD","Democratic Republic of the Congo","Africa","Low income",2013,38.76012,0.5435,71316000,FALSE
"COD","Democratic Republic of the Congo","Africa","Low income",2014,40.73468,0.55254,73722900,FALSE
"COD","Democratic Republic of the Congo","Africa","Low income",2015,42.25705,0.55458,76196600,FALSE
"COD","Democratic Republic of the Congo","Africa","Low income",2016,42.75125,0.54297,78736200,FALSE
"COD","Democratic Republic of the Congo","Africa","Low income",2017,44.42435,0.54616,81340000,FALSE
"COD","Democratic Republic of the Congo","Africa","Low income",2018,45.10859,0.53698,84004989,FALSE
"COD","Democratic Republic of the Congo","Africa","Low income",2019,46.79264,0.53954,86727573,FALSE
"COD","Democratic Republic of the Congo","Africa","Low income",2020,49.62778,0.55447,89505201,FALSE
"COD","Democratic Republic of the Congo","Africa","Low income",2021,52.84404,0.5723,92336000,FALSE
"COD","Democratic Republic of the Congo","Africa","Low income",2022,55.97797,0.58787,95221000,FALSE
"COD","Democratic Republic of the Congo","Africa","Low income",2023,57.20103,0.58273,98160000,FALSE
"COD","Democratic Republic of the Congo","Africa","Low income",2024,58.49169,0.57821,101160000,FALSE
"COG","Congo","Africa","Lower middle income",1970,2.4693,1.80927,1364810,FALSE
"COG","Congo","Africa","Lower middle income",1971,2.74846,1.95392,1406640,FALSE
"COG","Congo","Africa","Lower middle income",1972,2.9578,2.03913,1450520,FALSE
"COG","Congo","Africa","Lower middle income",1973,11.46557,7.6639,1496050,FALSE
"COG","Congo","Africa","Lower middle income",1974,15.7828,10.2307,1542690,FALSE
"COG","Congo","Africa","Lower middle income",1975,10.3142,6.48675,1590040,FALSE
"COG","Congo","Africa","Lower middle income",1976,10.30805,6.2933,1637940,FALSE
"COG","Congo","Africa","Lower middle income",1977,4.85038,2.87597,1686520,FALSE
"COG","Congo","Africa","Lower middle income",1978,4.45781,2.56771,1736100,FALSE
"COG","Congo","Africa","Lower middle income",1979,4.60814,2.57851,1787130,FALSE
"COG","Congo","Africa","Lower middle income",1980,5.54024,3.01112,1839930,FALSE
"COG","Congo","Africa","Lower middle income",1981,6.58467,3.47535,1894680,FALSE
"COG","Congo","Africa","Lower middle income",1982,7.3999,3.79251,1951190,FALSE
"COG","Congo","Africa","Lower middle income",1983,7.53919,3.75241,2009160,FALSE
"COG","Congo","Africa","Lower middle income",1984,9.03364,4.36802,2068130,FALSE
"COG","Congo","Africa","Lower middle income",1985,8.85734,4.16273,2127770,FALSE
"COG","Congo","Africa","Lower middle income",1986,8.7701,4.00818,2188050,FALSE
"COG","Congo","Africa","Lower middle income",1987,9.39472,4.17701,2249150,FALSE
"COG","Congo","Africa","Lower middle income",1988,10.26853,4.44265,2311350,FALSE
"COG","Congo","Africa","Lower middle income",1989,10.91189,4.59446,2375010,FALSE
"COG","Congo","Africa","Lower middle income",1990,10.90299,4.4676,2440460,FALSE
"COG","Congo","Africa","Lower middle income",1991,10.78376,4.30014,2507770,FALSE
"COG","Congo","Africa","Lower middle income",1992,10.85851,4.21358,2577030,FALSE
"COG","Congo","Africa","Lower middle income",1993,11.19679,4.22758,2648510,FALSE
"COG","Congo","Africa","Lower middle income",1994,9.80962,3.60316,2722500,FALSE
"COG","Congo","Africa","Lower middle income",1995,12.1338,4.33464,2799260,FALSE
"COG","Congo","Africa","Lower middle income",1996,15.66564,5.44093,2879220,FALSE
"COG","Congo","Africa","Lower middle income",1997,16.31545,5.50738,2962470,FALSE
"COG","Congo","Africa","Lower middle income",1998,19.57949,6.42277,3048450,FALSE
"COG","Congo","Africa","Lower middle income",1999,19.94569,6.35954,3136340,FALSE
"COG","Congo","Africa","Lower middle income",2000,21.66968,6.71776,3225730,FALSE
"COG","Congo","Africa","Lower middle income",2001,20.20907,6.09476,3315810,FALSE
"COG","Congo","Africa","Lower middle income",2002,13.24535,3.88748,3407180,FALSE
"COG","Congo","Africa","Lower middle income",2003,14.9718,4.27458,3502520,FALSE
"COG","Congo","Africa","Lower middle income",2004,16.16165,4.48257,3605440,FALSE
"COG","Congo","Africa","Lower middle income",2005,19.76783,5.31645,3718240,FALSE
"COG","Congo","Africa","Lower middle income",2006,21.7643,5.6643,3842360,FALSE
"COG","Congo","Africa","Lower middle income",2007,18.70858,4.70508,3976250,FALSE
"COG","Congo","Africa","Lower middle income",2008,18.52806,4.50209,4115440,FALSE
"COG","Congo","Africa","Lower middle income",2009,20.20337,4.74959,4253710,FALSE
"COG","Congo","Africa","Lower middle income",2010,22.00411,5.01611,4386690,FALSE
"COG","Congo","Africa","Lower middle income",2011,21.12532,4.68127,4512730,FALSE
"COG","Congo","Africa","Lower middle income",2012,20.35962,4.39414,4633360,FALSE
"COG","Congo","Africa","Lower middle income",2013,19.77877,4.16273,4751390,FALSE
"COG","Congo","Africa","Lower middle income",2014,20.21224,4.14942,4871100,FALSE
"COG","Congo","Africa","Lower middle income",2015,20.05035,4.01356,4995650,FALSE
"COG","Congo","Africa","Lower middle income",2016,19.75184,3.8534,5125820,FALSE
"COG","Congo","Africa","Lower middle income",2017,21.4216,4.07197,5260750,FALSE
"COG","Congo","Africa","Lower middle income",2018,25.10155,4.64853,5399895,FALSE
"COG","Congo","Africa","Lower middle income",2019,26.2687,4.73976,5542197,FALSE
"COG","Congo","Africa","Lower middle income",2020,25.15441,4.42321,5686917,FALSE
"COG","Congo","Africa","Lower middle income",2021,23.298,3.99349,5834000,FALSE
"COG","Congo","Africa","Lower middle income",2022,24.42101,4.08105,5984000,FALSE
"COG","Congo","Africa","Lower middle income",2023,24.41663,3.97859,6137000,FALSE
"COG","Congo","Africa","Lower middle income",2024,24.62303,3.91214,6294000,FALSE
"COK","Cook Islands","Oceania",NA,1970,0.02753,1.28603,21405,FALSE
"COK","Cook Islands","Oceania",NA,1971,0.02775,1.28992,21510,FALSE
"COK","Cook Islands","Oceania",NA,1972,0.02818,1.31542,21422,FALSE
"COK","Cook Islands","Oceania",NA,1973,0.0328,1.54884,21176,FALSE
"COK","Cook Islands","Oceania",NA,1974,0.03916,1.88186,20810,FALSE
"COK","Cook Islands","Oceania",NA,1975,0.03444,1.69242,20349,FALSE
"COK","Cook Islands","Oceania",NA,1976,0.0411,2.07442,19812,FALSE
"COK","Cook Islands","Oceania",NA,1977,0.04194,2.18507,19196,FALSE
"COK","Cook Islands","Oceania",NA,1978,0.0419,2.25639,18570,FALSE
"COK","Cook Islands","Oceania",NA,1979,0.04257,2.36129,18028,FALSE
"COK","Cook Islands","Oceania",NA,1980,0.04421,2.50659,17638,FALSE
"COK","Cook Islands","Oceania",NA,1981,0.07235,4.15083,17430,FALSE
"COK","Cook Islands","Oceania",NA,1982,0.07058,4.05917,17387,FALSE
"COK","Cook Islands","Oceania",NA,1983,0.06901,3.95104,17466,FALSE
"COK","Cook Islands","Oceania",NA,1984,0.06165,3.50405,17594,FALSE
"COK","Cook Islands","Oceania",NA,1985,0.06618,3.73216,17733,FALSE
"COK","Cook Islands","Oceania",NA,1986,0.04605,2.57986,17851,FALSE
"COK","Cook Islands","Oceania",NA,1987,0.05137,2.8587,17970,FALSE
"COK","Cook Islands","Oceania",NA,1988,0.05194,2.87253,18080,FALSE
"COK","Cook Islands","Oceania",NA,1989,0.05024,2.75871,18211,FALSE
"COK","Cook Islands","Oceania",NA,1990,0.05193,2.82893,18356,FALSE
"COK","Cook Islands","Oceania",NA,1991,0.0399,2.15325,18528,FALSE
"COK","Cook Islands","Oceania",NA,1992,0.05795,3.09641,18714,FALSE
"COK","Cook Islands","Oceania",NA,1993,0.0597,3.16377,18869,FALSE
"COK","Cook Islands","Oceania",NA,1994,0.06202,3.27084,18963,FALSE
"COK","Cook Islands","Oceania",NA,1995,0.05774,3.04583,18956,FALSE
"COK","Cook Islands","Oceania",NA,1996,0.05857,3.11295,18815,FALSE
"COK","Cook Islands","Oceania",NA,1997,0.06035,3.24978,18569,FALSE
"COK","Cook Islands","Oceania",NA,1998,0.06237,3.40901,18295,FALSE
"COK","Cook Islands","Oceania",NA,1999,0.06082,3.35579,18124,FALSE
"COK","Cook Islands","Oceania",NA,2000,0.07382,4.07331,18122,FALSE
"COK","Cook Islands","Oceania",NA,2001,0.07363,4.01861,18322,FALSE
"COK","Cook Islands","Oceania",NA,2002,0.04589,2.45379,18702,FALSE
"COK","Cook Islands","Oceania",NA,2003,0.04301,2.24621,19148,FALSE
"COK","Cook Islands","Oceania",NA,2004,0.06267,3.21015,19522,FALSE
"COK","Cook Islands","Oceania",NA,2005,0.09492,4.81584,19710,FALSE
"COK","Cook Islands","Oceania",NA,2006,0.09783,4.9672,19696,FALSE
"COK","Cook Islands","Oceania",NA,2007,0.08569,4.39176,19511,FALSE
"COK","Cook Islands","Oceania",NA,2008,0.08753,4.55587,19212,FALSE
"COK","Cook Islands","Oceania",NA,2009,0.07923,4.19938,18868,FALSE
"COK","Cook Islands","Oceania",NA,2010,0.0965,5.20381,18545,FALSE
"COK","Cook Islands","Oceania",NA,2011,0.10716,5.86951,18257,FALSE
"COK","Cook Islands","Oceania",NA,2012,0.11212,6.23031,17996,FALSE
"COK","Cook Islands","Oceania",NA,2013,0.11722,6.59768,17767,FALSE
"COK","Cook Islands","Oceania",NA,2014,0.12421,7.06201,17588,FALSE
"COK","Cook Islands","Oceania",NA,2015,0.11317,6.48574,17449,FALSE
"COK","Cook Islands","Oceania",NA,2016,0.11867,6.82815,17379,FALSE
"COK","Cook Islands","Oceania",NA,2017,0.11367,6.54001,17380,FALSE
"COK","Cook Islands","Oceania",NA,2018,0.12228,7.02328,17411,FALSE
"COK","Cook Islands","Oceania",NA,2019,0.12217,6.99647,17462,FALSE
"COK","Cook Islands","Oceania",NA,2020,0.08633,4.92865,17515,FALSE
"COK","Cook Islands","Oceania",NA,2021,0.09722,5.71872,17000,FALSE
"COK","Cook Islands","Oceania",NA,2022,0.10711,6.30064,17000,FALSE
"COK","Cook Islands","Oceania",NA,2023,0.1075,6.3237,17000,FALSE
"COK","Cook Islands","Oceania",NA,2024,0.11208,6.59302,17000,FALSE
"COL","Colombia","America","Upper middle income",1970,82.17173,3.72472,22061200,FALSE
"COL","Colombia","America","Upper middle income",1971,84.94987,3.75685,22612000,FALSE
"COL","Colombia","America","Upper middle income",1972,86.87432,3.75319,23146800,FALSE
"COL","Colombia","America","Upper middle income",1973,88.98065,3.7585,23674500,FALSE
"COL","Colombia","America","Upper middle income",1974,91.66403,3.78652,24208000,FALSE
"COL","Colombia","America","Upper middle income",1975,95.74426,3.86736,24757000,FALSE
"COL","Colombia","America","Upper middle income",1976,99.92739,3.94605,25323400,FALSE
"COL","Colombia","America","Upper middle income",1977,102.38352,3.95225,25905100,FALSE
"COL","Colombia","America","Upper middle income",1978,106.07028,4.00232,26502200,FALSE
"COL","Colombia","America","Upper middle income",1979,106.60672,3.93187,27113500,FALSE
"COL","Colombia","America","Upper middle income",1980,107.55653,3.8776,27737900,FALSE
"COL","Colombia","America","Upper middle income",1981,109.19413,3.84812,28376000,FALSE
"COL","Colombia","America","Upper middle income",1982,111.55189,3.84301,29027200,FALSE
"COL","Colombia","America","Upper middle income",1983,112.7512,3.79799,29687100,FALSE
"COL","Colombia","America","Upper middle income",1984,112.83537,3.71779,30350100,FALSE
"COL","Colombia","America","Upper middle income",1985,114.98489,3.70779,31011700,FALSE
"COL","Colombia","America","Upper middle income",1986,118.01697,3.72648,31669800,FALSE
"COL","Colombia","America","Upper middle income",1987,122.91131,3.80244,32324300,FALSE
"COL","Colombia","America","Upper middle income",1988,124.95514,3.78933,32975500,FALSE
"COL","Colombia","America","Upper middle income",1989,128.8743,3.83276,33624400,FALSE
"COL","Colombia","America","Upper middle income",1990,132.2351,3.85845,34271600,FALSE
"COL","Colombia","America","Upper middle income",1991,133.80095,3.83199,34916800,FALSE
"COL","Colombia","America","Upper middle income",1992,139.0838,3.91139,35558700,FALSE
"COL","Colombia","America","Upper middle income",1993,143.61365,3.96775,36195200,FALSE
"COL","Colombia","America","Upper middle income",1994,144.95812,3.93657,36823500,FALSE
"COL","Colombia","America","Upper middle income",1995,150.11125,4.00917,37442000,FALSE
"COL","Colombia","America","Upper middle income",1996,150.23916,3.94857,38049000,FALSE
"COL","Colombia","America","Upper middle income",1997,157.59248,4.07791,38645400,FALSE
"COL","Colombia","America","Upper middle income",1998,159.55531,4.06675,39234100,FALSE
"COL","Colombia","America","Upper middle income",1999,147.74855,3.71048,39819300,FALSE
"COL","Colombia","America","Upper middle income",2000,153.07253,3.78855,40404000,FALSE
"COL","Colombia","America","Upper middle income",2001,153.85388,3.75355,40988900,FALSE
"COL","Colombia","America","Upper middle income",2002,152.60714,3.67087,41572500,FALSE
"COL","Colombia","America","Upper middle income",2003,153.26793,3.63606,42152200,FALSE
"COL","Colombia","America","Upper middle income",2004,153.86647,3.60139,42724200,FALSE
"COL","Colombia","America","Upper middle income",2005,157.56634,3.64016,43285600,FALSE
"COL","Colombia","America","Upper middle income",2006,156.4089,3.56807,43835700,FALSE
"COL","Colombia","America","Upper middle income",2007,161.2139,3.63302,44374600,FALSE
"COL","Colombia","America","Upper middle income",2008,162.342,3.61551,44901500,FALSE
"COL","Colombia","America","Upper middle income",2009,167.79374,3.69458,45416200,FALSE
"COL","Colombia","America","Upper middle income",2010,173.79823,3.78496,45918100,FALSE
"COL","Colombia","America","Upper middle income",2011,177.25467,3.8196,46406600,FALSE
"COL","Colombia","America","Upper middle income",2012,175.28785,3.73896,46881500,FALSE
"COL","Colombia","America","Upper middle income",2013,185.40222,3.91615,47343000,FALSE
"COL","Colombia","America","Upper middle income",2014,185.35139,3.8783,47791900,FALSE
"COL","Colombia","America","Upper middle income",2015,187.04439,3.87828,48228700,FALSE
"COL","Colombia","America","Upper middle income",2016,190.77261,3.92105,48653400,FALSE
"COL","Colombia","America","Upper middle income",2017,187.12577,3.81379,49065600,FALSE
"COL","Colombia","America","Upper middle income",2018,195.87831,3.95996,49464683,FALSE
"COL","Colombia","America","Upper middle income",2019,201.09333,4.03398,49849818,FALSE
"COL","Colombia","America","Upper middle income",2020,199.64552,3.97539,50220412,FALSE
"COL","Colombia","America","Upper middle income",2021,212.69889,4.20553,50576000,FALSE
"COL","Colombia","America","Upper middle income",2022,209.76076,4.11958,50918000,FALSE
"COL","Colombia","America","Upper middle income",2023,215.47662,4.205,51243000,FALSE
"COL","Colombia","America","Upper middle income",2024,217.58573,4.22038,51556000,FALSE
"COM","Comoros","Africa","Lower middle income",1970,0.19373,0.84209,230054,FALSE
"COM","Comoros","Africa","Lower middle income",1971,0.19757,0.842,234644,FALSE
"COM","Comoros","Africa","Lower middle income",1972,0.20036,0.8375,239235,FALSE
"COM","Comoros","Africa","Lower middle income",1973,0.20512,0.83994,244208,FALSE
"COM","Comoros","Africa","Lower middle income",1974,0.21143,0.84538,250104,FALSE
"COM","Comoros","Africa","Lower middle income",1975,0.21653,0.84156,257290,FALSE
"COM","Comoros","Africa","Lower middle income",1976,0.22441,0.84379,265953,FALSE
"COM","Comoros","Africa","Lower middle income",1977,0.22952,0.83189,275900,FALSE
"COM","Comoros","Africa","Lower middle income",1978,0.23513,0.82033,286634,FALSE
"COM","Comoros","Africa","Lower middle income",1979,0.24106,0.81045,297447,FALSE
"COM","Comoros","Africa","Lower middle income",1980,0.24104,0.78302,307829,FALSE
"COM","Comoros","Africa","Lower middle income",1981,0.24014,0.75609,317606,FALSE
"COM","Comoros","Africa","Lower middle income",1982,0.23744,0.72624,326946,FALSE
"COM","Comoros","Africa","Lower middle income",1983,0.2377,0.70722,336096,FALSE
"COM","Comoros","Africa","Lower middle income",1984,0.23896,0.69169,345466,FALSE
"COM","Comoros","Africa","Lower middle income",1985,0.23577,0.66351,355337,FALSE
"COM","Comoros","Africa","Lower middle income",1986,0.22367,0.61151,365760,FALSE
"COM","Comoros","Africa","Lower middle income",1987,0.25702,0.68237,376654,FALSE
"COM","Comoros","Africa","Lower middle income",1988,0.25873,0.66689,387963,FALSE
"COM","Comoros","Africa","Lower middle income",1989,0.26248,0.6568,399632,FALSE
"COM","Comoros","Africa","Lower middle income",1990,0.31173,0.75737,411594,FALSE
"COM","Comoros","Africa","Lower middle income",1991,0.30077,0.70957,423872,FALSE
"COM","Comoros","Africa","Lower middle income",1992,0.29843,0.68376,436448,FALSE
"COM","Comoros","Africa","Lower middle income",1993,0.30446,0.67766,449274,FALSE
"COM","Comoros","Africa","Lower middle income",1994,0.31059,0.67187,462277,FALSE
"COM","Comoros","Africa","Lower middle income",1995,0.32148,0.67623,475394,FALSE
"COM","Comoros","Africa","Lower middle income",1996,0.33204,0.67954,488627,FALSE
"COM","Comoros","Africa","Lower middle income",1997,0.33798,0.67332,501953,FALSE
"COM","Comoros","Africa","Lower middle income",1998,0.35982,0.69815,515385,FALSE
"COM","Comoros","Africa","Lower middle income",1999,0.38603,0.72995,528848,FALSE
"COM","Comoros","Africa","Lower middle income",2000,0.4194,0.77329,542357,FALSE
"COM","Comoros","Africa","Lower middle income",2001,0.42404,0.76282,555888,FALSE
"COM","Comoros","Africa","Lower middle income",2002,0.43584,0.76534,569479,FALSE
"COM","Comoros","Africa","Lower middle income",2003,0.46018,0.78905,583211,FALSE
"COM","Comoros","Africa","Lower middle income",2004,0.47946,0.80281,597228,FALSE
"COM","Comoros","Africa","Lower middle income",2005,0.48438,0.79196,611627,FALSE
"COM","Comoros","Africa","Lower middle income",2006,0.51539,0.82274,626425,FALSE
"COM","Comoros","Africa","Lower middle income",2007,0.46509,0.72486,641620,FALSE
"COM","Comoros","Africa","Lower middle income",2008,0.47127,0.71706,657229,FALSE
"COM","Comoros","Africa","Lower middle income",2009,0.50607,0.75168,673252,FALSE
"COM","Comoros","Africa","Lower middle income",2010,0.53504,0.77577,689692,FALSE
"COM","Comoros","Africa","Lower middle income",2011,0.52902,0.74871,706569,FALSE
"COM","Comoros","Africa","Lower middle income",2012,0.54248,0.74941,723868,FALSE
"COM","Comoros","Africa","Lower middle income",2013,0.58196,0.78484,741500,FALSE
"COM","Comoros","Africa","Lower middle income",2014,0.57048,0.75124,759385,FALSE
"COM","Comoros","Africa","Lower middle income",2015,0.59263,0.76231,777424,FALSE
"COM","Comoros","Africa","Lower middle income",2016,0.6325,0.79499,795601,FALSE
"COM","Comoros","Africa","Lower middle income",2017,0.70221,0.86276,813912,FALSE
"COM","Comoros","Africa","Lower middle income",2018,0.6568,0.7891,832347,FALSE
"COM","Comoros","Africa","Lower middle income",2019,0.69217,0.81344,850910,FALSE
"COM","Comoros","Africa","Lower middle income",2020,0.74524,0.85699,869601,FALSE
"COM","Comoros","Africa","Lower middle income",2021,0.87593,0.9864,888000,FALSE
"COM","Comoros","Africa","Lower middle income",2022,0.9195,1.01378,907000,FALSE
"COM","Comoros","Africa","Lower middle income",2023,0.9369,1.01177,926000,FALSE
"COM","Comoros","Africa","Lower middle income",2024,0.94939,1.00358,946000,FALSE
"CPV","Cabo Verde","Africa","Upper middle income",1970,0.22829,0.84491,270198,FALSE
"CPV","Cabo Verde","Africa","Upper middle income",1971,0.22643,0.82944,272992,FALSE
"CPV","Cabo Verde","Africa","Upper middle income",1972,0.22915,0.83737,273651,FALSE
"CPV","Cabo Verde","Africa","Upper middle income",1973,0.23097,0.84602,273005,FALSE
"CPV","Cabo Verde","Africa","Upper middle income",1974,0.23901,0.87778,272292,FALSE
"CPV","Cabo Verde","Africa","Upper middle income",1975,0.24473,0.89834,272423,FALSE
"CPV","Cabo Verde","Africa","Upper middle income",1976,0.25267,0.92331,273652,FALSE
"CPV","Cabo Verde","Africa","Upper middle income",1977,0.26073,0.94546,275767,FALSE
"CPV","Cabo Verde","Africa","Upper middle income",1978,0.26646,0.95594,278739,FALSE
"CPV","Cabo Verde","Africa","Upper middle income",1979,0.29771,1.05417,282415,FALSE
"CPV","Cabo Verde","Africa","Upper middle income",1980,0.297,1.03609,286657,FALSE
"CPV","Cabo Verde","Africa","Upper middle income",1981,0.29039,0.99586,291602,FALSE
"CPV","Cabo Verde","Africa","Upper middle income",1982,0.17366,0.58415,297285,FALSE
"CPV","Cabo Verde","Africa","Upper middle income",1983,0.17014,0.56085,303368,FALSE
"CPV","Cabo Verde","Africa","Upper middle income",1984,0.18663,0.6032,309397,FALSE
"CPV","Cabo Verde","Africa","Upper middle income",1985,0.19281,0.61197,315069,FALSE
"CPV","Cabo Verde","Africa","Upper middle income",1986,0.1282,0.40039,320183,FALSE
"CPV","Cabo Verde","Africa","Upper middle income",1987,0.15461,0.47587,324893,FALSE
"CPV","Cabo Verde","Africa","Upper middle income",1988,0.17926,0.54376,329671,FALSE
"CPV","Cabo Verde","Africa","Upper middle income",1989,0.19297,0.57573,335184,FALSE
"CPV","Cabo Verde","Africa","Upper middle income",1990,0.21567,0.63082,341883,FALSE
"CPV","Cabo Verde","Africa","Upper middle income",1991,0.24029,0.68667,349934,FALSE
"CPV","Cabo Verde","Africa","Upper middle income",1992,0.26865,0.74814,359090,FALSE
"CPV","Cabo Verde","Africa","Upper middle income",1993,0.27186,0.73671,369014,FALSE
"CPV","Cabo Verde","Africa","Upper middle income",1994,0.26887,0.70912,379156,FALSE
"CPV","Cabo Verde","Africa","Upper middle income",1995,0.298,0.76581,389127,FALSE
"CPV","Cabo Verde","Africa","Upper middle income",1996,0.28627,0.71787,398773,FALSE
"CPV","Cabo Verde","Africa","Upper middle income",1997,0.30171,0.73917,408175,FALSE
"CPV","Cabo Verde","Africa","Upper middle income",1998,0.32234,0.77241,417323,FALSE
"CPV","Cabo Verde","Africa","Upper middle income",1999,0.34236,0.80312,426285,FALSE
"CPV","Cabo Verde","Africa","Upper middle income",2000,0.52916,1.21623,435079,FALSE
"CPV","Cabo Verde","Africa","Upper middle income",2001,0.56569,1.27489,443716,FALSE
"CPV","Cabo Verde","Africa","Upper middle income",2002,0.60616,1.34076,452106,FALSE
"CPV","Cabo Verde","Africa","Upper middle income",2003,0.54388,1.18196,460147,FALSE
"CPV","Cabo Verde","Africa","Upper middle income",2004,0.58053,1.24135,467664,FALSE
"CPV","Cabo Verde","Africa","Upper middle income",2005,0.80301,1.69208,474567,FALSE
"CPV","Cabo Verde","Africa","Upper middle income",2006,0.85471,1.77771,480795,FALSE
"CPV","Cabo Verde","Africa","Upper middle income",2007,0.94129,1.93506,486438,FALSE
"CPV","Cabo Verde","Africa","Upper middle income",2008,0.91722,1.86531,491723,FALSE
"CPV","Cabo Verde","Africa","Upper middle income",2009,0.90834,1.82777,496963,FALSE
"CPV","Cabo Verde","Africa","Upper middle income",2010,0.95586,1.90266,502384,FALSE
"CPV","Cabo Verde","Africa","Upper middle income",2011,1.08025,2.1262,508067,FALSE
"CPV","Cabo Verde","Africa","Upper middle income",2012,0.9568,1.86156,513979,FALSE
"CPV","Cabo Verde","Africa","Upper middle income",2013,0.94274,1.81259,520106,FALSE
"CPV","Cabo Verde","Africa","Upper middle income",2014,0.98928,1.87921,526437,FALSE
"CPV","Cabo Verde","Africa","Upper middle income",2015,1.00925,1.89383,532913,FALSE
"CPV","Cabo Verde","Africa","Upper middle income",2016,1.05502,1.95533,539560,FALSE
"CPV","Cabo Verde","Africa","Upper middle income",2017,1.09872,2.01087,546388,FALSE
"CPV","Cabo Verde","Africa","Upper middle income",2018,1.00385,1.81418,553335,FALSE
"CPV","Cabo Verde","Africa","Upper middle income",2019,1.05089,1.87543,560349,FALSE
"CPV","Cabo Verde","Africa","Upper middle income",2020,0.84417,1.48792,567348,FALSE
"CPV","Cabo Verde","Africa","Upper middle income",2021,0.87258,1.52018,574000,FALSE
"CPV","Cabo Verde","Africa","Upper middle income",2022,0.90981,1.56325,582000,FALSE
"CPV","Cabo Verde","Africa","Upper middle income",2023,0.88304,1.50177,588000,FALSE
"CPV","Cabo Verde","Africa","Upper middle income",2024,0.91256,1.53372,595000,FALSE
"CRI","Costa Rica","America","High income",1970,5.96644,3.22707,1848870,FALSE
"CRI","Costa Rica","America","High income",1971,6.10964,3.21838,1898360,FALSE
"CRI","Costa Rica","America","High income",1972,6.46953,3.32274,1947050,FALSE
"CRI","Costa Rica","America","High income",1973,7.01066,3.51281,1995740,FALSE
"CRI","Costa Rica","America","High income",1974,7.00999,3.4269,2045580,FALSE
"CRI","Costa Rica","America","High income",1975,7.38489,3.52096,2097410,FALSE
"CRI","Costa Rica","America","High income",1976,7.47602,3.4748,2151500,FALSE
"CRI","Costa Rica","America","High income",1977,8.24294,3.73369,2207720,FALSE
"CRI","Costa Rica","America","High income",1978,8.66329,3.82291,2266150,FALSE
"CRI","Costa Rica","America","High income",1979,8.87462,3.81425,2326700,FALSE
"CRI","Costa Rica","America","High income",1980,8.71856,3.64898,2389310,FALSE
"CRI","Costa Rica","America","High income",1981,8.8168,3.59264,2454130,FALSE
"CRI","Costa Rica","America","High income",1982,8.43782,3.34679,2521170,FALSE
"CRI","Costa Rica","America","High income",1983,8.77311,3.38739,2589930,FALSE
"CRI","Costa Rica","America","High income",1984,8.9708,3.37276,2659780,FALSE
"CRI","Costa Rica","America","High income",1985,8.86206,3.2459,2730230,FALSE
"CRI","Costa Rica","America","High income",1986,8.93619,3.19037,2800990,FALSE
"CRI","Costa Rica","America","High income",1987,8.95562,3.11803,2872210,FALSE
"CRI","Costa Rica","America","High income",1988,9.07292,3.08125,2944560,FALSE
"CRI","Costa Rica","America","High income",1989,9.37158,3.10425,3018950,FALSE
"CRI","Costa Rica","America","High income",1990,9.59485,3.09912,3095990,FALSE
"CRI","Costa Rica","America","High income",1991,9.88035,3.11129,3175650,FALSE
"CRI","Costa Rica","America","High income",1992,11.07372,3.39948,3257470,FALSE
"CRI","Costa Rica","America","High income",1993,11.07982,3.31632,3341000,FALSE
"CRI","Costa Rica","America","High income",1994,11.49946,3.35683,3425690,FALSE
"CRI","Costa Rica","America","High income",1995,10.95807,3.12113,3510930,FALSE
"CRI","Costa Rica","America","High income",1996,10.91396,3.03441,3596730,FALSE
"CRI","Costa Rica","America","High income",1997,10.93136,2.96829,3682720,FALSE
"CRI","Costa Rica","America","High income",1998,11.49303,3.05068,3767370,FALSE
"CRI","Costa Rica","America","High income",1999,11.25274,2.92376,3848720,FALSE
"CRI","Costa Rica","America","High income",2000,10.98807,2.7992,3925440,FALSE
"CRI","Costa Rica","America","High income",2001,11.13742,2.78658,3996800,FALSE
"CRI","Costa Rica","America","High income",2002,11.15177,2.74458,4063200,FALSE
"CRI","Costa Rica","America","High income",2003,11.58412,2.80761,4125970,FALSE
"CRI","Costa Rica","America","High income",2004,11.85627,2.83166,4187040,FALSE
"CRI","Costa Rica","America","High income",2005,12.26237,2.88673,4247840,FALSE
"CRI","Costa Rica","America","High income",2006,12.83173,2.97804,4308790,FALSE
"CRI","Costa Rica","America","High income",2007,13.94192,3.19076,4369470,FALSE
"CRI","Costa Rica","America","High income",2008,14.12307,3.18841,4429510,FALSE
"CRI","Costa Rica","America","High income",2009,13.94823,3.10771,4488260,FALSE
"CRI","Costa Rica","America","High income",2010,14.10679,3.10361,4545280,FALSE
"CRI","Costa Rica","America","High income",2011,14.52761,3.15785,4600470,FALSE
"CRI","Costa Rica","America","High income",2012,14.12833,3.03566,4654120,FALSE
"CRI","Costa Rica","America","High income",2013,14.47252,3.07507,4706400,FALSE
"CRI","Costa Rica","America","High income",2014,14.69241,3.08822,4757570,FALSE
"CRI","Costa Rica","America","High income",2015,14.49079,3.01399,4807850,FALSE
"CRI","Costa Rica","America","High income",2016,15.17188,3.12354,4857270,FALSE
"CRI","Costa Rica","America","High income",2017,15.51894,3.16341,4905770,FALSE
"CRI","Costa Rica","America","High income",2018,15.99829,3.22989,4953199,FALSE
"CRI","Costa Rica","America","High income",2019,15.85293,3.17098,4999384,FALSE
"CRI","Costa Rica","America","High income",2020,14.34765,2.8444,5044179,FALSE
"CRI","Costa Rica","America","High income",2021,15.42777,3.03219,5088000,FALSE
"CRI","Costa Rica","America","High income",2022,15.68504,3.05811,5129000,FALSE
"CRI","Costa Rica","America","High income",2023,16.72672,3.23534,5170000,FALSE
"CRI","Costa Rica","America","High income",2024,17.07687,3.27834,5209000,FALSE
"CUB","Cuba","America","Upper middle income",1970,42.48445,4.8748,8715120,FALSE
"CUB","Cuba","America","Upper middle income",1971,40.83204,4.60341,8869960,FALSE
"CUB","Cuba","America","Upper middle income",1972,39.94253,4.42562,9025300,FALSE
"CUB","Cuba","America","Upper middle income",1973,41.79244,4.55451,9176050,FALSE
"CUB","Cuba","America","Upper middle income",1974,44.02782,4.72636,9315370,FALSE
"CUB","Cuba","America","Upper middle income",1975,45.00612,4.76839,9438440,FALSE
"CUB","Cuba","America","Upper middle income",1976,46.91399,4.91541,9544270,FALSE
"CUB","Cuba","America","Upper middle income",1977,49.43963,5.13142,9634680,FALSE
"CUB","Cuba","America","Upper middle income",1978,52.16797,5.37183,9711390,FALSE
"CUB","Cuba","America","Upper middle income",1979,53.20723,5.44192,9777290,FALSE
"CUB","Cuba","America","Upper middle income",1980,53.61538,5.45139,9835180,FALSE
"CUB","Cuba","America","Upper middle income",1981,54.16217,5.47967,9884210,FALSE
"CUB","Cuba","America","Upper middle income",1982,53.52581,5.39269,9925620,FALSE
"CUB","Cuba","America","Upper middle income",1983,55.80262,5.59889,9966730,FALSE
"CUB","Cuba","America","Upper middle income",1984,58.74185,5.86416,10017100,FALSE
"CUB","Cuba","America","Upper middle income",1985,55.97219,5.55114,10083000,FALSE
"CUB","Cuba","America","Upper middle income",1986,56.69088,5.57537,10168100,FALSE
"CUB","Cuba","America","Upper middle income",1987,59.61336,5.80484,10269600,FALSE
"CUB","Cuba","America","Upper middle income",1988,61.29828,5.90571,10379500,FALSE
"CUB","Cuba","America","Upper middle income",1989,62.81571,5.99015,10486500,FALSE
"CUB","Cuba","America","Upper middle income",1990,59.03176,5.57845,10582100,FALSE
"CUB","Cuba","America","Upper middle income",1991,49.70877,4.66154,10663600,FALSE
"CUB","Cuba","America","Upper middle income",1992,42.95243,4.00175,10733400,FALSE
"CUB","Cuba","America","Upper middle income",1993,39.14908,3.6269,10794100,FALSE
"CUB","Cuba","America","Upper middle income",1994,40.14987,3.70024,10850600,FALSE
"CUB","Cuba","America","Upper middle income",1995,41.10778,3.76928,10906000,FALSE
"CUB","Cuba","America","Upper middle income",1996,43.85973,4.00144,10961000,FALSE
"CUB","Cuba","America","Upper middle income",1997,46.36203,4.20937,11014000,FALSE
"CUB","Cuba","America","Upper middle income",1998,45.2348,4.08843,11064100,FALSE
"CUB","Cuba","America","Upper middle income",1999,45.72569,4.11572,11110000,FALSE
"CUB","Cuba","America","Upper middle income",2000,46.02786,4.1278,11150700,FALSE
"CUB","Cuba","America","Upper middle income",2001,44.4571,3.97417,11186500,FALSE
"CUB","Cuba","America","Upper middle income",2002,43.06071,3.83854,11218000,FALSE
"CUB","Cuba","America","Upper middle income",2003,42.15162,3.74851,11244900,FALSE
"CUB","Cuba","America","Upper middle income",2004,41.30998,3.66649,11266900,FALSE
"CUB","Cuba","America","Upper middle income",2005,41.51186,3.67873,11284300,FALSE
"CUB","Cuba","America","Upper middle income",2006,42.84363,3.79275,11296200,FALSE
"CUB","Cuba","America","Upper middle income",2007,43.84613,3.87892,11303700,FALSE
"CUB","Cuba","America","Upper middle income",2008,43.26766,3.82568,11309800,FALSE
"CUB","Cuba","America","Upper middle income",2009,43.74915,3.86524,11318600,FALSE
"CUB","Cuba","America","Upper middle income",2010,44.54078,3.93015,11333100,FALSE
"CUB","Cuba","America","Upper middle income",2011,44.36568,3.90725,11354700,FALSE
"CUB","Cuba","America","Upper middle income",2012,45.49235,3.99683,11382100,FALSE
"CUB","Cuba","America","Upper middle income",2013,46.00972,4.03163,11412200,FALSE
"CUB","Cuba","America","Upper middle income",2014,44.11343,3.85614,11439800,FALSE
"CUB","Cuba","America","Upper middle income",2015,46.2138,4.03213,11461400,FALSE
"CUB","Cuba","America","Upper middle income",2016,44.14076,3.84635,11476000,FALSE
"CUB","Cuba","America","Upper middle income",2017,43.1098,3.75371,11484600,FALSE
"CUB","Cuba","America","Upper middle income",2018,43.45304,3.78212,11489082,FALSE
"CUB","Cuba","America","Upper middle income",2019,38.99965,3.39362,11492046,FALSE
"CUB","Cuba","America","Upper middle income",2020,34.48396,2.99978,11495492,FALSE
"CUB","Cuba","America","Upper middle income",2021,37.74225,3.28222,11499000,FALSE
"CUB","Cuba","America","Upper middle income",2022,34.99699,3.04216,11504000,FALSE
"CUB","Cuba","America","Upper middle income",2023,35.09995,3.05005,11508000,FALSE
"CUB","Cuba","America","Upper middle income",2024,35.98572,3.1262,11511000,FALSE
"CYM","Cayman Islands","America","High income",1970,0.03609,3.94702,9144,FALSE
"CYM","Cayman Islands","America","High income",1971,0.03847,4.01559,9581,FALSE
"CYM","Cayman Islands","America","High income",1972,0.04716,4.65259,10136,FALSE
"CYM","Cayman Islands","America","High income",1973,0.05019,4.65422,10784,FALSE
"CYM","Cayman Islands","America","High income",1974,0.04866,4.23214,11498,FALSE
"CYM","Cayman Islands","America","High income",1975,0.05932,4.84445,12244,FALSE
"CYM","Cayman Islands","America","High income",1976,0.05794,4.4497,13022,FALSE
"CYM","Cayman Islands","America","High income",1977,0.06576,4.75142,13841,FALSE
"CYM","Cayman Islands","America","High income",1978,0.06869,4.68503,14661,FALSE
"CYM","Cayman Islands","America","High income",1979,0.07087,4.58864,15444,FALSE
"CYM","Cayman Islands","America","High income",1980,0.07332,4.53679,16162,FALSE
"CYM","Cayman Islands","America","High income",1981,0.07517,4.47727,16789,FALSE
"CYM","Cayman Islands","America","High income",1982,0.07611,4.38517,17356,FALSE
"CYM","Cayman Islands","America","High income",1983,0.08501,4.74738,17906,FALSE
"CYM","Cayman Islands","America","High income",1984,0.08508,4.58826,18543,FALSE
"CYM","Cayman Islands","America","High income",1985,0.08799,4.55583,19313,FALSE
"CYM","Cayman Islands","America","High income",1986,0.09667,4.77348,20251,FALSE
"CYM","Cayman Islands","America","High income",1987,0.10736,5.0312,21339,FALSE
"CYM","Cayman Islands","America","High income",1988,0.12048,5.34551,22538,FALSE
"CYM","Cayman Islands","America","High income",1989,0.12338,5.1891,23776,FALSE
"CYM","Cayman Islands","America","High income",1990,0.12979,5.18964,25010,FALSE
"CYM","Cayman Islands","America","High income",1991,0.12797,4.88195,26213,FALSE
"CYM","Cayman Islands","America","High income",1992,0.13081,4.77342,27404,FALSE
"CYM","Cayman Islands","America","High income",1993,0.12235,4.27103,28646,FALSE
"CYM","Cayman Islands","America","High income",1994,0.14312,4.76204,30055,FALSE
"CYM","Cayman Islands","America","High income",1995,0.14994,4.73423,31672,FALSE
"CYM","Cayman Islands","America","High income",1996,0.14945,4.45635,33536,FALSE
"CYM","Cayman Islands","America","High income",1997,0.15378,4.31994,35597,FALSE
"CYM","Cayman Islands","America","High income",1998,0.15813,4.19007,37740,FALSE
"CYM","Cayman Islands","America","High income",1999,0.16065,4.03555,39808,FALSE
"CYM","Cayman Islands","America","High income",2000,0.15123,3.62771,41687,FALSE
"CYM","Cayman Islands","America","High income",2001,0.15086,3.48281,43316,FALSE
"CYM","Cayman Islands","America","High income",2002,0.16386,3.66269,44738,FALSE
"CYM","Cayman Islands","America","High income",2003,0.17214,3.73983,46028,FALSE
"CYM","Cayman Islands","America","High income",2004,0.16135,3.41133,47299,FALSE
"CYM","Cayman Islands","America","High income",2005,0.16919,3.4797,48622,FALSE
"CYM","Cayman Islands","America","High income",2006,0.1874,3.7456,50031,FALSE
"CYM","Cayman Islands","America","High income",2007,0.2305,4.47711,51483,FALSE
"CYM","Cayman Islands","America","High income",2008,0.24914,4.7073,52926,FALSE
"CYM","Cayman Islands","America","High income",2009,0.25324,4.6656,54279,FALSE
"CYM","Cayman Islands","America","High income",2010,0.27345,4.92641,55507,FALSE
"CYM","Cayman Islands","America","High income",2011,0.22513,3.97901,56579,FALSE
"CYM","Cayman Islands","America","High income",2012,0.2164,3.76195,57523,FALSE
"CYM","Cayman Islands","America","High income",2013,0.24275,4.1587,58371,FALSE
"CYM","Cayman Islands","America","High income",2014,0.25883,4.37422,59172,FALSE
"CYM","Cayman Islands","America","High income",2015,0.27836,4.64217,59963,FALSE
"CYM","Cayman Islands","America","High income",2016,0.29149,4.79693,60765,FALSE
"CYM","Cayman Islands","America","High income",2017,0.30985,5.03346,61559,FALSE
"CYM","Cayman Islands","America","High income",2018,0.33891,5.43585,62348,FALSE
"CYM","Cayman Islands","America","High income",2019,0.42541,6.7388,63129,FALSE
"CYM","Cayman Islands","America","High income",2020,0.36328,5.68606,63890,FALSE
"CYM","Cayman Islands","America","High income",2021,0.34577,5.3196,65000,FALSE
"CYM","Cayman Islands","America","High income",2022,0.39122,6.01876,65000,FALSE
"CYM","Cayman Islands","America","High income",2023,0.39273,5.9504,66000,FALSE
"CYM","Cayman Islands","America","High income",2024,0.40594,6.05875,67000,FALSE
"CYP","Cyprus","Asia","High income",1970,2.9681,4.83703,613621,TRUE
"CYP","Cyprus","Asia","High income",1971,3.01307,4.85307,620859,TRUE
"CYP","Cyprus","Asia","High income",1972,3.50981,5.58885,628002,TRUE
"CYP","Cyprus","Asia","High income",1973,3.6297,5.71506,635111,TRUE
"CYP","Cyprus","Asia","High income",1974,2.88868,4.49712,642339,TRUE
"CYP","Cyprus","Asia","High income",1975,2.81595,4.33386,649755,TRUE
"CYP","Cyprus","Asia","High income",1976,3.2618,4.96065,657534,TRUE
"CYP","Cyprus","Asia","High income",1977,3.44485,5.17611,665528,TRUE
"CYP","Cyprus","Asia","High income",1978,3.58536,5.32544,673251,TRUE
"CYP","Cyprus","Asia","High income",1979,3.78263,5.5626,680011,TRUE
"CYP","Cyprus","Asia","High income",1980,3.96959,5.79159,685406,TRUE
"CYP","Cyprus","Asia","High income",1981,3.84909,5.58508,689173,TRUE
"CYP","Cyprus","Asia","High income",1982,3.93926,5.69502,691702,TRUE
"CYP","Cyprus","Asia","High income",1983,3.94328,5.68132,694077,TRUE
"CYP","Cyprus","Asia","High income",1984,4.02628,5.77066,697717,TRUE
"CYP","Cyprus","Asia","High income",1985,3.98715,5.66609,703687,TRUE
"CYP","Cyprus","Asia","High income",1986,4.34999,6.10661,712341,TRUE
"CYP","Cyprus","Asia","High income",1987,4.94467,6.83551,723380,TRUE
"CYP","Cyprus","Asia","High income",1988,5.01654,6.81152,736479,TRUE
"CYP","Cyprus","Asia","High income",1989,5.27139,7.01875,751044,TRUE
"CYP","Cyprus","Asia","High income",1990,5.58143,7.28062,766614,TRUE
"CYP","Cyprus","Asia","High income",1991,6.12163,7.81688,783129,TRUE
"CYP","Cyprus","Asia","High income",1992,6.52707,8.15263,800609,TRUE
"CYP","Cyprus","Asia","High income",1993,6.81445,8.32299,818751,TRUE
"CYP","Cyprus","Asia","High income",1994,7.09319,8.47342,837110,TRUE
"CYP","Cyprus","Asia","High income",1995,6.98551,8.16652,855384,TRUE
"CYP","Cyprus","Asia","High income",1996,7.38226,8.4521,873423,TRUE
"CYP","Cyprus","Asia","High income",1997,7.46027,8.37112,891192,TRUE
"CYP","Cyprus","Asia","High income",1998,7.79206,8.57491,908704,TRUE
"CYP","Cyprus","Asia","High income",1999,8.07194,8.71653,926050,TRUE
"CYP","Cyprus","Asia","High income",2000,8.33712,8.83838,943286,TRUE
"CYP","Cyprus","Asia","High income",2001,8.26252,8.60426,960282,TRUE
"CYP","Cyprus","Asia","High income",2002,8.48964,8.6898,976966,TRUE
"CYP","Cyprus","Asia","High income",2003,9.16933,9.22874,993563,TRUE
"CYP","Cyprus","Asia","High income",2004,9.12384,9.02983,1010410,TRUE
"CYP","Cyprus","Asia","High income",2005,9.23354,8.98502,1027660,TRUE
"CYP","Cyprus","Asia","High income",2006,9.35205,8.94497,1045510,TRUE
"CYP","Cyprus","Asia","High income",2007,9.66515,9.08627,1063710,TRUE
"CYP","Cyprus","Asia","High income",2008,9.87666,9.13186,1081560,TRUE
"CYP","Cyprus","Asia","High income",2009,9.68368,8.81874,1098080,TRUE
"CYP","Cyprus","Asia","High income",2010,9.35351,8.40682,1112610,TRUE
"CYP","Cyprus","Asia","High income",2011,9.1367,8.12267,1124840,TRUE
"CYP","Cyprus","Asia","High income",2012,8.60397,7.58019,1135060,TRUE
"CYP","Cyprus","Asia","High income",2013,7.92458,6.92769,1143900,TRUE
"CYP","Cyprus","Asia","High income",2014,8.33971,7.23738,1152310,TRUE
"CYP","Cyprus","Asia","High income",2015,8.40648,7.24084,1160980,TRUE
"CYP","Cyprus","Asia","High income",2016,8.8287,7.54512,1170120,TRUE
"CYP","Cyprus","Asia","High income",2017,9.03295,7.65796,1179550,TRUE
"CYP","Cyprus","Asia","High income",2018,8.93444,7.51371,1189085,TRUE
"CYP","Cyprus","Asia","High income",2019,8.97687,7.49054,1198427,TRUE
"CYP","Cyprus","Asia","High income",2020,8.61291,7.13377,1207343,TRUE
"CYP","Cyprus","Asia","High income",2021,8.75634,7.20094,1216000,TRUE
"CYP","Cyprus","Asia","High income",2022,9.05543,7.39822,1224000,TRUE
"CYP","Cyprus","Asia","High income",2023,9.10776,7.39267,1232000,TRUE
"CYP","Cyprus","Asia","High income",2024,9.34318,7.53482,1240000,TRUE
"CZE","Czechia","Europe","High income",1970,220.09436,22.41784,9817820,FALSE
"CZE","Czechia","Europe","High income",1971,221.01534,22.44405,9847390,FALSE
"CZE","Czechia","Europe","High income",1972,221.11567,22.35461,9891280,FALSE
"CZE","Czechia","Europe","High income",1973,219.34193,22.05244,9946380,FALSE
"CZE","Czechia","Europe","High income",1974,202.90179,20.27497,10007500,FALSE
"CZE","Czechia","Europe","High income",1975,210.73342,20.92665,10070100,FALSE
"CZE","Czechia","Europe","High income",1976,216.59518,21.37164,10134700,FALSE
"CZE","Czechia","Europe","High income",1977,228.44909,22.39499,10200900,FALSE
"CZE","Czechia","Europe","High income",1978,226.52639,22.07193,10263100,FALSE
"CZE","Czechia","Europe","High income",1979,236.9222,22.97049,10314200,FALSE
"CZE","Czechia","Europe","High income",1980,229.79467,22.20389,10349300,FALSE
"CZE","Czechia","Europe","High income",1981,230.1927,22.20715,10365700,FALSE
"CZE","Czechia","Europe","High income",1982,232.15218,22.39662,10365500,FALSE
"CZE","Czechia","Europe","High income",1983,233.25285,22.52715,10354300,FALSE
"CZE","Czechia","Europe","High income",1984,236.51899,22.87241,10340800,FALSE
"CZE","Czechia","Europe","High income",1985,233.32891,22.58444,10331400,FALSE
"CZE","Czechia","Europe","High income",1986,231.82859,22.4477,10327500,FALSE
"CZE","Czechia","Europe","High income",1987,231.54468,22.41977,10327700,FALSE
"CZE","Czechia","Europe","High income",1988,227.65671,22.03584,10331200,FALSE
"CZE","Czechia","Europe","High income",1989,219.74388,21.25964,10336200,FALSE
"CZE","Czechia","Europe","High income",1990,199.58164,19.29966,10341200,FALSE
"CZE","Czechia","Europe","High income",1991,179.99606,17.3963,10346800,FALSE
"CZE","Czechia","Europe","High income",1992,172.19071,16.63148,10353300,FALSE
"CZE","Czechia","Europe","High income",1993,165.74691,16.00028,10359000,FALSE
"CZE","Czechia","Europe","High income",1994,158.00296,15.24948,10361200,FALSE
"CZE","Czechia","Europe","High income",1995,156.9918,15.15584,10358500,FALSE
"CZE","Czechia","Europe","High income",1996,162.08669,15.65964,10350600,FALSE
"CZE","Czechia","Europe","High income",1997,158.49157,15.33008,10338600,FALSE
"CZE","Czechia","Europe","High income",1998,152.06161,14.72966,10323500,FALSE
"CZE","Czechia","Europe","High income",1999,144.05647,13.97711,10306600,FALSE
"CZE","Czechia","Europe","High income",2000,158.13806,15.36873,10289600,FALSE
"CZE","Czechia","Europe","High income",2001,158.1937,15.40168,10271200,FALSE
"CZE","Czechia","Europe","High income",2002,152.42683,14.86743,10252400,FALSE
"CZE","Czechia","Europe","High income",2003,155.50172,15.18675,10239300,FALSE
"CZE","Czechia","Europe","High income",2004,156.29497,15.26393,10239500,FALSE
"CZE","Czechia","Europe","High income",2005,153.14574,14.9291,10258200,FALSE
"CZE","Czechia","Europe","High income",2006,154.85289,15.03674,10298300,FALSE
"CZE","Czechia","Europe","High income",2007,156.69098,15.12958,10356600,FALSE
"CZE","Czechia","Europe","High income",2008,150.34018,14.42278,10423800,FALSE
"CZE","Czechia","Europe","High income",2009,143.23211,13.65832,10486800,FALSE
"CZE","Czechia","Europe","High income",2010,145.06872,13.76847,10536300,FALSE
"CZE","Czechia","Europe","High income",2011,142.57957,13.49074,10568700,FALSE
"CZE","Czechia","Europe","High income",2012,138.26926,13.06053,10586800,FALSE
"CZE","Czechia","Europe","High income",2013,133.77776,12.6271,10594500,FALSE
"CZE","Czechia","Europe","High income",2014,131.91135,12.44623,10598500,FALSE
"CZE","Czechia","Europe","High income",2015,133.52597,12.59227,10603800,FALSE
"CZE","Czechia","Europe","High income",2016,134.68526,12.6931,10610900,FALSE
"CZE","Czechia","Europe","High income",2017,135.47861,12.75897,10618300,FALSE
"CZE","Czechia","Europe","High income",2018,133.85902,12.5982,10625250,FALSE
"CZE","Czechia","Europe","High income",2019,128.19388,12.05896,10630589,FALSE
"CZE","Czechia","Europe","High income",2020,118.24766,11.12037,10633424,FALSE
"CZE","Czechia","Europe","High income",2021,123.5249,11.61603,10634000,FALSE
"CZE","Czechia","Europe","High income",2022,121.91622,11.46691,10632000,FALSE
"CZE","Czechia","Europe","High income",2023,108.83311,10.23926,10629000,FALSE
"CZE","Czechia","Europe","High income",2024,100.37921,9.45012,10622000,FALSE
"DEU","Germany","Europe","High income",1970,1325.31485,16.86731,78573000,TRUE
"DEU","Germany","Europe","High income",1971,1317.75461,16.72562,78786600,TRUE
"DEU","Germany","Europe","High income",1972,1341.96007,17.008,78901700,TRUE
"DEU","Germany","Europe","High income",1973,1396.90203,17.6966,78936200,TRUE
"DEU","Germany","Europe","High income",1974,1363.11781,17.27276,78917200,TRUE
"DEU","Germany","Europe","High income",1975,1298.81835,16.46857,78866500,TRUE
"DEU","Germany","Europe","High income",1976,1361.93266,17.28462,78794500,TRUE
"DEU","Germany","Europe","High income",1977,1337.83851,16.99883,78701800,TRUE
"DEU","Germany","Europe","High income",1978,1379.56414,17.5541,78589300,TRUE
"DEU","Germany","Europe","High income",1979,1433.043,18.26584,78454800,TRUE
"DEU","Germany","Europe","High income",1980,1379.37184,17.61636,78300600,TRUE
"DEU","Germany","Europe","High income",1981,1342.73402,17.18675,78126100,TRUE
"DEU","Germany","Europe","High income",1982,1292.20304,16.57844,77944800,TRUE
"DEU","Germany","Europe","High income",1983,1305.50149,16.78236,77790100,TRUE
"DEU","Germany","Europe","High income",1984,1322.57212,17.02058,77704300,TRUE
"DEU","Germany","Europe","High income",1985,1323.13354,17.02493,77717400,TRUE
"DEU","Germany","Europe","High income",1986,1311.8178,16.85329,77837500,TRUE
"DEU","Germany","Europe","High income",1987,1300.57156,16.66244,78054100,TRUE
"DEU","Germany","Europe","High income",1988,1293.08537,16.50312,78354000,TRUE
"DEU","Germany","Europe","High income",1989,1280.57868,16.26842,78715600,TRUE
"DEU","Germany","Europe","High income",1990,1235.63289,15.61754,79118300,TRUE
"DEU","Germany","Europe","High income",1991,1210.16668,15.20988,79564500,TRUE
"DEU","Germany","Europe","High income",1992,1146.5932,14.32414,80046200,TRUE
"DEU","Germany","Europe","High income",1993,1132.91112,14.06992,80520100,TRUE
"DEU","Germany","Europe","High income",1994,1118.78018,13.82388,80931000,TRUE
"DEU","Germany","Europe","High income",1995,1110.48732,13.66912,81240600,TRUE
"DEU","Germany","Europe","High income",1996,1137.30939,13.96735,81426300,TRUE
"DEU","Germany","Europe","High income",1997,1099.17629,13.48684,81499900,TRUE
"DEU","Germany","Europe","High income",1998,1079.09917,13.24061,81499200,TRUE
"DEU","Germany","Europe","High income",1999,1037.34834,12.73107,81481600,TRUE
"DEU","Germany","Europe","High income",2000,1033.125,12.67828,81487800,TRUE
"DEU","Germany","Europe","High income",2001,1041.65239,12.7754,81535800,TRUE
"DEU","Germany","Europe","High income",2002,1021.94607,12.52202,81611900,TRUE
"DEU","Germany","Europe","High income",2003,1024.3756,12.54033,81686500,TRUE
"DEU","Germany","Europe","High income",2004,1007.15995,12.32517,81715700,TRUE
"DEU","Germany","Europe","High income",2005,980.81668,12.00933,81671200,TRUE
"DEU","Germany","Europe","High income",2006,987.45689,12.11003,81540400,TRUE
"DEU","Germany","Europe","High income",2007,959.3779,11.79401,81344500,TRUE
"DEU","Germany","Europe","High income",2008,958.30796,11.81187,81130900,TRUE
"DEU","Germany","Europe","High income",2009,892.94034,11.02864,80965600,TRUE
"DEU","Germany","Europe","High income",2010,939.3062,11.61145,80894800,TRUE
"DEU","Germany","Europe","High income",2011,910.54294,11.25044,80934000,TRUE
"DEU","Germany","Europe","High income",2012,921.43537,11.36646,81066200,TRUE
"DEU","Germany","Europe","High income",2013,938.53721,11.54908,81265100,TRUE
"DEU","Germany","Europe","High income",2014,899.22316,11.03481,81489700,TRUE
"DEU","Germany","Europe","High income",2015,904.24435,11.06681,81707800,TRUE
"DEU","Germany","Europe","High income",2016,906.92101,11.07153,81914700,TRUE
"DEU","Germany","Europe","High income",2017,890.45649,10.84412,82114200,TRUE
"DEU","Germany","Europe","High income",2018,859.30594,10.44197,82293457,TRUE
"DEU","Germany","Europe","High income",2019,806.04325,9.77749,82438639,TRUE
"DEU","Germany","Europe","High income",2020,747.02679,9.05043,82540450,TRUE
"DEU","Germany","Europe","High income",2021,773.68859,9.36782,82590000,TRUE
"DEU","Germany","Europe","High income",2022,758.38718,9.18233,82592000,TRUE
"DEU","Germany","Europe","High income",2023,685.65836,8.30537,82556000,TRUE
"DEU","Germany","Europe","High income",2024,674.35833,8.17345,82506000,TRUE
"DJI","Djibouti","Africa","Lower middle income",1970,0.98261,6.1544,159659,FALSE
"DJI","Djibouti","Africa","Lower middle income",1971,0.99787,5.89161,169372,FALSE
"DJI","Djibouti","Africa","Lower middle income",1972,1.0035,5.59914,179224,FALSE
"DJI","Djibouti","Africa","Lower middle income",1973,1.03473,5.42969,190568,FALSE
"DJI","Djibouti","Africa","Lower middle income",1974,1.11023,5.41096,205181,FALSE
"DJI","Djibouti","Africa","Lower middle income",1975,1.16925,5.21559,224183,FALSE
"DJI","Djibouti","Africa","Lower middle income",1976,1.21851,4.90238,248556,FALSE
"DJI","Djibouti","Africa","Lower middle income",1977,1.29651,4.67248,277479,FALSE
"DJI","Djibouti","Africa","Lower middle income",1978,1.3402,4.35118,308008,FALSE
"DJI","Djibouti","Africa","Lower middle income",1979,1.49652,4.45279,336085,FALSE
"DJI","Djibouti","Africa","Lower middle income",1980,1.51432,4.21864,358960,FALSE
"DJI","Djibouti","Africa","Lower middle income",1981,1.27184,3.39214,374937,FALSE
"DJI","Djibouti","Africa","Lower middle income",1982,1.22287,3.17405,385271,FALSE
"DJI","Djibouti","Africa","Lower middle income",1983,1.13202,2.8746,393802,FALSE
"DJI","Djibouti","Africa","Lower middle income",1984,1.0416,2.56542,406017,FALSE
"DJI","Djibouti","Africa","Lower middle income",1985,1.07481,2.52532,425613,FALSE
"DJI","Djibouti","Africa","Lower middle income",1986,1.07117,2.35752,454361,FALSE
"DJI","Djibouti","Africa","Lower middle income",1987,1.31376,2.67934,490330,FALSE
"DJI","Djibouti","Africa","Lower middle income",1988,1.29321,2.44464,528999,FALSE
"DJI","Djibouti","Africa","Lower middle income",1989,1.99389,3.53612,563864,FALSE
"DJI","Djibouti","Africa","Lower middle income",1990,1.85071,3.13468,590398,FALSE
"DJI","Djibouti","Africa","Lower middle income",1991,2.12404,3.50014,606844,FALSE
"DJI","Djibouti","Africa","Lower middle income",1992,1.96157,3.18927,615054,FALSE
"DJI","Djibouti","Africa","Lower middle income",1993,1.97854,3.19896,618495,FALSE
"DJI","Djibouti","Africa","Lower middle income",1994,2.01044,3.23033,622366,FALSE
"DJI","Djibouti","Africa","Lower middle income",1995,2.08858,3.31316,630388,FALSE
"DJI","Djibouti","Africa","Lower middle income",1996,2.15533,3.34844,643682,FALSE
"DJI","Djibouti","Africa","Lower middle income",1997,2.1747,3.29025,660953,FALSE
"DJI","Djibouti","Africa","Lower middle income",1998,2.22128,3.26366,680612,FALSE
"DJI","Djibouti","Africa","Lower middle income",1999,2.32556,3.32175,700099,FALSE
"DJI","Djibouti","Africa","Lower middle income",2000,1.86821,2.60347,717584,FALSE
"DJI","Djibouti","Africa","Lower middle income",2001,1.88141,2.56773,732711,FALSE
"DJI","Djibouti","Africa","Lower middle income",2002,1.91582,2.56737,746221,FALSE
"DJI","Djibouti","Africa","Lower middle income",2003,1.97556,2.60416,758615,FALSE
"DJI","Djibouti","Africa","Lower middle income",2004,1.95597,2.53774,770752,FALSE
"DJI","Djibouti","Africa","Lower middle income",2005,1.93486,2.47029,783254,FALSE
"DJI","Djibouti","Africa","Lower middle income",2006,1.91406,2.40396,796208,FALSE
"DJI","Djibouti","Africa","Lower middle income",2007,1.9505,2.40981,809402,FALSE
"DJI","Djibouti","Africa","Lower middle income",2008,2.04039,2.47941,822934,FALSE
"DJI","Djibouti","Africa","Lower middle income",2009,1.93453,2.31171,836840,FALSE
"DJI","Djibouti","Africa","Lower middle income",2010,2.01463,2.36696,851146,FALSE
"DJI","Djibouti","Africa","Lower middle income",2011,1.8431,2.12844,865937,FALSE
"DJI","Djibouti","Africa","Lower middle income",2012,2.03729,2.31199,881185,FALSE
"DJI","Djibouti","Africa","Lower middle income",2013,2.1361,2.38221,896688,FALSE
"DJI","Djibouti","Africa","Lower middle income",2014,2.15814,2.36596,912164,FALSE
"DJI","Djibouti","Africa","Lower middle income",2015,2.09576,2.25979,927414,FALSE
"DJI","Djibouti","Africa","Lower middle income",2016,2.07776,2.20491,942333,FALSE
"DJI","Djibouti","Africa","Lower middle income",2017,2.0224,2.1133,956985,FALSE
"DJI","Djibouti","Africa","Lower middle income",2018,2.09272,2.15431,971408,FALSE
"DJI","Djibouti","Africa","Lower middle income",2019,2.22157,2.25382,985690,FALSE
"DJI","Djibouti","Africa","Lower middle income",2020,2.16262,2.16284,999899,FALSE
"DJI","Djibouti","Africa","Lower middle income",2021,2.26019,2.22898,1014000,FALSE
"DJI","Djibouti","Africa","Lower middle income",2022,2.34515,2.28128,1028000,FALSE
"DJI","Djibouti","Africa","Lower middle income",2023,2.38835,2.29429,1041000,FALSE
"DJI","Djibouti","Africa","Lower middle income",2024,2.41734,2.29132,1055000,FALSE
"DMA","Dominica","America","Upper middle income",1970,0.0322,0.45312,71073,FALSE
"DMA","Dominica","America","Upper middle income",1971,0.03426,0.47867,71569,FALSE
"DMA","Dominica","America","Upper middle income",1972,0.03678,0.51271,71734,FALSE
"DMA","Dominica","America","Upper middle income",1973,0.03812,0.5313,71744,FALSE
"DMA","Dominica","America","Upper middle income",1974,0.03831,0.5335,71807,FALSE
"DMA","Dominica","America","Upper middle income",1975,0.04127,0.57245,72094,FALSE
"DMA","Dominica","America","Upper middle income",1976,0.04169,0.57386,72642,FALSE
"DMA","Dominica","America","Upper middle income",1977,0.04423,0.60245,73411,FALSE
"DMA","Dominica","America","Upper middle income",1978,0.04564,0.61479,74242,FALSE
"DMA","Dominica","America","Upper middle income",1979,0.04717,0.62961,74925,FALSE
"DMA","Dominica","America","Upper middle income",1980,0.04826,0.64082,75314,FALSE
"DMA","Dominica","America","Upper middle income",1981,0.05377,0.71332,75375,FALSE
"DMA","Dominica","America","Upper middle income",1982,0.05387,0.71661,75170,FALSE
"DMA","Dominica","America","Upper middle income",1983,0.05428,0.72619,74747,FALSE
"DMA","Dominica","America","Upper middle income",1984,0.05716,0.77017,74213,FALSE
"DMA","Dominica","America","Upper middle income",1985,0.05962,0.80956,73643,FALSE
"DMA","Dominica","America","Upper middle income",1986,0.06011,0.82316,73025,FALSE
"DMA","Dominica","America","Upper middle income",1987,0.07165,0.99008,72370,FALSE
"DMA","Dominica","America","Upper middle income",1988,0.07558,1.05355,71742,FALSE
"DMA","Dominica","America","Upper middle income",1989,0.07904,1.10942,71242,FALSE
"DMA","Dominica","America","Upper middle income",1990,0.07949,1.1207,70926,FALSE
"DMA","Dominica","America","Upper middle income",1991,0.07925,1.11873,70842,FALSE
"DMA","Dominica","America","Upper middle income",1992,0.07949,1.12,70970,FALSE
"DMA","Dominica","America","Upper middle income",1993,0.09703,1.36256,71210,FALSE
"DMA","Dominica","America","Upper middle income",1994,0.10977,1.53799,71373,FALSE
"DMA","Dominica","America","Upper middle income",1995,0.11764,1.6484,71368,FALSE
"DMA","Dominica","America","Upper middle income",1996,0.12361,1.73745,71145,FALSE
"DMA","Dominica","America","Upper middle income",1997,0.12136,1.71529,70753,FALSE
"DMA","Dominica","America","Upper middle income",1998,0.09533,1.3563,70290,FALSE
"DMA","Dominica","America","Upper middle income",1999,0.12125,1.73453,69903,FALSE
"DMA","Dominica","America","Upper middle income",2000,0.11391,1.63485,69676,FALSE
"DMA","Dominica","America","Upper middle income",2001,0.11417,1.63873,69670,FALSE
"DMA","Dominica","America","Upper middle income",2002,0.10885,1.55885,69824,FALSE
"DMA","Dominica","America","Upper middle income",2003,0.11623,1.65821,70093,FALSE
"DMA","Dominica","America","Upper middle income",2004,0.1204,1.71075,70379,FALSE
"DMA","Dominica","America","Upper middle income",2005,0.11959,1.69328,70627,FALSE
"DMA","Dominica","America","Upper middle income",2006,0.12355,1.74495,70807,FALSE
"DMA","Dominica","America","Upper middle income",2007,0.13752,1.93824,70950,FALSE
"DMA","Dominica","America","Upper middle income",2008,0.1358,1.91067,71074,FALSE
"DMA","Dominica","America","Upper middle income",2009,0.13761,1.93191,71229,FALSE
"DMA","Dominica","America","Upper middle income",2010,0.14047,1.9662,71440,FALSE
"DMA","Dominica","America","Upper middle income",2011,0.12451,1.73605,71718,FALSE
"DMA","Dominica","America","Upper middle income",2012,0.12009,1.66691,72044,FALSE
"DMA","Dominica","America","Upper middle income",2013,0.12571,1.73631,72400,FALSE
"DMA","Dominica","America","Upper middle income",2014,0.13338,1.83276,72778,FALSE
"DMA","Dominica","America","Upper middle income",2015,0.13883,1.8975,73162,FALSE
"DMA","Dominica","America","Upper middle income",2016,0.14447,1.96447,73543,FALSE
"DMA","Dominica","America","Upper middle income",2017,0.13551,1.83301,73925,FALSE
"DMA","Dominica","America","Upper middle income",2018,0.13792,1.856,74308,FALSE
"DMA","Dominica","America","Upper middle income",2019,0.15326,2.05228,74679,FALSE
"DMA","Dominica","America","Upper middle income",2020,0.14407,1.91955,75052,FALSE
"DMA","Dominica","America","Upper middle income",2021,0.14379,1.89195,76000,FALSE
"DMA","Dominica","America","Upper middle income",2022,0.14882,1.98425,75000,FALSE
"DMA","Dominica","America","Upper middle income",2023,0.14927,1.96414,76000,FALSE
"DMA","Dominica","America","Upper middle income",2024,0.15236,2.0047,76000,FALSE
"DNK","Denmark","Europe","High income",1970,80.29583,16.28309,4931240,FALSE
"DNK","Denmark","Europe","High income",1971,75.788,15.27442,4961760,FALSE
"DNK","Denmark","Europe","High income",1972,77.45124,15.51958,4990550,FALSE
"DNK","Denmark","Europe","High income",1973,76.98251,15.34357,5017250,FALSE
"DNK","Denmark","Europe","High income",1974,71.62866,14.20803,5041420,FALSE
"DNK","Denmark","Europe","High income",1975,73.3201,14.48232,5062730,FALSE
"DNK","Denmark","Europe","High income",1976,77.72652,15.29667,5081270,FALSE
"DNK","Denmark","Europe","High income",1977,81.09657,15.91049,5097050,FALSE
"DNK","Denmark","Europe","High income",1978,81.0423,15.86051,5109690,FALSE
"DNK","Denmark","Europe","High income",1979,84.15121,16.43993,5118710,FALSE
"DNK","Denmark","Europe","High income",1980,84.63087,16.51676,5123940,FALSE
"DNK","Denmark","Europe","High income",1981,72.46326,14.13834,5125300,FALSE
"DNK","Denmark","Europe","High income",1982,75.3855,14.7141,5123350,FALSE
"DNK","Denmark","Europe","High income",1983,73.26264,14.3102,5119610,FALSE
"DNK","Denmark","Europe","High income",1984,72.31223,14.13436,5116060,FALSE
"DNK","Denmark","Europe","High income",1985,79.80108,15.6037,5114240,FALSE
"DNK","Denmark","Europe","High income",1986,80.80375,15.79846,5114660,FALSE
"DNK","Denmark","Europe","High income",1987,78.31677,15.30438,5117280,FALSE
"DNK","Denmark","Europe","High income",1988,73.86221,14.41934,5122440,FALSE
"DNK","Denmark","Europe","High income",1989,68.72711,13.39616,5130360,FALSE
"DNK","Denmark","Europe","High income",1990,69.02149,13.42541,5141110,FALSE
"DNK","Denmark","Europe","High income",1991,79.72645,15.46612,5154910,FALSE
"DNK","Denmark","Europe","High income",1992,73.71169,14.25303,5171650,FALSE
"DNK","Denmark","Europe","High income",1993,76.31053,14.70128,5190740,FALSE
"DNK","Denmark","Europe","High income",1994,80.07546,15.36565,5211330,FALSE
"DNK","Denmark","Europe","High income",1995,77.06398,14.72738,5232700,FALSE
"DNK","Denmark","Europe","High income",1996,90.52364,17.22665,5254860,FALSE
"DNK","Denmark","Europe","High income",1997,80.63306,15.27804,5277710,FALSE
"DNK","Denmark","Europe","High income",1998,76.59208,14.4503,5300380,FALSE
"DNK","Denmark","Europe","High income",1999,73.52466,13.81583,5321770,FALSE
"DNK","Denmark","Europe","High income",2000,69.52347,13.01648,5341190,FALSE
"DNK","Denmark","Europe","High income",2001,71.10021,13.26977,5358060,FALSE
"DNK","Denmark","Europe","High income",2002,70.26505,13.07792,5372800,FALSE
"DNK","Denmark","Europe","High income",2003,75.76855,14.06515,5386970,FALSE
"DNK","Denmark","Europe","High income",2004,69.68766,12.89853,5402760,FALSE
"DNK","Denmark","Europe","High income",2005,65.97092,12.16794,5421700,FALSE
"DNK","Denmark","Europe","High income",2006,73.17473,13.44061,5444300,FALSE
"DNK","Denmark","Europe","High income",2007,68.67707,12.55531,5469960,FALSE
"DNK","Denmark","Europe","High income",2008,64.97629,11.8186,5497800,FALSE
"DNK","Denmark","Europe","High income",2009,62.74259,11.35314,5526450,FALSE
"DNK","Denmark","Europe","High income",2010,63.12921,11.36472,5554840,FALSE
"DNK","Denmark","Europe","High income",2011,57.81704,10.35615,5582870,FALSE
"DNK","Denmark","Europe","High income",2012,52.95978,9.43914,5610660,FALSE
"DNK","Denmark","Europe","High income",2013,54.55424,9.67648,5637820,FALSE
"DNK","Denmark","Europe","High income",2014,50.38496,8.89579,5663910,FALSE
"DNK","Denmark","Europe","High income",2015,48.23852,8.47972,5688690,FALSE
"DNK","Denmark","Europe","High income",2016,49.98396,8.75089,5711870,FALSE
"DNK","Denmark","Europe","High income",2017,47.70304,8.31998,5733550,FALSE
"DNK","Denmark","Europe","High income",2018,47.6681,8.28383,5754356,FALSE
"DNK","Denmark","Europe","High income",2019,44.03044,7.62402,5775224,FALSE
"DNK","Denmark","Europe","High income",2020,41.87422,7.22368,5796800,FALSE
"DNK","Denmark","Europe","High income",2021,43.25628,7.43363,5819000,FALSE
"DNK","Denmark","Europe","High income",2022,41.5535,7.11167,5843000,FALSE
"DNK","Denmark","Europe","High income",2023,38.94606,6.63929,5866000,FALSE
"DNK","Denmark","Europe","High income",2024,38.26463,6.49654,5890000,FALSE
"DOM","Dominican Republic","America","Upper middle income",1970,8.6469,1.92021,4503110,FALSE
"DOM","Dominican Republic","America","Upper middle income",1971,9.22886,1.9928,4631110,FALSE
"DOM","Dominican Republic","America","Upper middle income",1972,10.57506,2.22168,4759930,FALSE
"DOM","Dominican Republic","America","Upper middle income",1973,10.77384,2.20349,4889440,FALSE
"DOM","Dominican Republic","America","Upper middle income",1974,11.75564,2.34201,5019470,FALSE
"DOM","Dominican Republic","America","Upper middle income",1975,12.25742,2.38011,5149940,FALSE
"DOM","Dominican Republic","America","Upper middle income",1976,12.60698,2.38736,5280720,FALSE
"DOM","Dominican Republic","America","Upper middle income",1977,13.16508,2.43264,5411860,FALSE
"DOM","Dominican Republic","America","Upper middle income",1978,13.15731,2.37346,5543520,FALSE
"DOM","Dominican Republic","America","Upper middle income",1979,13.81145,2.43334,5675930,FALSE
"DOM","Dominican Republic","America","Upper middle income",1980,14.06659,2.4214,5809270,FALSE
"DOM","Dominican Republic","America","Upper middle income",1981,13.48391,2.26865,5943590,FALSE
"DOM","Dominican Republic","America","Upper middle income",1982,13.76431,2.26431,6078820,FALSE
"DOM","Dominican Republic","America","Upper middle income",1983,15.26035,2.45546,6214860,FALSE
"DOM","Dominican Republic","America","Upper middle income",1984,15.58855,2.45428,6351570,FALSE
"DOM","Dominican Republic","America","Upper middle income",1985,14.56277,2.24427,6488860,FALSE
"DOM","Dominican Republic","America","Upper middle income",1986,15.45262,2.33193,6626540,FALSE
"DOM","Dominican Republic","America","Upper middle income",1987,16.87991,2.49532,6764620,FALSE
"DOM","Dominican Republic","America","Upper middle income",1988,16.96968,2.45819,6903320,FALSE
"DOM","Dominican Republic","America","Upper middle income",1989,18.00407,2.55633,7042940,FALSE
"DOM","Dominican Republic","America","Upper middle income",1990,16.65474,2.31842,7183650,FALSE
"DOM","Dominican Republic","America","Upper middle income",1991,17.45898,2.38328,7325620,FALSE
"DOM","Dominican Republic","America","Upper middle income",1992,18.71116,2.50533,7468550,FALSE
"DOM","Dominican Republic","America","Upper middle income",1993,18.77702,2.46694,7611470,FALSE
"DOM","Dominican Republic","America","Upper middle income",1994,20.44892,2.63753,7753050,FALSE
"DOM","Dominican Republic","America","Upper middle income",1995,21.18334,2.68401,7892420,FALSE
"DOM","Dominican Republic","America","Upper middle income",1996,22.38664,2.78818,8029110,FALSE
"DOM","Dominican Republic","America","Upper middle income",1997,24.29319,2.97584,8163470,FALSE
"DOM","Dominican Republic","America","Upper middle income",1998,26.45471,3.18871,8296370,FALSE
"DOM","Dominican Republic","America","Upper middle income",1999,27.06029,3.21034,8429110,FALSE
"DOM","Dominican Republic","America","Upper middle income",2000,27.61604,3.22519,8562620,FALSE
"DOM","Dominican Republic","America","Upper middle income",2001,28.23143,3.24606,8697130,FALSE
"DOM","Dominican Republic","America","Upper middle income",2002,30.62388,3.46727,8832280,FALSE
"DOM","Dominican Republic","America","Upper middle income",2003,28.32486,3.15852,8967760,FALSE
"DOM","Dominican Republic","America","Upper middle income",2004,27.77504,3.0512,9103000,FALSE
"DOM","Dominican Republic","America","Upper middle income",2005,28.96799,3.13589,9237570,FALSE
"DOM","Dominican Republic","America","Upper middle income",2006,31.19637,3.32891,9371340,FALSE
"DOM","Dominican Republic","America","Upper middle income",2007,32.30244,3.3987,9504350,FALSE
"DOM","Dominican Republic","America","Upper middle income",2008,32.56125,3.37894,9636520,FALSE
"DOM","Dominican Republic","America","Upper middle income",2009,32.12943,3.28933,9767760,FALSE
"DOM","Dominican Republic","America","Upper middle income",2010,33.53409,3.38797,9897990,FALSE
"DOM","Dominican Republic","America","Upper middle income",2011,33.90064,3.3809,10027100,FALSE
"DOM","Dominican Republic","America","Upper middle income",2012,34.78821,3.42572,10155000,FALSE
"DOM","Dominican Republic","America","Upper middle income",2013,34.48694,3.35434,10281300,FALSE
"DOM","Dominican Republic","America","Upper middle income",2014,34.99987,3.3635,10405800,FALSE
"DOM","Dominican Republic","America","Upper middle income",2015,37.41138,3.55338,10528400,FALSE
"DOM","Dominican Republic","America","Upper middle income",2016,38.79505,3.64314,10648800,FALSE
"DOM","Dominican Republic","America","Upper middle income",2017,38.03809,3.53284,10767000,FALSE
"DOM","Dominican Republic","America","Upper middle income",2018,40.38469,3.71081,10882996,FALSE
"DOM","Dominican Republic","America","Upper middle income",2019,43.5951,3.96435,10996774,FALSE
"DOM","Dominican Republic","America","Upper middle income",2020,42.51287,3.82711,11108358,FALSE
"DOM","Dominican Republic","America","Upper middle income",2021,45.82034,4.08454,11218000,FALSE
"DOM","Dominican Republic","America","Upper middle income",2022,48.84683,4.31357,11324000,FALSE
"DOM","Dominican Republic","America","Upper middle income",2023,49.80177,4.35711,11430000,FALSE
"DOM","Dominican Republic","America","Upper middle income",2024,51.5808,4.47284,11532000,FALSE
"DZA","Algeria","Africa","Upper middle income",1970,56.30494,3.86976,14550000,FALSE
"DZA","Algeria","Africa","Upper middle income",1971,59.69422,3.99023,14960100,FALSE
"DZA","Algeria","Africa","Upper middle income",1972,81.80449,5.31989,15377100,FALSE
"DZA","Algeria","Africa","Upper middle income",1973,94.51085,5.98003,15804400,FALSE
"DZA","Algeria","Africa","Upper middle income",1974,84.23133,5.18439,16247100,FALSE
"DZA","Algeria","Africa","Upper middle income",1975,80.58244,4.82267,16709100,FALSE
"DZA","Algeria","Africa","Upper middle income",1976,94.97692,5.52506,17190200,FALSE
"DZA","Algeria","Africa","Upper middle income",1977,103.3825,5.84405,17690200,FALSE
"DZA","Algeria","Africa","Upper middle income",1978,112.01388,6.15045,18212300,FALSE
"DZA","Algeria","Africa","Upper middle income",1979,113.44894,6.04713,18760800,FALSE
"DZA","Algeria","Africa","Upper middle income",1980,109.09373,5.6415,19337700,FALSE
"DZA","Algeria","Africa","Upper middle income",1981,102.35435,5.13216,19943700,FALSE
"DZA","Algeria","Africa","Upper middle income",1982,105.50357,5.12758,20575700,FALSE
"DZA","Algeria","Africa","Upper middle income",1983,108.09388,5.09197,21228300,FALSE
"DZA","Algeria","Africa","Upper middle income",1984,113.29583,5.17477,21893900,FALSE
"DZA","Algeria","Africa","Upper middle income",1985,124.04196,5.49688,22565900,FALSE
"DZA","Algeria","Africa","Upper middle income",1986,128.88373,5.54546,23241300,FALSE
"DZA","Algeria","Africa","Upper middle income",1987,126.83657,5.303,23917900,FALSE
"DZA","Algeria","Africa","Upper middle income",1988,126.85244,5.15839,24591500,FALSE
"DZA","Algeria","Africa","Upper middle income",1989,129.77281,5.13795,25257700,FALSE
"DZA","Algeria","Africa","Upper middle income",1990,132.00256,5.09419,25912400,FALSE
"DZA","Algeria","Africa","Upper middle income",1991,132.81745,5.00173,26554300,FALSE
"DZA","Algeria","Africa","Upper middle income",1992,142.90801,5.25762,27181100,FALSE
"DZA","Algeria","Africa","Upper middle income",1993,145.90616,5.25101,27786300,FALSE
"DZA","Algeria","Africa","Upper middle income",1994,144.37055,5.09023,28362300,FALSE
"DZA","Algeria","Africa","Upper middle income",1995,152.52306,5.27683,28904300,FALSE
"DZA","Algeria","Africa","Upper middle income",1996,151.54786,5.15269,29411400,FALSE
"DZA","Algeria","Africa","Upper middle income",1997,142.0394,4.75258,29886800,FALSE
"DZA","Algeria","Africa","Upper middle income",1998,141.16031,4.65327,30335700,FALSE
"DZA","Algeria","Africa","Upper middle income",1999,145.38042,4.72542,30765600,FALSE
"DZA","Algeria","Africa","Upper middle income",2000,153.67619,4.92809,31183700,FALSE
"DZA","Algeria","Africa","Upper middle income",2001,142.93412,4.52435,31592200,FALSE
"DZA","Algeria","Africa","Upper middle income",2002,142.3188,4.44816,31995000,FALSE
"DZA","Algeria","Africa","Upper middle income",2003,155.93635,4.81233,32403500,FALSE
"DZA","Algeria","Africa","Upper middle income",2004,153.91695,4.68814,32831100,FALSE
"DZA","Algeria","Africa","Upper middle income",2005,158.96405,4.77536,33288400,FALSE
"DZA","Algeria","Africa","Upper middle income",2006,167.19788,4.94992,33777900,FALSE
"DZA","Algeria","Africa","Upper middle income",2007,166.84751,4.86434,34300100,FALSE
"DZA","Algeria","Africa","Upper middle income",2008,174.85895,5.01593,34860700,FALSE
"DZA","Algeria","Africa","Upper middle income",2009,170.94136,4.81989,35465800,FALSE
"DZA","Algeria","Africa","Upper middle income",2010,178.73936,4.94882,36117600,FALSE
"DZA","Algeria","Africa","Upper middle income",2011,185.3149,5.03305,36819600,FALSE
"DZA","Algeria","Africa","Upper middle income",2012,201.46905,5.3631,37565800,FALSE
"DZA","Algeria","Africa","Upper middle income",2013,206.29205,5.38079,38338600,FALSE
"DZA","Algeria","Africa","Upper middle income",2014,218.97971,5.5986,39113300,FALSE
"DZA","Algeria","Africa","Upper middle income",2015,228.83341,5.73927,39871500,FALSE
"DZA","Algeria","Africa","Upper middle income",2016,226.68758,5.5826,40606100,FALSE
"DZA","Algeria","Africa","Upper middle income",2017,231.71542,5.60809,41318100,FALSE
"DZA","Algeria","Africa","Upper middle income",2018,240.58059,5.72701,42008054,FALSE
"DZA","Algeria","Africa","Upper middle income",2019,247.08993,5.78949,42679018,FALSE
"DZA","Algeria","Africa","Upper middle income",2020,233.83105,5.39611,43333255,FALSE
"DZA","Algeria","Africa","Upper middle income",2021,245.87622,5.59204,43969000,FALSE
"DZA","Algeria","Africa","Upper middle income",2022,255.86335,5.73878,44585000,FALSE
"DZA","Algeria","Africa","Upper middle income",2023,258.93896,5.7314,45179000,FALSE
"DZA","Algeria","Africa","Upper middle income",2024,252.7,5.52314,45753000,FALSE
"ECU","Ecuador","America","Upper middle income",1970,12.42699,2.04643,6072530,FALSE
"ECU","Ecuador","America","Upper middle income",1971,11.75049,1.88043,6248840,FALSE
"ECU","Ecuador","America","Upper middle income",1972,13.40387,2.085,6428710,FALSE
"ECU","Ecuador","America","Upper middle income",1973,17.21236,2.60323,6611920,FALSE
"ECU","Ecuador","America","Upper middle income",1974,18.09153,2.66122,6798210,FALSE
"ECU","Ecuador","America","Upper middle income",1975,18.67738,2.67301,6987390,FALSE
"ECU","Ecuador","America","Upper middle income",1976,20.64082,2.87501,7179400,FALSE
"ECU","Ecuador","America","Upper middle income",1977,22.29598,3.0235,7374230,FALSE
"ECU","Ecuador","America","Upper middle income",1978,23.84326,3.14889,7571960,FALSE
"ECU","Ecuador","America","Upper middle income",1979,25.29829,3.25478,7772650,FALSE
"ECU","Ecuador","America","Upper middle income",1980,26.31957,3.29966,7976440,FALSE
"ECU","Ecuador","America","Upper middle income",1981,27.97891,3.41907,8183190,FALSE
"ECU","Ecuador","America","Upper middle income",1982,28.26959,3.36826,8392940,FALSE
"ECU","Ecuador","America","Upper middle income",1983,27.95223,3.24791,8606210,FALSE
"ECU","Ecuador","America","Upper middle income",1984,29.93701,3.39278,8823750,FALSE
"ECU","Ecuador","America","Upper middle income",1985,31.38565,3.46957,9045980,FALSE
"ECU","Ecuador","America","Upper middle income",1986,32.35576,3.48928,9272910,FALSE
"ECU","Ecuador","America","Upper middle income",1987,29.24038,3.0766,9504130,FALSE
"ECU","Ecuador","America","Upper middle income",1988,33.83604,3.47422,9739180,FALSE
"ECU","Ecuador","America","Upper middle income",1989,33.77123,3.38478,9977380,FALSE
"ECU","Ecuador","America","Upper middle income",1990,35.32571,3.45717,10218100,FALSE
"ECU","Ecuador","America","Upper middle income",1991,35.99257,3.44064,10461000,FALSE
"ECU","Ecuador","America","Upper middle income",1992,38.41182,3.58798,10705700,FALSE
"ECU","Ecuador","America","Upper middle income",1993,39.34413,3.59268,10951200,FALSE
"ECU","Ecuador","America","Upper middle income",1994,41.51733,3.70806,11196500,FALSE
"ECU","Ecuador","America","Upper middle income",1995,44.21885,3.86508,11440600,FALSE
"ECU","Ecuador","America","Upper middle income",1996,48.55809,4.15612,11683500,FALSE
"ECU","Ecuador","America","Upper middle income",1997,49.8287,4.17851,11925000,FALSE
"ECU","Ecuador","America","Upper middle income",1998,47.79771,3.92947,12163900,FALSE
"ECU","Ecuador","America","Upper middle income",1999,44.33882,3.57609,12398700,FALSE
"ECU","Ecuador","America","Upper middle income",2000,42.72613,3.38328,12628600,FALSE
"ECU","Ecuador","America","Upper middle income",2001,46.67545,3.63154,12852800,FALSE
"ECU","Ecuador","America","Upper middle income",2002,46.87525,3.5859,13072100,FALSE
"ECU","Ecuador","America","Upper middle income",2003,48.95181,3.68347,13289600,FALSE
"ECU","Ecuador","America","Upper middle income",2004,52.70946,3.90163,13509600,FALSE
"ECU","Ecuador","America","Upper middle income",2005,53.56791,3.90005,13735200,FALSE
"ECU","Ecuador","America","Upper middle income",2006,56.08641,4.01549,13967500,FALSE
"ECU","Ecuador","America","Upper middle income",2007,56.32202,3.9648,14205500,FALSE
"ECU","Ecuador","America","Upper middle income",2008,57.91551,4.00866,14447600,FALSE
"ECU","Ecuador","America","Upper middle income",2009,62.0556,4.22397,14691300,FALSE
"ECU","Ecuador","America","Upper middle income",2010,66.04676,4.42237,14934700,FALSE
"ECU","Ecuador","America","Upper middle income",2011,66.62305,4.38962,15177400,FALSE
"ECU","Ecuador","America","Upper middle income",2012,66.96287,4.34268,15419700,FALSE
"ECU","Ecuador","America","Upper middle income",2013,70.25357,4.48575,15661500,FALSE
"ECU","Ecuador","America","Upper middle income",2014,72.19482,4.53967,15903100,FALSE
"ECU","Ecuador","America","Upper middle income",2015,70.91067,4.39228,16144400,FALSE
"ECU","Ecuador","America","Upper middle income",2016,70.11017,4.2789,16385100,FALSE
"ECU","Ecuador","America","Upper middle income",2017,68.62618,4.12792,16624900,FALSE
"ECU","Ecuador","America","Upper middle income",2018,69.31497,4.11037,16863425,FALSE
"ECU","Ecuador","America","Upper middle income",2019,69.75359,4.07905,17100444,FALSE
"ECU","Ecuador","America","Upper middle income",2020,63.96262,3.68966,17335642,FALSE
"ECU","Ecuador","America","Upper middle income",2021,68.46669,3.89724,17568000,FALSE
"ECU","Ecuador","America","Upper middle income",2022,70.85651,3.9807,17800000,FALSE
"ECU","Ecuador","America","Upper middle income",2023,73.19977,4.06034,18028000,FALSE
"ECU","Ecuador","America","Upper middle income",2024,74.40855,4.07606,18255000,FALSE
"EGY","Egypt","Africa","Lower middle income",1970,59.15852,1.68801,35046300,FALSE
"EGY","Egypt","Africa","Lower middle income",1971,58.56286,1.63294,35863400,FALSE
"EGY","Egypt","Africa","Lower middle income",1972,59.46595,1.62149,36673600,FALSE
"EGY","Egypt","Africa","Lower middle income",1973,56.64166,1.51092,37488100,FALSE
"EGY","Egypt","Africa","Lower middle income",1974,60.98876,1.59148,38322000,FALSE
"EGY","Egypt","Africa","Lower middle income",1975,65.53694,1.67239,39187700,FALSE
"EGY","Egypt","Africa","Lower middle income",1976,73.34041,1.82944,40089000,FALSE
"EGY","Egypt","Africa","Lower middle income",1977,77.0115,1.87712,41026500,FALSE
"EGY","Egypt","Africa","Lower middle income",1978,80.07267,1.90628,42004700,FALSE
"EGY","Egypt","Africa","Lower middle income",1979,84.06265,1.95368,43027800,FALSE
"EGY","Egypt","Africa","Lower middle income",1980,90.22138,2.04588,44099100,FALSE
"EGY","Egypt","Africa","Lower middle income",1981,97.21945,2.15009,45216500,FALSE
"EGY","Egypt","Africa","Lower middle income",1982,103.61739,2.23412,46379600,FALSE
"EGY","Egypt","Africa","Lower middle income",1983,111.32502,2.33903,47594600,FALSE
"EGY","Egypt","Africa","Lower middle income",1984,120.27394,2.46115,48869000,FALSE
"EGY","Egypt","Africa","Lower middle income",1985,125.76479,2.50503,50205000,FALSE
"EGY","Egypt","Africa","Lower middle income",1986,128.44933,2.48896,51607700,FALSE
"EGY","Egypt","Africa","Lower middle income",1987,137.48068,2.59074,53066200,FALSE
"EGY","Egypt","Africa","Lower middle income",1988,139.09243,2.54994,54547300,FALSE
"EGY","Egypt","Africa","Lower middle income",1989,145.35741,2.59536,56006600,FALSE
"EGY","Egypt","Africa","Lower middle income",1990,149.18364,2.59847,57412200,FALSE
"EGY","Egypt","Africa","Lower middle income",1991,159.03245,2.70682,58752400,FALSE
"EGY","Egypt","Africa","Lower middle income",1992,162.02994,2.6989,60035500,FALSE
"EGY","Egypt","Africa","Lower middle income",1993,163.86773,2.67427,61275600,FALSE
"EGY","Egypt","Africa","Lower middle income",1994,159.53388,2.55272,62495700,FALSE
"EGY","Egypt","Africa","Lower middle income",1995,169.66798,2.66295,63714400,FALSE
"EGY","Egypt","Africa","Lower middle income",1996,180.06388,2.77305,64933500,FALSE
"EGY","Egypt","Africa","Lower middle income",1997,187.43755,2.83348,66151100,FALSE
"EGY","Egypt","Africa","Lower middle income",1998,192.16761,2.85208,67378100,FALSE
"EGY","Egypt","Africa","Lower middle income",1999,205.28264,2.99129,68626700,FALSE
"EGY","Egypt","Africa","Lower middle income",2000,205.51788,2.93992,69906000,FALSE
"EGY","Egypt","Africa","Lower middle income",2001,219.47271,3.08132,71226900,FALSE
"EGY","Egypt","Africa","Lower middle income",2002,225.6517,3.10857,72590100,FALSE
"EGY","Egypt","Africa","Lower middle income",2003,230.89764,3.121,73981900,FALSE
"EGY","Egypt","Africa","Lower middle income",2004,245.7041,3.25946,75381900,FALSE
"EGY","Egypt","Africa","Lower middle income",2005,264.5887,3.44615,76778100,FALSE
"EGY","Egypt","Africa","Lower middle income",2006,276.77987,3.54124,78159000,FALSE
"EGY","Egypt","Africa","Lower middle income",2007,291.11989,3.66017,79537300,FALSE
"EGY","Egypt","Africa","Lower middle income",2008,294.11354,3.6331,80953900,FALSE
"EGY","Egypt","Africa","Lower middle income",2009,301.72064,3.65877,82465000,FALSE
"EGY","Egypt","Africa","Lower middle income",2010,301.70433,3.58712,84107600,FALSE
"EGY","Egypt","Africa","Lower middle income",2011,311.4754,3.62612,85897600,FALSE
"EGY","Egypt","Africa","Lower middle income",2012,326.2503,3.71527,87813300,FALSE
"EGY","Egypt","Africa","Lower middle income",2013,320.18963,3.56529,89807400,FALSE
"EGY","Egypt","Africa","Lower middle income",2014,325.13766,3.54132,91812600,FALSE
"EGY","Egypt","Africa","Lower middle income",2015,331.54317,3.5354,93778200,FALSE
"EGY","Egypt","Africa","Lower middle income",2016,344.76206,3.60295,95688700,FALSE
"EGY","Egypt","Africa","Lower middle income",2017,357.55414,3.66522,97553200,FALSE
"EGY","Egypt","Africa","Lower middle income",2018,352.98562,3.55203,99375741,FALSE
"EGY","Egypt","Africa","Lower middle income",2019,326.42487,3.22654,101168745,FALSE
"EGY","Egypt","Africa","Lower middle income",2020,335.72422,3.26131,102941484,FALSE
"EGY","Egypt","Africa","Lower middle income",2021,352.54796,3.36748,104692000,FALSE
"EGY","Egypt","Africa","Lower middle income",2022,350.40041,3.29274,106416000,FALSE
"EGY","Egypt","Africa","Lower middle income",2023,369.72617,3.41969,108117000,FALSE
"EGY","Egypt","Africa","Lower middle income",2024,386.59823,3.52093,109800000,FALSE
"ERI","Eritrea","Africa","Low income",1970,4.10603,2.26617,1811880,FALSE
"ERI","Eritrea","Africa","Low income",1971,4.13693,2.22272,1861200,FALSE
"ERI","Eritrea","Africa","Low income",1972,4.0877,2.13758,1912300,FALSE
"ERI","Eritrea","Africa","Low income",1973,4.13178,2.10252,1965160,FALSE
"ERI","Eritrea","Africa","Low income",1974,4.09684,2.02842,2019720,FALSE
"ERI","Eritrea","Africa","Low income",1975,4.00619,1.92979,2075970,FALSE
"ERI","Eritrea","Africa","Low income",1976,4.00808,1.87845,2133720,FALSE
"ERI","Eritrea","Africa","Low income",1977,3.99573,1.82198,2193070,FALSE
"ERI","Eritrea","Africa","Low income",1978,4.05352,1.79801,2254450,FALSE
"ERI","Eritrea","Africa","Low income",1979,4.12692,1.78,2318490,FALSE
"ERI","Eritrea","Africa","Low income",1980,4.17857,1.75163,2385540,FALSE
"ERI","Eritrea","Africa","Low income",1981,4.24196,1.72805,2454770,FALSE
"ERI","Eritrea","Africa","Low income",1982,4.2516,1.68345,2525520,FALSE
"ERI","Eritrea","Africa","Low income",1983,4.36786,1.68097,2598410,FALSE
"ERI","Eritrea","Africa","Low income",1984,4.27289,1.59777,2674290,FALSE
"ERI","Eritrea","Africa","Low income",1985,4.37838,1.59032,2753150,FALSE
"ERI","Eritrea","Africa","Low income",1986,4.4695,1.57537,2837110,FALSE
"ERI","Eritrea","Africa","Low income",1987,4.42776,1.5141,2924350,FALSE
"ERI","Eritrea","Africa","Low income",1988,4.49562,1.49537,3006360,FALSE
"ERI","Eritrea","Africa","Low income",1989,4.6315,1.50776,3071770,FALSE
"ERI","Eritrea","Africa","Low income",1990,4.70438,1.51105,3113310,FALSE
"ERI","Eritrea","Africa","Low income",1991,4.80443,1.53629,3127300,FALSE
"ERI","Eritrea","Africa","Low income",1992,5.03622,1.61491,3118580,FALSE
"ERI","Eritrea","Africa","Low income",1993,4.25575,1.37324,3099050,FALSE
"ERI","Eritrea","Africa","Low income",1994,4.46509,1.44715,3085440,FALSE
"ERI","Eritrea","Africa","Low income",1995,4.58824,1.48479,3090160,FALSE
"ERI","Eritrea","Africa","Low income",1996,5.06851,1.62641,3116380,FALSE
"ERI","Eritrea","Africa","Low income",1997,5.46157,1.72761,3161350,FALSE
"ERI","Eritrea","Africa","Low income",1998,5.20944,1.61572,3224220,FALSE
"ERI","Eritrea","Africa","Low income",1999,5.33779,1.6164,3302260,FALSE
"ERI","Eritrea","Africa","Low income",2000,5.43228,1.60112,3392800,FALSE
"ERI","Eritrea","Africa","Low income",2001,5.35097,1.53011,3497120,FALSE
"ERI","Eritrea","Africa","Low income",2002,5.30567,1.46783,3614640,FALSE
"ERI","Eritrea","Africa","Low income",2003,5.42408,1.45096,3738260,FALSE
"ERI","Eritrea","Africa","Low income",2004,5.49545,1.4242,3858620,FALSE
"ERI","Eritrea","Africa","Low income",2005,5.46449,1.37679,3969010,FALSE
"ERI","Eritrea","Africa","Low income",2006,5.31644,1.30733,4066650,FALSE
"ERI","Eritrea","Africa","Low income",2007,5.53369,1.33235,4153330,FALSE
"ERI","Eritrea","Africa","Low income",2008,5.48128,1.295,4232640,FALSE
"ERI","Eritrea","Africa","Low income",2009,5.54258,1.28588,4310330,FALSE
"ERI","Eritrea","Africa","Low income",2010,5.5367,1.26097,4390840,FALSE
"ERI","Eritrea","Africa","Low income",2011,5.81917,1.30046,4474690,FALSE
"ERI","Eritrea","Africa","Low income",2012,5.88932,1.29124,4560980,FALSE
"ERI","Eritrea","Africa","Low income",2013,5.92007,1.27286,4651000,FALSE
"ERI","Eritrea","Africa","Low income",2014,5.9738,1.25869,4746050,FALSE
"ERI","Eritrea","Africa","Low income",2015,6.00657,1.23924,4846980,FALSE
"ERI","Eritrea","Africa","Low income",2016,6.0939,1.22994,4954650,FALSE
"ERI","Eritrea","Africa","Low income",2017,6.09522,1.20249,5068830,FALSE
"ERI","Eritrea","Africa","Low income",2018,6.20939,1.19689,5187948,FALSE
"ERI","Eritrea","Africa","Low income",2019,6.27225,1.18129,5309659,FALSE
"ERI","Eritrea","Africa","Low income",2020,6.30953,1.1615,5432216,FALSE
"ERI","Eritrea","Africa","Low income",2021,6.40291,1.15264,5555000,FALSE
"ERI","Eritrea","Africa","Low income",2022,6.49502,1.14369,5679000,FALSE
"ERI","Eritrea","Africa","Low income",2023,6.53701,1.12649,5803000,FALSE
"ERI","Eritrea","Africa","Low income",2024,6.57926,1.10949,5930000,FALSE
"ESH","Western Sahara","Africa",NA,1970,0.22218,2.89015,76874,FALSE
"ESH","Western Sahara","Africa",NA,1971,0.22535,2.95074,76372,FALSE
"ESH","Western Sahara","Africa",NA,1972,0.23827,3.24238,73485,FALSE
"ESH","Western Sahara","Africa",NA,1973,0.24293,3.45057,70404,FALSE
"ESH","Western Sahara","Africa",NA,1974,0.25308,3.60453,70212,FALSE
"ESH","Western Sahara","Africa",NA,1975,0.26515,3.53748,74954,FALSE
"ESH","Western Sahara","Africa",NA,1976,0.27352,3.19457,85619,FALSE
"ESH","Western Sahara","Africa",NA,1977,0.28496,2.81617,101186,FALSE
"ESH","Western Sahara","Africa",NA,1978,0.28958,2.42668,119330,FALSE
"ESH","Western Sahara","Africa",NA,1979,0.30785,2.25202,136699,FALSE
"ESH","Western Sahara","Africa",NA,1980,0.32716,2.16837,150877,FALSE
"ESH","Western Sahara","Africa",NA,1981,0.31918,1.98174,161062,FALSE
"ESH","Western Sahara","Africa",NA,1982,0.33027,1.9652,168058,FALSE
"ESH","Western Sahara","Africa",NA,1983,0.33431,1.93353,172902,FALSE
"ESH","Western Sahara","Africa",NA,1984,0.33772,1.90507,177273,FALSE
"ESH","Western Sahara","Africa",NA,1985,0.35834,1.96435,182421,FALSE
"ESH","Western Sahara","Africa",NA,1986,0.3677,1.94956,188608,FALSE
"ESH","Western Sahara","Africa",NA,1987,0.41381,2.11733,195438,FALSE
"ESH","Western Sahara","Africa",NA,1988,0.40732,2.00924,202726,FALSE
"ESH","Western Sahara","Africa",NA,1989,0.39896,1.89907,210080,FALSE
"ESH","Western Sahara","Africa",NA,1990,0.4036,1.85769,217258,FALSE
"ESH","Western Sahara","Africa",NA,1991,0.44081,1.96454,224383,FALSE
"ESH","Western Sahara","Africa",NA,1992,0.42392,1.82938,231727,FALSE
"ESH","Western Sahara","Africa",NA,1993,0.41775,1.74551,239329,FALSE
"ESH","Western Sahara","Africa",NA,1994,0.42267,1.70943,247257,FALSE
"ESH","Western Sahara","Africa",NA,1995,0.45199,1.76811,255634,FALSE
"ESH","Western Sahara","Africa",NA,1996,0.46131,1.74666,264108,FALSE
"ESH","Western Sahara","Africa",NA,1997,0.47548,1.74272,272840,FALSE
"ESH","Western Sahara","Africa",NA,1998,0.48346,1.70782,283083,FALSE
"ESH","Western Sahara","Africa",NA,1999,0.49744,1.67763,296512,FALSE
"ESH","Western Sahara","Africa",NA,2000,0.56352,1.79397,314118,FALSE
"ESH","Western Sahara","Africa",NA,2001,0.57945,1.72121,336651,FALSE
"ESH","Western Sahara","Africa",NA,2002,0.58537,1.61159,363227,FALSE
"ESH","Western Sahara","Africa",NA,2003,0.60139,1.53743,391167,FALSE
"ESH","Western Sahara","Africa",NA,2004,0.60932,1.46191,416797,FALSE
"ESH","Western Sahara","Africa",NA,2005,0.61405,1.40348,437515,FALSE
"ESH","Western Sahara","Africa",NA,2006,0.6182,1.36664,452350,FALSE
"ESH","Western Sahara","Africa",NA,2007,0.61646,1.33373,462207,FALSE
"ESH","Western Sahara","Africa",NA,2008,0.62222,1.32773,468633,FALSE
"ESH","Western Sahara","Africa",NA,2009,0.62261,1.3134,474044,FALSE
"ESH","Western Sahara","Africa",NA,2010,0.62208,1.29527,480274,FALSE
"ESH","Western Sahara","Africa",NA,2011,0.61247,1.25597,487649,FALSE
"ESH","Western Sahara","Africa",NA,2012,0.61699,1.2445,495772,FALSE
"ESH","Western Sahara","Africa",NA,2013,0.61859,1.22527,504855,FALSE
"ESH","Western Sahara","Africa",NA,2014,0.61639,1.1969,514991,FALSE
"ESH","Western Sahara","Africa",NA,2015,0.62397,1.18577,526216,FALSE
"ESH","Western Sahara","Africa",NA,2016,0.62842,1.16642,538755,FALSE
"ESH","Western Sahara","Africa",NA,2017,0.60407,1.09309,552628,FALSE
"ESH","Western Sahara","Africa",NA,2018,0.61701,1.08739,567421,FALSE
"ESH","Western Sahara","Africa",NA,2019,0.63267,1.08617,582478,FALSE
"ESH","Western Sahara","Africa",NA,2020,0.60444,1.01189,597339,FALSE
"ESH","Western Sahara","Africa",NA,2021,0.65655,1.07279,612000,FALSE
"ESH","Western Sahara","Africa",NA,2022,0.68791,1.09889,626000,FALSE
"ESH","Western Sahara","Africa",NA,2023,0.71443,1.11629,640000,FALSE
"ESH","Western Sahara","Africa",NA,2024,0.73541,1.12449,654000,FALSE
"ESP","Spain and Andorra","Europe","High income",1970,188.71976,5.5538,33980300,TRUE
"ESP","Spain and Andorra","Europe","High income",1971,186.31242,5.42175,34363900,TRUE
"ESP","Spain and Andorra","Europe","High income",1972,199.63998,5.7433,34760500,TRUE
"ESP","Spain and Andorra","Europe","High income",1973,213.9807,6.08494,35165600,TRUE
"ESP","Spain and Andorra","Europe","High income",1974,227.53262,6.39631,35572500,TRUE
"ESP","Spain and Andorra","Europe","High income",1975,233.86496,6.50071,35975300,TRUE
"ESP","Spain and Andorra","Europe","High income",1976,252.61563,6.94512,36373100,TRUE
"ESP","Spain and Andorra","Europe","High income",1977,245.41973,6.67564,36763500,TRUE
"ESP","Spain and Andorra","Europe","High income",1978,246.08977,6.62641,37137700,TRUE
"ESP","Spain and Andorra","Europe","High income",1979,258.88524,6.90642,37484700,TRUE
"ESP","Spain and Andorra","Europe","High income",1980,272.19103,7.20143,37796800,TRUE
"ESP","Spain and Andorra","Europe","High income",1981,277.12158,7.27902,38071300,TRUE
"ESP","Spain and Andorra","Europe","High income",1982,272.92467,7.12417,38309700,TRUE
"ESP","Spain and Andorra","Europe","High income",1983,275.10186,7.14289,38514100,TRUE
"ESP","Spain and Andorra","Europe","High income",1984,265.9839,6.87508,38688100,TRUE
"ESP","Spain and Andorra","Europe","High income",1985,258.89688,6.66643,38835900,TRUE
"ESP","Spain and Andorra","Europe","High income",1986,264.10917,6.77931,38958100,TRUE
"ESP","Spain and Andorra","Europe","High income",1987,262.43639,6.71928,39057200,TRUE
"ESP","Spain and Andorra","Europe","High income",1988,270.19138,6.90292,39141600,TRUE
"ESP","Spain and Andorra","Europe","High income",1989,289.61319,7.384,39221700,TRUE
"ESP","Spain and Andorra","Europe","High income",1990,294.54701,7.49367,39306100,TRUE
"ESP","Spain and Andorra","Europe","High income",1991,302.75439,7.6835,39403200,TRUE
"ESP","Spain and Andorra","Europe","High income",1992,310.60376,7.8603,39515500,TRUE
"ESP","Spain and Andorra","Europe","High income",1993,296.11123,7.47027,39638600,TRUE
"ESP","Spain and Andorra","Europe","High income",1994,308.87332,7.76755,39764600,TRUE
"ESP","Spain and Andorra","Europe","High income",1995,325.02281,8.14788,39890500,TRUE
"ESP","Spain and Andorra","Europe","High income",1996,317.193,7.92798,40009300,TRUE
"ESP","Spain and Andorra","Europe","High income",1997,339.83324,8.46797,40131600,TRUE
"ESP","Spain and Andorra","Europe","High income",1998,349.86607,8.68313,40292600,TRUE
"ESP","Spain and Andorra","Europe","High income",1999,374.34806,9.23411,40539700,TRUE
"ESP","Spain and Andorra","Europe","High income",2000,392.44556,9.59438,40903700,TRUE
"ESP","Spain and Andorra","Europe","High income",2001,389.99988,9.42208,41392100,TRUE
"ESP","Spain and Andorra","Europe","High income",2002,408.12961,9.72073,41985500,TRUE
"ESP","Spain and Andorra","Europe","High income",2003,417.1299,9.77952,42653400,TRUE
"ESP","Spain and Andorra","Europe","High income",2004,434.20365,10.01584,43351700,TRUE
"ESP","Spain and Andorra","Europe","High income",2005,448.8607,10.19151,44042600,TRUE
"ESP","Spain and Andorra","Europe","High income",2006,440.45479,9.84796,44725500,TRUE
"ESP","Spain and Andorra","Europe","High income",2007,457.46134,10.07759,45393900,TRUE
"ESP","Spain and Andorra","Europe","High income",2008,422.14644,9.17754,45997800,TRUE
"ESP","Spain and Andorra","Europe","High income",2009,381.98984,8.21906,46476100,TRUE
"ESP","Spain and Andorra","Europe","High income",2010,369.07975,7.88824,46788600,TRUE
"ESP","Spain and Andorra","Europe","High income",2011,368.77556,7.86149,46909100,TRUE
"ESP","Spain and Andorra","Europe","High income",2012,363.889,7.76588,46857400,TRUE
"ESP","Spain and Andorra","Europe","High income",2013,334.10256,7.1546,46697600,TRUE
"ESP","Spain and Andorra","Europe","High income",2014,332.75152,7.15259,46521800,TRUE
"ESP","Spain and Andorra","Europe","High income",2015,344.15436,7.41749,46397700,TRUE
"ESP","Spain and Andorra","Europe","High income",2016,336.15896,7.253,46347600,TRUE
"ESP","Spain and Andorra","Europe","High income",2017,350.3164,7.55737,46354300,TRUE
"ESP","Spain and Andorra","Europe","High income",2018,342.65068,7.38512,46397452,TRUE
"ESP","Spain and Andorra","Europe","High income",2019,324.23357,6.98162,46441049,TRUE
"ESP","Spain and Andorra","Europe","High income",2020,283.71126,6.10667,46459219,TRUE
"ESP","Spain and Andorra","Europe","High income",2021,302.67531,6.51629,46449000,TRUE
"ESP","Spain and Andorra","Europe","High income",2022,306.61682,6.6047,46424000,TRUE
"ESP","Spain and Andorra","Europe","High income",2023,286.86512,6.18417,46387000,TRUE
"ESP","Spain and Andorra","Europe","High income",2024,285.63832,6.16317,46346000,TRUE
"EST","Estonia","Europe","High income",1970,26.16228,19.23414,1360200,TRUE
"EST","Estonia","Europe","High income",1971,26.32267,19.16732,1373310,TRUE
"EST","Estonia","Europe","High income",1972,28.28544,20.40694,1386070,TRUE
"EST","Estonia","Europe","High income",1973,31.6768,22.65104,1398470,TRUE
"EST","Estonia","Europe","High income",1974,34.81096,24.6804,1410470,TRUE
"EST","Estonia","Europe","High income",1975,37.45827,26.34122,1422040,TRUE
"EST","Estonia","Europe","High income",1976,39.10798,27.28756,1433180,TRUE
"EST","Estonia","Europe","High income",1977,40.53636,28.07441,1443890,TRUE
"EST","Estonia","Europe","High income",1978,42.95731,29.53874,1454270,TRUE
"EST","Estonia","Europe","High income",1979,44.48638,30.37816,1464420,TRUE
"EST","Estonia","Europe","High income",1980,45.97055,31.17831,1474440,TRUE
"EST","Estonia","Europe","High income",1981,47.03906,31.70026,1483870,TRUE
"EST","Estonia","Europe","High income",1982,47.23425,31.64477,1492640,TRUE
"EST","Estonia","Europe","High income",1983,47.06723,31.34848,1501420,TRUE
"EST","Estonia","Europe","High income",1984,46.08004,30.49235,1511200,TRUE
"EST","Estonia","Europe","High income",1985,45.30521,29.75907,1522400,TRUE
"EST","Estonia","Europe","High income",1986,44.3163,28.85119,1536030,TRUE
"EST","Estonia","Europe","High income",1987,43.73226,28.19235,1551210,TRUE
"EST","Estonia","Europe","High income",1988,41.72738,26.67667,1564190,TRUE
"EST","Estonia","Europe","High income",1989,38.45553,24.49444,1569970,TRUE
"EST","Estonia","Europe","High income",1990,45.6088,29.13853,1565240,TRUE
"EST","Estonia","Europe","High income",1991,41.93211,27.08425,1548210,TRUE
"EST","Estonia","Europe","High income",1992,31.46341,20.68858,1520810,TRUE
"EST","Estonia","Europe","High income",1993,26.37242,17.72269,1488060,TRUE
"EST","Estonia","Europe","High income",1994,26.65064,18.29032,1457090,TRUE
"EST","Estonia","Europe","High income",1995,24.61177,17.17475,1433020,TRUE
"EST","Estonia","Europe","High income",1996,25.61087,18.06457,1417740,TRUE
"EST","Estonia","Europe","High income",1997,25.14219,17.83551,1409670,TRUE
"EST","Estonia","Europe","High income",1998,22.99072,16.3478,1406350,TRUE
"EST","Estonia","Europe","High income",1999,21.37319,15.22535,1403790,TRUE
"EST","Estonia","Europe","High income",2000,21.76102,15.55347,1399110,TRUE
"EST","Estonia","Europe","High income",2001,22.25615,15.99171,1391730,TRUE
"EST","Estonia","Europe","High income",2002,21.54028,15.57808,1382730,TRUE
"EST","Estonia","Europe","High income",2003,23.56419,17.16368,1372910,TRUE
"EST","Estonia","Europe","High income",2004,24.15191,17.71226,1363570,TRUE
"EST","Estonia","Europe","High income",2005,24.08259,17.76461,1355650,TRUE
"EST","Estonia","Europe","High income",2006,23.41756,17.35534,1349300,TRUE
"EST","Estonia","Europe","High income",2007,27.22878,20.25845,1344070,TRUE
"EST","Estonia","Europe","High income",2008,25.1666,18.78511,1339710,TRUE
"EST","Estonia","Europe","High income",2009,21.81734,16.33243,1335830,TRUE
"EST","Estonia","Europe","High income",2010,26.75668,20.08609,1332100,TRUE
"EST","Estonia","Europe","High income",2011,26.87633,20.23134,1328450,TRUE
"EST","Estonia","Europe","High income",2012,25.85305,19.51276,1324930,TRUE
"EST","Estonia","Europe","High income",2013,28.40311,21.49211,1321560,TRUE
"EST","Estonia","Europe","High income",2014,27.63183,20.95925,1318360,TRUE
"EST","Estonia","Europe","High income",2015,25.9106,19.69909,1315320,TRUE
"EST","Estonia","Europe","High income",2016,25.299,19.27631,1312440,TRUE
"EST","Estonia","Europe","High income",2017,26.78214,20.45016,1309630,TRUE
"EST","Estonia","Europe","High income",2018,28.54466,21.84338,1306788,TRUE
"EST","Estonia","Europe","High income",2019,19.87529,15.24415,1303798,TRUE
"EST","Estonia","Europe","High income",2020,16.01625,12.31489,1300559,TRUE
"EST","Estonia","Europe","High income",2021,16.71891,12.89045,1297000,TRUE
"EST","Estonia","Europe","High income",2022,18.74402,14.49653,1293000,TRUE
"EST","Estonia","Europe","High income",2023,14.9843,11.62475,1289000,TRUE
"EST","Estonia","Europe","High income",2024,14.1292,10.99549,1285000,TRUE
"ETH","Ethiopia","Africa",NA,1970,55.65808,1.95875,28415100,FALSE
"ETH","Ethiopia","Africa",NA,1971,55.9904,1.91452,29245200,FALSE
"ETH","Ethiopia","Africa",NA,1972,55.4529,1.8403,30132600,FALSE
"ETH","Ethiopia","Africa",NA,1973,56.01468,1.80546,31025100,FALSE
"ETH","Ethiopia","Africa",NA,1974,55.9337,1.75607,31851700,FALSE
"ETH","Ethiopia","Africa",NA,1975,54.39698,1.67032,32566800,FALSE
"ETH","Ethiopia","Africa",NA,1976,54.2286,1.63601,33146900,FALSE
"ETH","Ethiopia","Africa",NA,1977,54.8666,1.63185,33622400,FALSE
"ETH","Ethiopia","Africa",NA,1978,55.4314,1.62707,34068300,FALSE
"ETH","Ethiopia","Africa",NA,1979,55.94245,1.61729,34590200,FALSE
"ETH","Ethiopia","Africa",NA,1980,55.91378,1.58554,35264900,FALSE
"ETH","Ethiopia","Africa",NA,1981,56.35559,1.56022,36120300,FALSE
"ETH","Ethiopia","Africa",NA,1982,57.41679,1.54609,37136800,FALSE
"ETH","Ethiopia","Africa",NA,1983,58.99777,1.54098,38285900,FALSE
"ETH","Ethiopia","Africa",NA,1984,57.51125,1.45529,39518800,FALSE
"ETH","Ethiopia","Africa",NA,1985,59.89985,1.46812,40800300,FALSE
"ETH","Ethiopia","Africa",NA,1986,63.26468,1.50199,42120700,FALSE
"ETH","Ethiopia","Africa",NA,1987,61.05782,1.40384,43493300,FALSE
"ETH","Ethiopia","Africa",NA,1988,61.92082,1.3781,44932100,FALSE
"ETH","Ethiopia","Africa",NA,1989,64.97929,1.39864,46458900,FALSE
"ETH","Ethiopia","Africa",NA,1990,66.77577,1.38866,48086500,FALSE
"ETH","Ethiopia","Africa",NA,1991,67.66695,1.3582,49821100,FALSE
"ETH","Ethiopia","Africa",NA,1992,69.51419,1.34593,51647800,FALSE
"ETH","Ethiopia","Africa",NA,1993,64.49841,1.20483,53533000,FALSE
"ETH","Ethiopia","Africa",NA,1994,67.10736,1.21064,55431100,FALSE
"ETH","Ethiopia","Africa",NA,1995,68.22377,1.19044,57309900,FALSE
"ETH","Ethiopia","Africa",NA,1996,71.6734,1.21162,59155100,FALSE
"ETH","Ethiopia","Africa",NA,1997,74.06055,1.21458,60976400,FALSE
"ETH","Ethiopia","Africa",NA,1998,79.05611,1.25897,62794200,FALSE
"ETH","Ethiopia","Africa",NA,1999,79.14539,1.2244,64640100,FALSE
"ETH","Ethiopia","Africa",NA,2000,77.08089,1.15846,66537300,FALSE
"ETH","Ethiopia","Africa",NA,2001,82.54382,1.20515,68492300,FALSE
"ETH","Ethiopia","Africa",NA,2002,90.30859,1.28102,70497200,FALSE
"ETH","Ethiopia","Africa",NA,2003,89.58948,1.23495,72545100,FALSE
"ETH","Ethiopia","Africa",NA,2004,92.11786,1.23442,74624400,FALSE
"ETH","Ethiopia","Africa",NA,2005,95.53248,1.24509,76727100,FALSE
"ETH","Ethiopia","Africa",NA,2006,101.34727,1.28531,78850700,FALSE
"ETH","Ethiopia","Africa",NA,2007,110.99989,1.37036,81000400,FALSE
"ETH","Ethiopia","Africa",NA,2008,116.47154,1.40015,83184900,FALSE
"ETH","Ethiopia","Africa",NA,2009,121.15473,1.4184,85416300,FALSE
"ETH","Ethiopia","Africa",NA,2010,126.80177,1.44581,87702700,FALSE
"ETH","Ethiopia","Africa",NA,2011,126.6654,1.40666,90046800,FALSE
"ETH","Ethiopia","Africa",NA,2012,131.86417,1.42642,92444200,FALSE
"ETH","Ethiopia","Africa",NA,2013,137.03576,1.44419,94887700,FALSE
"ETH","Ethiopia","Africa",NA,2014,143.17328,1.47045,97366800,FALSE
"ETH","Ethiopia","Africa",NA,2015,147.71792,1.47906,99873000,FALSE
"ETH","Ethiopia","Africa",NA,2016,154.29162,1.50671,102403000,FALSE
"ETH","Ethiopia","Africa",NA,2017,157.84142,1.50387,104957000,FALSE
"ETH","Ethiopia","Africa",NA,2018,162.68218,1.51283,107534882,FALSE
"ETH","Ethiopia","Africa",NA,2019,173.87425,1.57873,110135635,FALSE
"ETH","Ethiopia","Africa",NA,2020,181.53339,1.60992,112759070,FALSE
"ETH","Ethiopia","Africa",NA,2021,176.96056,1.5334,115404000,FALSE
"ETH","Ethiopia","Africa",NA,2022,180.46355,1.52851,118065000,FALSE
"ETH","Ethiopia","Africa",NA,2023,188.44694,1.56075,120741000,FALSE
"ETH","Ethiopia","Africa",NA,2024,192.70401,1.56127,123428000,FALSE
"FIN","Finland","Europe","High income",1970,58.24325,12.62762,4612370,TRUE
"FIN","Finland","Europe","High income",1971,57.60684,12.44375,4629380,TRUE
"FIN","Finland","Europe","High income",1972,61.24526,13.16771,4651170,TRUE
"FIN","Finland","Europe","High income",1973,65.61663,14.03426,4675460,TRUE
"FIN","Finland","Europe","High income",1974,61.8366,13.16014,4698780,TRUE
"FIN","Finland","Europe","High income",1975,61.59224,13.05266,4718750,TRUE
"FIN","Finland","Europe","High income",1976,67.49839,14.25689,4734440,TRUE
"FIN","Finland","Europe","High income",1977,66.95675,14.10527,4746930,TRUE
"FIN","Finland","Europe","High income",1978,74.0355,15.5594,4758250,TRUE
"FIN","Finland","Europe","High income",1979,74.21315,15.55391,4771350,TRUE
"FIN","Finland","Europe","High income",1980,75.10137,15.68455,4788240,TRUE
"FIN","Finland","Europe","High income",1981,65.47834,13.6135,4809810,TRUE
"FIN","Finland","Europe","High income",1982,63.53752,13.14089,4835100,TRUE
"FIN","Finland","Europe","High income",1983,62.59153,12.87314,4862180,TRUE
"FIN","Finland","Europe","High income",1984,62.94467,12.87686,4888200,TRUE
"FIN","Finland","Europe","High income",1985,67.07171,13.65683,4911220,TRUE
"FIN","Finland","Europe","High income",1986,67.32569,13.65539,4930340,TRUE
"FIN","Finland","Europe","High income",1987,72.00845,14.55784,4946370,TRUE
"FIN","Finland","Europe","High income",1988,70.53383,14.21741,4961090,TRUE
"FIN","Finland","Europe","High income",1989,70.51059,14.16697,4977110,TRUE
"FIN","Finland","Europe","High income",1990,73.04069,14.61919,4996220,TRUE
"FIN","Finland","Europe","High income",1991,73.41712,14.62749,5019120,TRUE
"FIN","Finland","Europe","High income",1992,70.14129,13.90332,5044930,TRUE
"FIN","Finland","Europe","High income",1993,71.62253,14.12175,5071790,TRUE
"FIN","Finland","Europe","High income",1994,78.66326,15.43294,5097100,TRUE
"FIN","Finland","Europe","High income",1995,75.32281,14.71433,5119010,TRUE
"FIN","Finland","Europe","High income",1996,81.58963,15.8828,5136980,TRUE
"FIN","Finland","Europe","High income",1997,79.63207,15.45729,5151750,TRUE
"FIN","Finland","Europe","High income",1998,76.88773,14.88849,5164240,TRUE
"FIN","Finland","Europe","High income",1999,76.14972,14.71228,5175930,TRUE
"FIN","Finland","Europe","High income",2000,74.68758,14.39636,5187950,TRUE
"FIN","Finland","Europe","High income",2001,80.71708,15.52108,5200480,TRUE
"FIN","Finland","Europe","High income",2002,83.01254,15.92301,5213370,TRUE
"FIN","Finland","Europe","High income",2003,91.62208,17.52828,5227100,TRUE
"FIN","Finland","Europe","High income",2004,87.93503,16.77448,5242190,TRUE
"FIN","Finland","Europe","High income",2005,75.20586,14.3006,5258930,TRUE
"FIN","Finland","Europe","High income",2006,87.46374,16.57273,5277570,TRUE
"FIN","Finland","Europe","High income",2007,85.6334,16.16331,5298010,TRUE
"FIN","Finland","Europe","High income",2008,76.72809,14.42284,5319900,TRUE
"FIN","Finland","Europe","High income",2009,73.11975,13.68605,5342650,TRUE
"FIN","Finland","Europe","High income",2010,82.93813,15.45686,5365780,TRUE
"FIN","Finland","Europe","High income",2011,74.70146,13.86122,5389240,TRUE
"FIN","Finland","Europe","High income",2012,68.64186,12.68097,5412980,TRUE
"FIN","Finland","Europe","High income",2013,69.564,12.79545,5436620,TRUE
"FIN","Finland","Europe","High income",2014,65.56263,12.00842,5459720,TRUE
"FIN","Finland","Europe","High income",2015,61.79119,11.27171,5481970,TRUE
"FIN","Finland","Europe","High income",2016,64.60736,11.74011,5503130,TRUE
"FIN","Finland","Europe","High income",2017,61.54733,11.14336,5523230,TRUE
"FIN","Finland","Europe","High income",2018,62.98031,11.36312,5542517,TRUE
"FIN","Finland","Europe","High income",2019,59.60704,10.71801,5561389,TRUE
"FIN","Finland","Europe","High income",2020,54.34647,9.73929,5580127,TRUE
"FIN","Finland","Europe","High income",2021,55.4026,9.89686,5598000,TRUE
"FIN","Finland","Europe","High income",2022,54.09156,9.62997,5617000,TRUE
"FIN","Finland","Europe","High income",2023,49.87398,8.85075,5635000,TRUE
"FIN","Finland","Europe","High income",2024,48.679,8.61118,5653000,TRUE
"FJI","Fiji","Oceania","Upper middle income",1970,1.36312,2.61872,520529,FALSE
"FJI","Fiji","Oceania","Upper middle income",1971,1.38528,2.60587,531601,FALSE
"FJI","Fiji","Oceania","Upper middle income",1972,1.44817,2.66789,542814,FALSE
"FJI","Fiji","Oceania","Upper middle income",1973,1.61998,2.92358,554107,FALSE
"FJI","Fiji","Oceania","Upper middle income",1974,1.84144,3.25695,565388,FALSE
"FJI","Fiji","Oceania","Upper middle income",1975,1.68085,2.91513,576595,FALSE
"FJI","Fiji","Oceania","Upper middle income",1976,1.67798,2.85604,587520,FALSE
"FJI","Fiji","Oceania","Upper middle income",1977,1.76525,2.95065,598259,FALSE
"FJI","Fiji","Oceania","Upper middle income",1978,1.75496,2.88008,609345,FALSE
"FJI","Fiji","Oceania","Upper middle income",1979,1.88659,3.03537,621538,FALSE
"FJI","Fiji","Oceania","Upper middle income",1980,1.98559,3.12566,635255,FALSE
"FJI","Fiji","Oceania","Upper middle income",1981,2.04201,3.13695,650955,FALSE
"FJI","Fiji","Oceania","Upper middle income",1982,2.03269,3.04205,668198,FALSE
"FJI","Fiji","Oceania","Upper middle income",1983,1.83914,2.68334,685391,FALSE
"FJI","Fiji","Oceania","Upper middle income",1984,1.73543,2.47789,700366,FALSE
"FJI","Fiji","Oceania","Upper middle income",1985,1.85778,2.61049,711661,FALSE
"FJI","Fiji","Oceania","Upper middle income",1986,1.91723,2.6682,718548,FALSE
"FJI","Fiji","Oceania","Upper middle income",1987,1.84828,2.56092,721725,FALSE
"FJI","Fiji","Oceania","Upper middle income",1988,1.85433,2.56507,722917,FALSE
"FJI","Fiji","Oceania","Upper middle income",1989,1.99601,2.75454,724624,FALSE
"FJI","Fiji","Oceania","Upper middle income",1990,2.13043,2.92389,728628,FALSE
"FJI","Fiji","Oceania","Upper middle income",1991,2.02231,2.74967,735473,FALSE
"FJI","Fiji","Oceania","Upper middle income",1992,2.15996,2.9011,744531,FALSE
"FJI","Fiji","Oceania","Upper middle income",1993,2.3158,3.06718,755026,FALSE
"FJI","Fiji","Oceania","Upper middle income",1994,2.42523,3.16748,765667,FALSE
"FJI","Fiji","Oceania","Upper middle income",1995,2.46379,3.17705,775498,FALSE
"FJI","Fiji","Oceania","Upper middle income",1996,2.51208,3.20225,784476,FALSE
"FJI","Fiji","Oceania","Upper middle income",1997,2.5509,3.21734,792860,FALSE
"FJI","Fiji","Oceania","Upper middle income",1998,2.5184,3.14676,800315,FALSE
"FJI","Fiji","Oceania","Upper middle income",1999,2.61083,3.23726,806494,FALSE
"FJI","Fiji","Oceania","Upper middle income",2000,2.78607,3.43441,811223,FALSE
"FJI","Fiji","Oceania","Upper middle income",2001,2.92791,3.59598,814218,FALSE
"FJI","Fiji","Oceania","Upper middle income",2002,2.62487,3.21797,815691,FALSE
"FJI","Fiji","Oceania","Upper middle income",2003,2.85514,3.49626,816628,FALSE
"FJI","Fiji","Oceania","Upper middle income",2004,3.3455,4.08808,818354,FALSE
"FJI","Fiji","Oceania","Upper middle income",2005,3.09623,3.76755,821817,FALSE
"FJI","Fiji","Oceania","Upper middle income",2006,3.24046,3.91639,827411,FALSE
"FJI","Fiji","Oceania","Upper middle income",2007,3.10654,3.72124,834812,FALSE
"FJI","Fiji","Oceania","Upper middle income",2008,2.67545,3.17245,843340,FALSE
"FJI","Fiji","Oceania","Upper middle income",2009,2.43275,2.85545,851967,FALSE
"FJI","Fiji","Oceania","Upper middle income",2010,3.07265,3.57305,859950,FALSE
"FJI","Fiji","Oceania","Upper middle income",2011,2.61494,3.01578,867086,FALSE
"FJI","Fiji","Oceania","Upper middle income",2012,2.58189,2.95547,873596,FALSE
"FJI","Fiji","Oceania","Upper middle income",2013,2.77433,3.15367,879715,FALSE
"FJI","Fiji","Oceania","Upper middle income",2014,2.47934,2.79897,885806,FALSE
"FJI","Fiji","Oceania","Upper middle income",2015,2.53911,2.84606,892149,FALSE
"FJI","Fiji","Oceania","Upper middle income",2016,2.53381,2.81923,898760,FALSE
"FJI","Fiji","Oceania","Upper middle income",2017,2.53778,2.80262,905502,FALSE
"FJI","Fiji","Oceania","Upper middle income",2018,2.67689,2.93442,912241,FALSE
"FJI","Fiji","Oceania","Upper middle income",2019,2.75701,3.0008,918757,FALSE
"FJI","Fiji","Oceania","Upper middle income",2020,2.14793,2.3223,924915,FALSE
"FJI","Fiji","Oceania","Upper middle income",2021,2.37234,2.5509,930000,FALSE
"FJI","Fiji","Oceania","Upper middle income",2022,2.5256,2.69829,936000,FALSE
"FJI","Fiji","Oceania","Upper middle income",2023,2.64891,2.812,942000,FALSE
"FJI","Fiji","Oceania","Upper middle income",2024,2.7509,2.90793,946000,FALSE
"FLK","Falkland Islands","America",NA,1970,0.15575,77.83425,2001,FALSE
"FLK","Falkland Islands","America",NA,1971,0.15639,79.346,1971,FALSE
"FLK","Falkland Islands","America",NA,1972,0.15562,79.03671,1969,FALSE
"FLK","Falkland Islands","America",NA,1973,0.14774,76.1927,1939,FALSE
"FLK","Falkland Islands","America",NA,1974,0.14896,76.98436,1935,FALSE
"FLK","Falkland Islands","America",NA,1975,0.15332,79.97745,1917,FALSE
"FLK","Falkland Islands","America",NA,1976,0.15315,80.47861,1903,FALSE
"FLK","Falkland Islands","America",NA,1977,0.15212,80.65594,1886,FALSE
"FLK","Falkland Islands","America",NA,1978,0.15357,81.86277,1876,FALSE
"FLK","Falkland Islands","America",NA,1979,0.15403,82.59164,1865,FALSE
"FLK","Falkland Islands","America",NA,1980,0.15426,83.47453,1848,FALSE
"FLK","Falkland Islands","America",NA,1981,0.15083,81.39518,1853,FALSE
"FLK","Falkland Islands","America",NA,1982,0.1522,82.58131,1843,FALSE
"FLK","Falkland Islands","America",NA,1983,0.15396,83.35899,1847,FALSE
"FLK","Falkland Islands","America",NA,1984,0.15595,84.29546,1850,FALSE
"FLK","Falkland Islands","America",NA,1985,0.15879,85.60269,1855,FALSE
"FLK","Falkland Islands","America",NA,1986,0.16022,85.91087,1865,FALSE
"FLK","Falkland Islands","America",NA,1987,0.15489,82.34499,1881,FALSE
"FLK","Falkland Islands","America",NA,1988,0.16125,84.59903,1906,FALSE
"FLK","Falkland Islands","America",NA,1989,0.17312,89.18941,1941,FALSE
"FLK","Falkland Islands","America",NA,1990,0.16479,82.85013,1989,FALSE
"FLK","Falkland Islands","America",NA,1991,0.16294,78.98018,2063,FALSE
"FLK","Falkland Islands","America",NA,1992,0.15726,73.41515,2142,FALSE
"FLK","Falkland Islands","America",NA,1993,0.15734,70.36601,2236,FALSE
"FLK","Falkland Islands","America",NA,1994,0.16128,69.12877,2333,FALSE
"FLK","Falkland Islands","America",NA,1995,0.16564,68.02642,2435,FALSE
"FLK","Falkland Islands","America",NA,1996,0.15186,59.83361,2538,FALSE
"FLK","Falkland Islands","America",NA,1997,0.16217,61.49973,2637,FALSE
"FLK","Falkland Islands","America",NA,1998,0.15462,56.5116,2736,FALSE
"FLK","Falkland Islands","America",NA,1999,0.15213,54.04345,2815,FALSE
"FLK","Falkland Islands","America",NA,2000,0.15473,53.68726,2882,FALSE
"FLK","Falkland Islands","America",NA,2001,0.15196,51.97029,2924,FALSE
"FLK","Falkland Islands","America",NA,2002,0.1531,51.95042,2947,FALSE
"FLK","Falkland Islands","America",NA,2003,0.15547,52.68224,2951,FALSE
"FLK","Falkland Islands","America",NA,2004,0.15571,52.70997,2954,FALSE
"FLK","Falkland Islands","America",NA,2005,0.15592,53.05286,2939,FALSE
"FLK","Falkland Islands","America",NA,2006,0.15898,54.42806,2921,FALSE
"FLK","Falkland Islands","America",NA,2007,0.1618,55.65865,2907,FALSE
"FLK","Falkland Islands","America",NA,2008,0.16257,56.35142,2885,FALSE
"FLK","Falkland Islands","America",NA,2009,0.16419,57.2672,2867,FALSE
"FLK","Falkland Islands","America",NA,2010,0.164,57.50479,2852,FALSE
"FLK","Falkland Islands","America",NA,2011,0.16002,56.02767,2856,FALSE
"FLK","Falkland Islands","America",NA,2012,0.16083,56.27388,2858,FALSE
"FLK","Falkland Islands","America",NA,2013,0.1628,56.72472,2870,FALSE
"FLK","Falkland Islands","America",NA,2014,0.16381,56.74031,2887,FALSE
"FLK","Falkland Islands","America",NA,2015,0.16431,56.698,2898,FALSE
"FLK","Falkland Islands","America",NA,2016,0.16603,57.05539,2910,FALSE
"FLK","Falkland Islands","America",NA,2017,0.16429,56.45592,2910,FALSE
"FLK","Falkland Islands","America",NA,2018,0.1615,55.26954,2922,FALSE
"FLK","Falkland Islands","America",NA,2019,0.16438,56.27585,2921,FALSE
"FLK","Falkland Islands","America",NA,2020,0.1652,56.47748,2925,FALSE
"FLK","Falkland Islands","America",NA,2021,0.16801,56.00259,3000,FALSE
"FLK","Falkland Islands","America",NA,2022,0.16955,56.51716,3000,FALSE
"FLK","Falkland Islands","America",NA,2023,0.17143,57.14471,3000,FALSE
"FLK","Falkland Islands","America",NA,2024,0.17289,57.63165,3000,FALSE
"FRA","France and Monaco","Europe","High income",1970,634.00247,12.46961,50843800,TRUE
"FRA","France and Monaco","Europe","High income",1971,644.72023,12.57414,51273500,TRUE
"FRA","France and Monaco","Europe","High income",1972,661.46841,12.78452,51739800,TRUE
"FRA","France and Monaco","Europe","High income",1973,699.07361,13.38906,52212300,TRUE
"FRA","France and Monaco","Europe","High income",1974,680.40516,12.92411,52646200,TRUE
"FRA","France and Monaco","Europe","High income",1975,638.47886,12.04434,53010700,TRUE
"FRA","France and Monaco","Europe","High income",1976,683.17876,12.81862,53295800,TRUE
"FRA","France and Monaco","Europe","High income",1977,665.65324,12.43835,53516200,TRUE
"FRA","France and Monaco","Europe","High income",1978,683.17962,12.72298,53696500,TRUE
"FRA","France and Monaco","Europe","High income",1979,692.00372,12.84524,53872400,TRUE
"FRA","France and Monaco","Europe","High income",1980,668.98622,12.37241,54070800,TRUE
"FRA","France and Monaco","Europe","High income",1981,617.92003,11.38016,54298000,TRUE
"FRA","France and Monaco","Europe","High income",1982,597.77875,10.95883,54547700,TRUE
"FRA","France and Monaco","Europe","High income",1983,581.97818,10.61659,54817800,TRUE
"FRA","France and Monaco","Europe","High income",1984,569.84012,10.34142,55102700,TRUE
"FRA","France and Monaco","Europe","High income",1985,554.19652,10.004,55397500,TRUE
"FRA","France and Monaco","Europe","High income",1986,541.26695,9.71675,55704500,TRUE
"FRA","France and Monaco","Europe","High income",1987,531.36885,9.48458,56024500,TRUE
"FRA","France and Monaco","Europe","High income",1988,528.39423,9.3773,56348200,TRUE
"FRA","France and Monaco","Europe","High income",1989,536.44562,9.46727,56663200,TRUE
"FRA","France and Monaco","Europe","High income",1990,530.89996,9.32044,56960800,TRUE
"FRA","France and Monaco","Europe","High income",1991,561.69627,9.8134,57237700,TRUE
"FRA","France and Monaco","Europe","High income",1992,546.91129,9.512,57497000,TRUE
"FRA","France and Monaco","Europe","High income",1993,524.33865,9.08027,57744800,TRUE
"FRA","France and Monaco","Europe","High income",1994,518.61185,8.94302,57990700,TRUE
"FRA","France and Monaco","Europe","High income",1995,529.17877,9.08589,58241800,TRUE
"FRA","France and Monaco","Europe","High income",1996,547.15463,9.35312,58499700,TRUE
"FRA","France and Monaco","Europe","High income",1997,533.36284,9.07645,58763400,TRUE
"FRA","France and Monaco","Europe","High income",1998,545.64493,9.24275,59034900,TRUE
"FRA","France and Monaco","Europe","High income",1999,538.16586,9.07285,59316100,TRUE
"FRA","France and Monaco","Europe","High income",2000,538.0613,9.02663,59608200,TRUE
"FRA","France and Monaco","Europe","High income",2001,542.46649,9.05449,59911300,TRUE
"FRA","France and Monaco","Europe","High income",2002,536.07928,8.90126,60225100,TRUE
"FRA","France and Monaco","Europe","High income",2003,539.64766,8.91242,60550100,TRUE
"FRA","France and Monaco","Europe","High income",2004,541.16371,8.88806,60886600,TRUE
"FRA","France and Monaco","Europe","High income",2005,541.87916,8.84933,61233900,TRUE
"FRA","France and Monaco","Europe","High income",2006,528.19813,8.57563,61592900,TRUE
"FRA","France and Monaco","Europe","High income",2007,522.87575,8.4388,61960900,TRUE
"FRA","France and Monaco","Europe","High income",2008,515.52362,8.27093,62329600,TRUE
"FRA","France and Monaco","Europe","High income",2009,501.29229,7.99669,62687500,TRUE
"FRA","France and Monaco","Europe","High income",2010,510.8051,8.10458,63026700,TRUE
"FRA","France and Monaco","Europe","High income",2011,493.17145,7.78566,63343600,TRUE
"FRA","France and Monaco","Europe","High income",2012,495.35334,7.78369,63639900,TRUE
"FRA","France and Monaco","Europe","High income",2013,490.00105,7.66586,63919900,TRUE
"FRA","France and Monaco","Europe","High income",2014,455.8541,7.10157,64190600,TRUE
"FRA","France and Monaco","Europe","High income",2015,461.67068,7.16244,64457200,TRUE
"FRA","France and Monaco","Europe","High income",2016,462.96219,7.15323,64720700,TRUE
"FRA","France and Monaco","Europe","High income",2017,465.7704,7.16796,64979500,TRUE
"FRA","France and Monaco","Europe","High income",2018,452.34907,6.93433,65233271,TRUE
"FRA","France and Monaco","Europe","High income",2019,443.90142,6.77912,65480710,TRUE
"FRA","France and Monaco","Europe","High income",2020,401.58637,6.11046,65721165,TRUE
"FRA","France and Monaco","Europe","High income",2021,430.87822,6.53291,65955000,TRUE
"FRA","France and Monaco","Europe","High income",2022,417.18102,6.30345,66183000,TRUE
"FRA","France and Monaco","Europe","High income",2023,390.74291,5.88424,66405000,TRUE
"FRA","France and Monaco","Europe","High income",2024,378.12019,5.67535,66625000,TRUE
"FRO","Faroes","Europe","High income",1970,0.08792,2.24965,39083,FALSE
"FRO","Faroes","Europe","High income",1971,0.08703,2.2013,39537,FALSE
"FRO","Faroes","Europe","High income",1972,0.08796,2.19854,40009,FALSE
"FRO","Faroes","Europe","High income",1973,0.08811,2.17629,40486,FALSE
"FRO","Faroes","Europe","High income",1974,0.08826,2.15511,40955,FALSE
"FRO","Faroes","Europe","High income",1975,0.08822,2.13055,41407,FALSE
"FRO","Faroes","Europe","High income",1976,0.0895,2.13872,41848,FALSE
"FRO","Faroes","Europe","High income",1977,0.08961,2.11979,42275,FALSE
"FRO","Faroes","Europe","High income",1978,0.08939,2.09382,42693,FALSE
"FRO","Faroes","Europe","High income",1979,0.08883,2.06089,43101,FALSE
"FRO","Faroes","Europe","High income",1980,0.08884,2.04166,43514,FALSE
"FRO","Faroes","Europe","High income",1981,0.08862,2.01786,43917,FALSE
"FRO","Faroes","Europe","High income",1982,0.08849,1.99728,44307,FALSE
"FRO","Faroes","Europe","High income",1983,0.08882,1.98701,44700,FALSE
"FRO","Faroes","Europe","High income",1984,0.08895,1.9713,45122,FALSE
"FRO","Faroes","Europe","High income",1985,0.08884,1.9493,45573,FALSE
"FRO","Faroes","Europe","High income",1986,0.08885,1.92833,46077,FALSE
"FRO","Faroes","Europe","High income",1987,0.08942,1.91809,46621,FALSE
"FRO","Faroes","Europe","High income",1988,0.08956,1.90081,47117,FALSE
"FRO","Faroes","Europe","High income",1989,0.0897,1.88967,47466,FALSE
"FRO","Faroes","Europe","High income",1990,0.09008,1.8926,47594,FALSE
"FRO","Faroes","Europe","High income",1991,0.08983,1.89296,47457,FALSE
"FRO","Faroes","Europe","High income",1992,0.08966,1.90366,47101,FALSE
"FRO","Faroes","Europe","High income",1993,0.0898,1.92537,46640,FALSE
"FRO","Faroes","Europe","High income",1994,0.08982,1.94199,46250,FALSE
"FRO","Faroes","Europe","High income",1995,0.08968,1.94792,46040,FALSE
"FRO","Faroes","Europe","High income",1996,0.08964,1.94626,46058,FALSE
"FRO","Faroes","Europe","High income",1997,0.0898,1.94153,46251,FALSE
"FRO","Faroes","Europe","High income",1998,0.08974,1.92667,46580,FALSE
"FRO","Faroes","Europe","High income",1999,0.08992,1.91581,46937,FALSE
"FRO","Faroes","Europe","High income",2000,0.09016,1.90773,47258,FALSE
"FRO","Faroes","Europe","High income",2001,0.09085,1.91165,47526,FALSE
"FRO","Faroes","Europe","High income",2002,0.09105,1.90612,47769,FALSE
"FRO","Faroes","Europe","High income",2003,0.09119,1.9008,47974,FALSE
"FRO","Faroes","Europe","High income",2004,0.0913,1.89637,48143,FALSE
"FRO","Faroes","Europe","High income",2005,0.09115,1.88778,48285,FALSE
"FRO","Faroes","Europe","High income",2006,0.09108,1.88245,48383,FALSE
"FRO","Faroes","Europe","High income",2007,0.09114,1.88121,48448,FALSE
"FRO","Faroes","Europe","High income",2008,0.09103,1.87744,48485,FALSE
"FRO","Faroes","Europe","High income",2009,0.09119,1.87948,48517,FALSE
"FRO","Faroes","Europe","High income",2010,0.09117,1.87784,48550,FALSE
"FRO","Faroes","Europe","High income",2011,0.0915,1.88231,48608,FALSE
"FRO","Faroes","Europe","High income",2012,0.09178,1.88586,48666,FALSE
"FRO","Faroes","Europe","High income",2013,0.09187,1.88468,48747,FALSE
"FRO","Faroes","Europe","High income",2014,0.09421,1.9289,48842,FALSE
"FRO","Faroes","Europe","High income",2015,0.09443,1.92844,48965,FALSE
"FRO","Faroes","Europe","High income",2016,0.09471,1.92824,49117,FALSE
"FRO","Faroes","Europe","High income",2017,0.09511,1.92967,49290,FALSE
"FRO","Faroes","Europe","High income",2018,0.09541,1.92789,49489,FALSE
"FRO","Faroes","Europe","High income",2019,0.09525,1.91682,49692,FALSE
"FRO","Faroes","Europe","High income",2020,0.09579,1.91976,49896,FALSE
"FRO","Faroes","Europe","High income",2021,0.09608,1.92163,50000,FALSE
"FRO","Faroes","Europe","High income",2022,0.09565,1.87557,51000,FALSE
"FRO","Faroes","Europe","High income",2023,0.09646,1.89135,51000,FALSE
"FRO","Faroes","Europe","High income",2024,0.09662,1.89445,51000,FALSE
"GAB","Gabon","Africa","Upper middle income",1970,6.83073,11.5752,590118,FALSE
"GAB","Gabon","Africa","Upper middle income",1971,7.35085,12.21618,601731,FALSE
"GAB","Gabon","Africa","Upper middle income",1972,7.92038,12.91809,613123,FALSE
"GAB","Gabon","Africa","Upper middle income",1973,11.87481,19.01122,624621,FALSE
"GAB","Gabon","Africa","Upper middle income",1974,14.55026,22.85275,636696,FALSE
"GAB","Gabon","Africa","Upper middle income",1975,16.75836,25.79336,649716,FALSE
"GAB","Gabon","Africa","Upper middle income",1976,17.62322,26.55019,663770,FALSE
"GAB","Gabon","Africa","Upper middle income",1977,17.39956,25.63381,678774,FALSE
"GAB","Gabon","Africa","Upper middle income",1978,17.37342,25.00736,694732,FALSE
"GAB","Gabon","Africa","Upper middle income",1979,16.47547,23.15489,711533,FALSE
"GAB","Gabon","Africa","Upper middle income",1980,15.38884,21.10491,729159,FALSE
"GAB","Gabon","Africa","Upper middle income",1981,14.5219,19.42503,747587,FALSE
"GAB","Gabon","Africa","Upper middle income",1982,14.89128,19.41864,766855,FALSE
"GAB","Gabon","Africa","Upper middle income",1983,14.43378,18.33995,787013,FALSE
"GAB","Gabon","Africa","Upper middle income",1984,15.82044,19.57774,808083,FALSE
"GAB","Gabon","Africa","Upper middle income",1985,17.0916,20.59018,830085,FALSE
"GAB","Gabon","Africa","Upper middle income",1986,14.60993,17.12716,853027,FALSE
"GAB","Gabon","Africa","Upper middle income",1987,13.62422,15.53746,876863,FALSE
"GAB","Gabon","Africa","Upper middle income",1988,14.23867,15.79516,901458,FALSE
"GAB","Gabon","Africa","Upper middle income",1989,17.34521,18.71875,926622,FALSE
"GAB","Gabon","Africa","Upper middle income",1990,20.4242,21.44922,952212,FALSE
"GAB","Gabon","Africa","Upper middle income",1991,19.60057,20.03691,978223,FALSE
"GAB","Gabon","Africa","Upper middle income",1992,20.89302,20.7957,1004680,FALSE
"GAB","Gabon","Africa","Upper middle income",1993,21.55058,20.89247,1031500,FALSE
"GAB","Gabon","Africa","Upper middle income",1994,21.09473,19.92587,1058660,FALSE
"GAB","Gabon","Africa","Upper middle income",1995,23.58147,21.71126,1086140,FALSE
"GAB","Gabon","Africa","Upper middle income",1996,26.56868,23.85002,1113990,FALSE
"GAB","Gabon","Africa","Upper middle income",1997,24.53594,21.47904,1142320,FALSE
"GAB","Gabon","Africa","Upper middle income",1998,28.52065,24.35123,1171220,FALSE
"GAB","Gabon","Africa","Upper middle income",1999,27.15821,22.61733,1200770,FALSE
"GAB","Gabon","Africa","Upper middle income",2000,27.94837,22.70158,1231120,FALSE
"GAB","Gabon","Africa","Upper middle income",2001,28.01479,22.19415,1262260,FALSE
"GAB","Gabon","Africa","Upper middle income",2002,27.09275,20.93058,1294410,FALSE
"GAB","Gabon","Africa","Upper middle income",2003,30.18827,22.72957,1328150,FALSE
"GAB","Gabon","Africa","Upper middle income",2004,27.9296,20.47325,1364200,FALSE
"GAB","Gabon","Africa","Upper middle income",2005,26.27755,18.72781,1403130,FALSE
"GAB","Gabon","Africa","Upper middle income",2006,22.63621,15.66693,1444840,FALSE
"GAB","Gabon","Africa","Upper middle income",2007,19.56239,13.13626,1489190,FALSE
"GAB","Gabon","Africa","Upper middle income",2008,21.04069,13.69471,1536410,FALSE
"GAB","Gabon","Africa","Upper middle income",2009,20.46304,12.8962,1586750,FALSE
"GAB","Gabon","Africa","Upper middle income",2010,21.00567,12.80669,1640210,FALSE
"GAB","Gabon","Africa","Upper middle income",2011,20.70405,12.19966,1697100,FALSE
"GAB","Gabon","Africa","Upper middle income",2012,20.59269,11.72157,1756820,FALSE
"GAB","Gabon","Africa","Upper middle income",2013,20.36093,11.20413,1817270,FALSE
"GAB","Gabon","Africa","Upper middle income",2014,20.53876,10.94986,1875710,FALSE
"GAB","Gabon","Africa","Upper middle income",2015,21.39915,11.08666,1930170,FALSE
"GAB","Gabon","Africa","Upper middle income",2016,21.44363,10.83127,1979790,FALSE
"GAB","Gabon","Africa","Upper middle income",2017,19.69581,9.72565,2025140,FALSE
"GAB","Gabon","Africa","Upper middle income",2018,18.34446,8.87251,2067561,FALSE
"GAB","Gabon","Africa","Upper middle income",2019,20.25525,9.60374,2109099,FALSE
"GAB","Gabon","Africa","Upper middle income",2020,20.08624,9.33684,2151289,FALSE
"GAB","Gabon","Africa","Upper middle income",2021,19.1691,8.73705,2194000,FALSE
"GAB","Gabon","Africa","Upper middle income",2022,19.9382,8.90893,2238000,FALSE
"GAB","Gabon","Africa","Upper middle income",2023,21.55332,9.44079,2283000,FALSE
"GAB","Gabon","Africa","Upper middle income",2024,21.78199,9.36055,2327000,FALSE
"GBR","United Kingdom","Europe","High income",1970,869.87158,15.63536,55634900,FALSE
"GBR","United Kingdom","Europe","High income",1971,865.60662,15.50994,55809800,FALSE
"GBR","United Kingdom","Europe","High income",1972,845.46636,15.11021,55953300,FALSE
"GBR","United Kingdom","Europe","High income",1973,886.36579,15.8091,56066800,FALSE
"GBR","United Kingdom","Europe","High income",1974,836.5491,14.89789,56152200,FALSE
"GBR","United Kingdom","Europe","High income",1975,825.17654,14.67975,56211900,FALSE
"GBR","United Kingdom","Europe","High income",1976,832.34537,14.79794,56247400,FALSE
"GBR","United Kingdom","Europe","High income",1977,837.72616,14.88973,56262000,FALSE
"GBR","United Kingdom","Europe","High income",1978,835.78176,14.85472,56263700,FALSE
"GBR","United Kingdom","Europe","High income",1979,875.85328,15.56738,56262100,FALSE
"GBR","United Kingdom","Europe","High income",1980,811.02081,14.41418,56265500,FALSE
"GBR","United Kingdom","Europe","High income",1981,790.56356,14.0479,56276300,FALSE
"GBR","United Kingdom","Europe","High income",1982,774.04384,13.74949,56296200,FALSE
"GBR","United Kingdom","Europe","High income",1983,766.99662,13.61591,56330900,FALSE
"GBR","United Kingdom","Europe","High income",1984,722.82895,12.81925,56386200,FALSE
"GBR","United Kingdom","Europe","High income",1985,765.22911,13.55201,56466100,FALSE
"GBR","United Kingdom","Europe","High income",1986,788.68834,13.94075,56574300,FALSE
"GBR","United Kingdom","Europe","High income",1987,788.84663,13.91038,56709200,FALSE
"GBR","United Kingdom","Europe","High income",1988,785.76791,13.81864,56862900,FALSE
"GBR","United Kingdom","Europe","High income",1989,769.8552,13.50062,57023700,FALSE
"GBR","United Kingdom","Europe","High income",1990,778.13109,13.60766,57183300,FALSE
"GBR","United Kingdom","Europe","High income",1991,788.37889,13.74934,57339400,FALSE
"GBR","United Kingdom","Europe","High income",1992,770.69527,13.40468,57494500,FALSE
"GBR","United Kingdom","Europe","High income",1993,750.43285,13.01694,57650500,FALSE
"GBR","United Kingdom","Europe","High income",1994,737.40148,12.75543,57810800,FALSE
"GBR","United Kingdom","Europe","High income",1995,734.7261,12.67243,57978300,FALSE
"GBR","United Kingdom","Europe","High income",1996,755.906,12.99775,58156700,FALSE
"GBR","United Kingdom","Europe","High income",1997,735.47729,12.60529,58346700,FALSE
"GBR","United Kingdom","Europe","High income",1998,730.33161,12.47473,58544900,FALSE
"GBR","United Kingdom","Europe","High income",1999,717.65521,12.21609,58746700,FALSE
"GBR","United Kingdom","Europe","High income",2000,718.07915,12.18099,58950800,FALSE
"GBR","United Kingdom","Europe","High income",2001,724.32804,12.24576,59149300,FALSE
"GBR","United Kingdom","Europe","High income",2002,705.8175,11.89266,59349000,FALSE
"GBR","United Kingdom","Europe","High income",2003,715.57737,12.01032,59580200,FALSE
"GBR","United Kingdom","Europe","High income",2004,710.54959,11.86541,59884100,FALSE
"GBR","United Kingdom","Europe","High income",2005,703.62845,11.67135,60286800,FALSE
"GBR","United Kingdom","Europe","High income",2006,698.53367,11.48851,60802800,FALSE
"GBR","United Kingdom","Europe","High income",2007,685.42829,11.16066,61414700,FALSE
"GBR","United Kingdom","Europe","High income",2008,663.2773,10.68489,62076200,FALSE
"GBR","United Kingdom","Europe","High income",2009,607.93047,9.69237,62722600,FALSE
"GBR","United Kingdom","Europe","High income",2010,622.72414,9.83661,63306800,FALSE
"GBR","United Kingdom","Europe","High income",2011,578.65002,9.06806,63811900,FALSE
"GBR","United Kingdom","Europe","High income",2012,599.41182,9.32932,64250300,FALSE
"GBR","United Kingdom","Europe","High income",2013,585.77844,9.06201,64641100,FALSE
"GBR","United Kingdom","Europe","High income",2014,544.70896,8.37811,65015700,FALSE
"GBR","United Kingdom","Europe","High income",2015,527.89803,8.07219,65397100,FALSE
"GBR","United Kingdom","Europe","High income",2016,502.47848,7.63777,65788600,FALSE
"GBR","United Kingdom","Europe","High income",2017,490.83997,7.41656,66181600,FALSE
"GBR","United Kingdom","Europe","High income",2018,482.16798,7.24264,66573504,FALSE
"GBR","United Kingdom","Europe","High income",2019,464.70901,6.9402,66959016,FALSE
"GBR","United Kingdom","Europe","High income",2020,421.54114,6.26043,67334208,FALSE
"GBR","United Kingdom","Europe","High income",2021,437.86944,6.46789,67699000,FALSE
"GBR","United Kingdom","Europe","High income",2022,423.36716,6.22077,68057000,FALSE
"GBR","United Kingdom","Europe","High income",2023,400.6095,5.85644,68405000,FALSE
"GBR","United Kingdom","Europe","High income",2024,386.69572,5.62507,68745000,FALSE
"GEO","Georgia","Asia","Upper middle income",1970,29.3908,6.23569,4713320,FALSE
"GEO","Georgia","Asia","Upper middle income",1971,29.36873,6.1723,4758150,FALSE
"GEO","Georgia","Asia","Upper middle income",1972,31.00065,6.46716,4793550,FALSE
"GEO","Georgia","Asia","Upper middle income",1973,32.67774,6.77658,4822160,FALSE
"GEO","Georgia","Asia","Upper middle income",1974,34.15134,7.04464,4847850,FALSE
"GEO","Georgia","Asia","Upper middle income",1975,36.21887,7.43162,4873620,FALSE
"GEO","Georgia","Asia","Upper middle income",1976,36.72761,7.49516,4900180,FALSE
"GEO","Georgia","Asia","Upper middle income",1977,37.08493,7.52651,4927240,FALSE
"GEO","Georgia","Asia","Upper middle income",1978,37.96428,7.66104,4955500,FALSE
"GEO","Georgia","Asia","Upper middle income",1979,39.14262,7.8512,4985560,FALSE
"GEO","Georgia","Asia","Upper middle income",1980,40.03089,7.97774,5017820,FALSE
"GEO","Georgia","Asia","Upper middle income",1981,40.42271,8.00255,5051230,FALSE
"GEO","Georgia","Asia","Upper middle income",1982,39.97091,7.85976,5085510,FALSE
"GEO","Georgia","Asia","Upper middle income",1983,39.38633,7.68907,5122380,FALSE
"GEO","Georgia","Asia","Upper middle income",1984,39.20163,7.59112,5164140,FALSE
"GEO","Georgia","Asia","Upper middle income",1985,38.78573,7.44242,5211440,FALSE
"GEO","Georgia","Asia","Upper middle income",1986,38.42518,7.29569,5266830,FALSE
"GEO","Georgia","Asia","Upper middle income",1987,38.91023,7.30403,5327230,FALSE
"GEO","Georgia","Asia","Upper middle income",1988,38.37056,7.13087,5380910,FALSE
"GEO","Georgia","Asia","Upper middle income",1989,37.15361,6.86485,5412150,FALSE
"GEO","Georgia","Asia","Upper middle income",1990,40.81956,7.54469,5410370,FALSE
"GEO","Georgia","Asia","Upper middle income",1991,32.72483,6.09327,5370650,FALSE
"GEO","Georgia","Asia","Upper middle income",1992,26.86692,5.07106,5298090,FALSE
"GEO","Georgia","Asia","Upper middle income",1993,22.49232,4.3216,5204630,FALSE
"GEO","Georgia","Asia","Upper middle income",1994,16.29175,3.18966,5107670,FALSE
"GEO","Georgia","Asia","Upper middle income",1995,13.7461,2.73823,5020060,FALSE
"GEO","Georgia","Asia","Upper middle income",1996,12.4667,2.52078,4945570,FALSE
"GEO","Georgia","Asia","Upper middle income",1997,11.75547,2.40829,4881250,FALSE
"GEO","Georgia","Asia","Upper middle income",1998,11.14367,2.30948,4825190,FALSE
"GEO","Georgia","Asia","Upper middle income",1999,10.68999,2.2396,4773170,FALSE
"GEO","Georgia","Asia","Upper middle income",2000,11.24137,2.38061,4722060,FALSE
"GEO","Georgia","Asia","Upper middle income",2001,9.62095,2.05921,4672160,FALSE
"GEO","Georgia","Asia","Upper middle income",2002,9.68967,2.09512,4624880,FALSE
"GEO","Georgia","Asia","Upper middle income",2003,10.24725,2.23784,4579080,FALSE
"GEO","Georgia","Asia","Upper middle income",2004,10.5342,2.32372,4533330,FALSE
"GEO","Georgia","Asia","Upper middle income",2005,11.15171,2.48559,4486550,FALSE
"GEO","Georgia","Asia","Upper middle income",2006,11.78581,2.65512,4438900,FALSE
"GEO","Georgia","Asia","Upper middle income",2007,12.66921,2.88558,4390530,FALSE
"GEO","Georgia","Asia","Upper middle income",2008,11.78093,2.71418,4340510,FALSE
"GEO","Georgia","Asia","Upper middle income",2009,12.78121,2.9809,4287700,FALSE
"GEO","Georgia","Asia","Upper middle income",2010,12.18964,2.88058,4231660,FALSE
"GEO","Georgia","Asia","Upper middle income",2011,13.6246,3.2663,4171260,FALSE
"GEO","Georgia","Asia","Upper middle income",2012,14.79795,3.60247,4107720,FALSE
"GEO","Georgia","Asia","Upper middle income",2013,15.73514,3.88915,4045910,FALSE
"GEO","Georgia","Asia","Upper middle income",2014,16.53461,4.14157,3992350,FALSE
"GEO","Georgia","Asia","Upper middle income",2015,16.78957,4.24889,3951520,FALSE
"GEO","Georgia","Asia","Upper middle income",2016,17.21026,4.38432,3925410,FALSE
"GEO","Georgia","Asia","Upper middle income",2017,17.28761,4.41906,3912060,FALSE
"GEO","Georgia","Asia","Upper middle income",2018,17.14668,4.38856,3907131,FALSE
"GEO","Georgia","Asia","Upper middle income",2019,17.87898,4.57942,3904204,FALSE
"GEO","Georgia","Asia","Upper middle income",2020,17.52755,4.49594,3898529,FALSE
"GEO","Georgia","Asia","Upper middle income",2021,18.56031,4.77374,3888000,FALSE
"GEO","Georgia","Asia","Upper middle income",2022,19.70645,5.08422,3876000,FALSE
"GEO","Georgia","Asia","Upper middle income",2023,19.65281,5.09008,3861000,FALSE
"GEO","Georgia","Asia","Upper middle income",2024,19.60282,5.09826,3845000,FALSE
"GHA","Ghana","Africa","Lower middle income",1970,6.84515,0.79623,8596980,FALSE
"GHA","Ghana","Africa","Lower middle income",1971,6.94006,0.78621,8827270,FALSE
"GHA","Ghana","Africa","Lower middle income",1972,7.35849,0.81009,9083570,FALSE
"GHA","Ghana","Africa","Lower middle income",1973,7.49718,0.80183,9350110,FALSE
"GHA","Ghana","Africa","Lower middle income",1974,8.10014,0.84339,9604280,FALSE
"GHA","Ghana","Africa","Lower middle income",1975,8.18781,0.83282,9831410,FALSE
"GHA","Ghana","Africa","Lower middle income",1976,8.31007,0.82906,10023500,FALSE
"GHA","Ghana","Africa","Lower middle income",1977,8.48643,0.83283,10189900,FALSE
"GHA","Ghana","Africa","Lower middle income",1978,8.29628,0.80122,10354500,FALSE
"GHA","Ghana","Africa","Lower middle income",1979,8.38083,0.79433,10550800,FALSE
"GHA","Ghana","Africa","Lower middle income",1980,8.4216,0.77963,10802000,FALSE
"GHA","Ghana","Africa","Lower middle income",1981,9.04433,0.81351,11117600,FALSE
"GHA","Ghana","Africa","Lower middle income",1982,8.96326,0.78022,11488100,FALSE
"GHA","Ghana","Africa","Lower middle income",1983,7.45254,0.62652,11895100,FALSE
"GHA","Ghana","Africa","Lower middle income",1984,7.92187,0.64347,12311200,FALSE
"GHA","Ghana","Africa","Lower middle income",1985,8.5622,0.67333,12716200,FALSE
"GHA","Ghana","Africa","Lower middle income",1986,9.19382,0.70159,13104300,FALSE
"GHA","Ghana","Africa","Lower middle income",1987,9.64388,0.71535,13481400,FALSE
"GHA","Ghana","Africa","Lower middle income",1988,9.8628,0.7119,13854200,FALSE
"GHA","Ghana","Africa","Lower middle income",1989,10.55924,0.74184,14233900,FALSE
"GHA","Ghana","Africa","Lower middle income",1990,10.4735,0.71598,14628300,FALSE
"GHA","Ghana","Africa","Lower middle income",1991,10.70397,0.71172,15039500,FALSE
"GHA","Ghana","Africa","Lower middle income",1992,11.2496,0.72747,15463900,FALSE
"GHA","Ghana","Africa","Lower middle income",1993,11.57707,0.72828,15896400,FALSE
"GHA","Ghana","Africa","Lower middle income",1994,11.97967,0.73359,16330200,FALSE
"GHA","Ghana","Africa","Lower middle income",1995,12.39018,0.73925,16760500,FALSE
"GHA","Ghana","Africa","Lower middle income",1996,13.06574,0.76027,17185600,FALSE
"GHA","Ghana","Africa","Lower middle income",1997,13.42183,0.76222,17608800,FALSE
"GHA","Ghana","Africa","Lower middle income",1998,15.15446,0.84021,18036500,FALSE
"GHA","Ghana","Africa","Lower middle income",1999,16.07807,0.87014,18477600,FALSE
"GHA","Ghana","Africa","Lower middle income",2000,15.54059,0.82057,18938800,FALSE
"GHA","Ghana","Africa","Lower middle income",2001,16.15541,0.83183,19421600,FALSE
"GHA","Ghana","Africa","Lower middle income",2002,17.54193,0.88042,19924500,FALSE
"GHA","Ghana","Africa","Lower middle income",2003,17.21055,0.84172,20446800,FALSE
"GHA","Ghana","Africa","Lower middle income",2004,17.11976,0.81575,20986500,FALSE
"GHA","Ghana","Africa","Lower middle income",2005,17.87665,0.82985,21542000,FALSE
"GHA","Ghana","Africa","Lower middle income",2006,19.81974,0.89628,22113400,FALSE
"GHA","Ghana","Africa","Lower middle income",2007,20.3735,0.8975,22700200,FALSE
"GHA","Ghana","Africa","Lower middle income",2008,22.03728,0.94586,23298600,FALSE
"GHA","Ghana","Africa","Lower middle income",2009,23.1533,0.9686,23903800,FALSE
"GHA","Ghana","Africa","Lower middle income",2010,24.49869,0.99945,24512100,FALSE
"GHA","Ghana","Africa","Lower middle income",2011,27.52218,1.09555,25121800,FALSE
"GHA","Ghana","Africa","Lower middle income",2012,30.36377,1.17995,25733000,FALSE
"GHA","Ghana","Africa","Lower middle income",2013,32.47047,1.23245,26346300,FALSE
"GHA","Ghana","Africa","Lower middle income",2014,32.66555,1.21151,26962600,FALSE
"GHA","Ghana","Africa","Lower middle income",2015,33.95998,1.2312,27582800,FALSE
"GHA","Ghana","Africa","Lower middle income",2016,34.63067,1.22775,28206700,FALSE
"GHA","Ghana","Africa","Lower middle income",2017,38.43209,1.33289,28833600,FALSE
"GHA","Ghana","Africa","Lower middle income",2018,40.45749,1.37313,29463643,FALSE
"GHA","Ghana","Africa","Lower middle income",2019,42.69473,1.41857,30096970,FALSE
"GHA","Ghana","Africa","Lower middle income",2020,45.70002,1.48697,30733755,FALSE
"GHA","Ghana","Africa","Lower middle income",2021,46.5297,1.48307,31374000,FALSE
"GHA","Ghana","Africa","Lower middle income",2022,46.91792,1.46536,32018000,FALSE
"GHA","Ghana","Africa","Lower middle income",2023,46.82251,1.43342,32665000,FALSE
"GHA","Ghana","Africa","Lower middle income",2024,48.09395,1.44357,33316000,FALSE
"GIB","Gibraltar","Europe","High income",1970,0.08147,2.85249,28560,FALSE
"GIB","Gibraltar","Europe","High income",1971,0.08255,2.85935,28869,FALSE
"GIB","Gibraltar","Europe","High income",1972,0.07251,2.49132,29104,FALSE
"GIB","Gibraltar","Europe","High income",1973,0.07305,2.49498,29278,FALSE
"GIB","Gibraltar","Europe","High income",1974,0.07306,2.48284,29427,FALSE
"GIB","Gibraltar","Europe","High income",1975,0.07622,2.57705,29578,FALSE
"GIB","Gibraltar","Europe","High income",1976,0.07561,2.54222,29742,FALSE
"GIB","Gibraltar","Europe","High income",1977,0.07253,2.42548,29902,FALSE
"GIB","Gibraltar","Europe","High income",1978,0.06936,2.30837,30049,FALSE
"GIB","Gibraltar","Europe","High income",1979,0.09232,3.05917,30177,FALSE
"GIB","Gibraltar","Europe","High income",1980,0.10769,3.55745,30272,FALSE
"GIB","Gibraltar","Europe","High income",1981,0.10123,3.33729,30334,FALSE
"GIB","Gibraltar","Europe","High income",1982,0.11135,3.66526,30381,FALSE
"GIB","Gibraltar","Europe","High income",1983,0.10171,3.34747,30383,FALSE
"GIB","Gibraltar","Europe","High income",1984,0.09837,3.24393,30325,FALSE
"GIB","Gibraltar","Europe","High income",1985,0.10465,3.46445,30207,FALSE
"GIB","Gibraltar","Europe","High income",1986,0.13074,4.35739,30004,FALSE
"GIB","Gibraltar","Europe","High income",1987,0.14255,4.7924,29744,FALSE
"GIB","Gibraltar","Europe","High income",1988,0.15821,5.36885,29469,FALSE
"GIB","Gibraltar","Europe","High income",1989,0.15153,5.17837,29262,FALSE
"GIB","Gibraltar","Europe","High income",1990,0.15786,5.41296,29164,FALSE
"GIB","Gibraltar","Europe","High income",1991,0.21772,7.45296,29212,FALSE
"GIB","Gibraltar","Europe","High income",1992,0.25646,8.7295,29379,FALSE
"GIB","Gibraltar","Europe","High income",1993,0.25963,8.76436,29623,FALSE
"GIB","Gibraltar","Europe","High income",1994,0.3044,10.18222,29895,FALSE
"GIB","Gibraltar","Europe","High income",1995,0.29803,9.88605,30147,FALSE
"GIB","Gibraltar","Europe","High income",1996,0.30433,10.01683,30382,FALSE
"GIB","Gibraltar","Europe","High income",1997,0.31391,10.26067,30594,FALSE
"GIB","Gibraltar","Europe","High income",1998,0.32978,10.70679,30801,FALSE
"GIB","Gibraltar","Europe","High income",1999,0.34243,11.04948,30991,FALSE
"GIB","Gibraltar","Europe","High income",2000,0.35822,11.48891,31180,FALSE
"GIB","Gibraltar","Europe","High income",2001,0.36765,11.7183,31374,FALSE
"GIB","Gibraltar","Europe","High income",2002,0.374,11.85655,31544,FALSE
"GIB","Gibraltar","Europe","High income",2003,0.38037,11.99152,31720,FALSE
"GIB","Gibraltar","Europe","High income",2004,0.41217,12.92215,31896,FALSE
"GIB","Gibraltar","Europe","High income",2005,0.4248,13.23995,32085,FALSE
"GIB","Gibraltar","Europe","High income",2006,0.44384,13.74287,32296,FALSE
"GIB","Gibraltar","Europe","High income",2007,0.44074,13.55713,32510,FALSE
"GIB","Gibraltar","Europe","High income",2008,0.45011,13.75133,32732,FALSE
"GIB","Gibraltar","Europe","High income",2009,0.49124,14.90594,32956,FALSE
"GIB","Gibraltar","Europe","High income",2010,0.4945,14.89953,33189,FALSE
"GIB","Gibraltar","Europe","High income",2011,0.47876,14.3321,33405,FALSE
"GIB","Gibraltar","Europe","High income",2012,0.48842,14.52651,33623,FALSE
"GIB","Gibraltar","Europe","High income",2013,0.52014,15.37464,33831,FALSE
"GIB","Gibraltar","Europe","High income",2014,0.55825,16.40066,34038,FALSE
"GIB","Gibraltar","Europe","High income",2015,0.60894,17.79076,34228,FALSE
"GIB","Gibraltar","Europe","High income",2016,0.63469,18.44587,34408,FALSE
"GIB","Gibraltar","Europe","High income",2017,0.673,19.46713,34571,FALSE
"GIB","Gibraltar","Europe","High income",2018,0.71368,20.5475,34733,FALSE
"GIB","Gibraltar","Europe","High income",2019,0.74174,21.26612,34879,FALSE
"GIB","Gibraltar","Europe","High income",2020,0.6624,18.92578,35000,FALSE
"GIB","Gibraltar","Europe","High income",2021,0.66469,18.99104,35000,FALSE
"GIB","Gibraltar","Europe","High income",2022,0.65907,18.8306,35000,FALSE
"GIB","Gibraltar","Europe","High income",2023,0.6527,18.64861,35000,FALSE
"GIB","Gibraltar","Europe","High income",2024,0.6589,18.82584,35000,FALSE
"GIN","Guinea","Africa","Lower middle income",1970,4.32465,1.02485,4219770,FALSE
"GIN","Guinea","Africa","Lower middle income",1971,4.34267,1.01849,4263840,FALSE
"GIN","Guinea","Africa","Lower middle income",1972,4.40568,1.02503,4298090,FALSE
"GIN","Guinea","Africa","Lower middle income",1973,4.53052,1.04767,4324360,FALSE
"GIN","Guinea","Africa","Lower middle income",1974,4.64392,1.06866,4345550,FALSE
"GIN","Guinea","Africa","Lower middle income",1975,4.7838,1.09607,4364510,FALSE
"GIN","Guinea","Africa","Lower middle income",1976,4.84582,1.10595,4381600,FALSE
"GIN","Guinea","Africa","Lower middle income",1977,4.90571,1.11532,4398480,FALSE
"GIN","Guinea","Africa","Lower middle income",1978,4.95131,1.11992,4421130,FALSE
"GIN","Guinea","Africa","Lower middle income",1979,5.08002,1.13976,4457080,FALSE
"GIN","Guinea","Africa","Lower middle income",1980,5.10623,1.13173,4511900,FALSE
"GIN","Guinea","Africa","Lower middle income",1981,5.13429,1.11864,4589780,FALSE
"GIN","Guinea","Africa","Lower middle income",1982,5.41626,1.15471,4690600,FALSE
"GIN","Guinea","Africa","Lower middle income",1983,5.56697,1.15725,4810500,FALSE
"GIN","Guinea","Africa","Lower middle income",1984,5.55178,1.12313,4943140,FALSE
"GIN","Guinea","Africa","Lower middle income",1985,5.38164,1.05838,5084770,FALSE
"GIN","Guinea","Africa","Lower middle income",1986,5.11059,0.9772,5229800,FALSE
"GIN","Guinea","Africa","Lower middle income",1987,5.76794,1.07181,5381480,FALSE
"GIN","Guinea","Africa","Lower middle income",1988,5.98413,1.07727,5554880,FALSE
"GIN","Guinea","Africa","Lower middle income",1989,6.21952,1.07779,5770650,FALSE
"GIN","Guinea","Africa","Lower middle income",1990,6.89769,1.1418,6041090,FALSE
"GIN","Guinea","Africa","Lower middle income",1991,7.21116,1.13128,6374330,FALSE
"GIN","Guinea","Africa","Lower middle income",1992,6.76342,1.00068,6758840,FALSE
"GIN","Guinea","Africa","Lower middle income",1993,7.09075,0.98988,7163240,FALSE
"GIN","Guinea","Africa","Lower middle income",1994,7.54901,1.00063,7544290,FALSE
"GIN","Guinea","Africa","Lower middle income",1995,7.80872,0.99207,7871170,FALSE
"GIN","Guinea","Africa","Lower middle income",1996,8.85027,1.08825,8132550,FALSE
"GIN","Guinea","Africa","Lower middle income",1997,8.16034,0.97869,8337990,FALSE
"GIN","Guinea","Africa","Lower middle income",1998,8.54917,1.00539,8503300,FALSE
"GIN","Guinea","Africa","Lower middle income",1999,9.74785,1.12643,8653770,FALSE
"GIN","Guinea","Africa","Lower middle income",2000,10.50015,1.19204,8808550,FALSE
"GIN","Guinea","Africa","Lower middle income",2001,10.77213,1.20075,8971140,FALSE
"GIN","Guinea","Africa","Lower middle income",2002,11.1884,1.22447,9137340,FALSE
"GIN","Guinea","Africa","Lower middle income",2003,11.67628,1.25419,9309850,FALSE
"GIN","Guinea","Africa","Lower middle income",2004,12.09363,1.27432,9490230,FALSE
"GIN","Guinea","Africa","Lower middle income",2005,12.56141,1.2977,9679750,FALSE
"GIN","Guinea","Africa","Lower middle income",2006,13.0922,1.32493,9881430,FALSE
"GIN","Guinea","Africa","Lower middle income",2007,13.56278,1.34329,10096700,FALSE
"GIN","Guinea","Africa","Lower middle income",2008,14.15579,1.37127,10323100,FALSE
"GIN","Guinea","Africa","Lower middle income",2009,14.72994,1.39534,10556500,FALSE
"GIN","Guinea","Africa","Lower middle income",2010,16.59793,1.53767,10794200,FALSE
"GIN","Guinea","Africa","Lower middle income",2011,16.85254,1.52716,11035200,FALSE
"GIN","Guinea","Africa","Lower middle income",2012,17.43316,1.54529,11281500,FALSE
"GIN","Guinea","Africa","Lower middle income",2013,17.89957,1.55155,11536600,FALSE
"GIN","Guinea","Africa","Lower middle income",2014,18.49472,1.56662,11805500,FALSE
"GIN","Guinea","Africa","Lower middle income",2015,19.74325,1.63282,12091500,FALSE
"GIN","Guinea","Africa","Lower middle income",2016,20.95971,1.69086,12395900,FALSE
"GIN","Guinea","Africa","Lower middle income",2017,21.69029,1.70559,12717200,FALSE
"GIN","Guinea","Africa","Lower middle income",2018,23.01029,1.76289,13052608,FALSE
"GIN","Guinea","Africa","Lower middle income",2019,24.91068,1.85926,13398180,FALSE
"GIN","Guinea","Africa","Lower middle income",2020,26.29124,1.91198,13750826,FALSE
"GIN","Guinea","Africa","Lower middle income",2021,27.1131,1.92155,14110000,FALSE
"GIN","Guinea","Africa","Lower middle income",2022,28.63673,1.97836,14475000,FALSE
"GIN","Guinea","Africa","Lower middle income",2023,28.61513,1.9272,14848000,FALSE
"GIN","Guinea","Africa","Lower middle income",2024,29.37591,1.92933,15226000,FALSE
"GLP","Guadeloupe","America",NA,1970,0.41277,1.2926,319334,FALSE
"GLP","Guadeloupe","America",NA,1971,0.41985,1.30487,321753,FALSE
"GLP","Guadeloupe","America",NA,1972,0.44634,1.37879,323722,FALSE
"GLP","Guadeloupe","America",NA,1973,0.45798,1.40819,325224,FALSE
"GLP","Guadeloupe","America",NA,1974,0.43974,1.34772,326285,FALSE
"GLP","Guadeloupe","America",NA,1975,0.4735,1.44817,326966,FALSE
"GLP","Guadeloupe","America",NA,1976,0.47368,1.44769,327200,FALSE
"GLP","Guadeloupe","America",NA,1977,0.49403,1.51021,327128,FALSE
"GLP","Guadeloupe","America",NA,1978,0.50452,1.54181,327224,FALSE
"GLP","Guadeloupe","America",NA,1979,0.50781,1.54774,328095,FALSE
"GLP","Guadeloupe","America",NA,1980,0.50559,1.53126,330177,FALSE
"GLP","Guadeloupe","America",NA,1981,0.57254,1.7161,333625,FALSE
"GLP","Guadeloupe","America",NA,1982,0.61433,1.81596,338296,FALSE
"GLP","Guadeloupe","America",NA,1983,0.64994,1.88996,343892,FALSE
"GLP","Guadeloupe","America",NA,1984,0.71042,2.02994,349971,FALSE
"GLP","Guadeloupe","America",NA,1985,0.69233,1.94381,356171,FALSE
"GLP","Guadeloupe","America",NA,1986,0.69111,1.90672,362461,FALSE
"GLP","Guadeloupe","America",NA,1987,0.75749,2.0536,368860,FALSE
"GLP","Guadeloupe","America",NA,1988,0.8383,2.235,375080,FALSE
"GLP","Guadeloupe","America",NA,1989,0.88686,2.32879,380825,FALSE
"GLP","Guadeloupe","America",NA,1990,0.93281,2.41738,385878,FALSE
"GLP","Guadeloupe","America",NA,1991,0.98364,2.5217,390069,FALSE
"GLP","Guadeloupe","America",NA,1992,0.93205,2.36883,393465,FALSE
"GLP","Guadeloupe","America",NA,1993,0.97645,2.46312,396429,FALSE
"GLP","Guadeloupe","America",NA,1994,1.01845,2.5495,399470,FALSE
"GLP","Guadeloupe","America",NA,1995,0.99848,2.478,402937,FALSE
"GLP","Guadeloupe","America",NA,1996,1.03063,2.53239,406977,FALSE
"GLP","Guadeloupe","America",NA,1997,1.07287,2.60758,411444,FALSE
"GLP","Guadeloupe","America",NA,1998,1.08276,2.60223,416089,FALSE
"GLP","Guadeloupe","America",NA,1999,1.05686,2.51286,420582,FALSE
"GLP","Guadeloupe","America",NA,2000,0.87381,2.05774,424646,FALSE
"GLP","Guadeloupe","America",NA,2001,0.9023,2.10709,428220,FALSE
"GLP","Guadeloupe","America",NA,2002,0.98833,2.2912,431359,FALSE
"GLP","Guadeloupe","America",NA,2003,0.98766,2.27472,434191,FALSE
"GLP","Guadeloupe","America",NA,2004,0.95451,2.18481,436885,FALSE
"GLP","Guadeloupe","America",NA,2005,0.96308,2.19106,439552,FALSE
"GLP","Guadeloupe","America",NA,2006,1.04739,2.36828,442257,FALSE
"GLP","Guadeloupe","America",NA,2007,1.09436,2.45974,444910,FALSE
"GLP","Guadeloupe","America",NA,2008,1.10989,2.48106,447345,FALSE
"GLP","Guadeloupe","America",NA,2009,1.17033,2.60459,449333,FALSE
"GLP","Guadeloupe","America",NA,2010,1.29699,2.87761,450718,FALSE
"GLP","Guadeloupe","America",NA,2011,1.39458,3.08914,451447,FALSE
"GLP","Guadeloupe","America",NA,2012,1.39386,3.08647,451602,FALSE
"GLP","Guadeloupe","America",NA,2013,1.39629,3.09367,451338,FALSE
"GLP","Guadeloupe","America",NA,2014,1.40012,3.10527,450884,FALSE
"GLP","Guadeloupe","America",NA,2015,1.40831,3.12668,450418,FALSE
"GLP","Guadeloupe","America",NA,2016,1.40982,3.1331,449975,FALSE
"GLP","Guadeloupe","America",NA,2017,1.40916,3.13449,449568,FALSE
"GLP","Guadeloupe","America",NA,2018,1.41193,3.14341,449173,FALSE
"GLP","Guadeloupe","America",NA,2019,1.41061,3.14309,448798,FALSE
"GLP","Guadeloupe","America",NA,2020,1.4092,3.14253,448427,FALSE
"GLP","Guadeloupe","America",NA,2021,1.40891,3.14488,448000,FALSE
"GLP","Guadeloupe","America",NA,2022,1.40861,3.14423,448000,FALSE
"GLP","Guadeloupe","America",NA,2023,1.41104,3.14964,448000,FALSE
"GLP","Guadeloupe","America",NA,2024,1.44891,3.24141,447000,FALSE
"GMB","The Gambia","Africa","Low income",1970,0.60523,1.35313,447285,FALSE
"GMB","The Gambia","Africa","Low income",1971,0.62486,1.35782,460194,FALSE
"GMB","The Gambia","Africa","Low income",1972,0.62637,1.31995,474539,FALSE
"GMB","The Gambia","Africa","Low income",1973,0.6313,1.28872,489861,FALSE
"GMB","The Gambia","Africa","Low income",1974,0.65025,1.28632,505512,FALSE
"GMB","The Gambia","Africa","Low income",1975,0.66956,1.28497,521070,FALSE
"GMB","The Gambia","Africa","Low income",1976,0.66411,1.23806,536409,FALSE
"GMB","The Gambia","Africa","Low income",1977,0.67405,1.22151,551817,FALSE
"GMB","The Gambia","Africa","Low income",1978,0.70785,1.24659,567831,FALSE
"GMB","The Gambia","Africa","Low income",1979,0.72437,1.23791,585157,FALSE
"GMB","The Gambia","Africa","Low income",1980,0.74916,1.23957,604369,FALSE
"GMB","The Gambia","Africa","Low income",1981,0.75833,1.21253,625411,FALSE
"GMB","The Gambia","Africa","Low income",1982,0.75573,1.16587,648210,FALSE
"GMB","The Gambia","Africa","Low income",1983,0.749,1.11254,673238,FALSE
"GMB","The Gambia","Africa","Low income",1984,0.74194,1.05825,701104,FALSE
"GMB","The Gambia","Africa","Low income",1985,0.76691,1.04756,732096,FALSE
"GMB","The Gambia","Africa","Low income",1986,0.78061,1.01829,766589,FALSE
"GMB","The Gambia","Africa","Low income",1987,0.87578,1.08911,804125,FALSE
"GMB","The Gambia","Africa","Low income",1988,0.88997,1.05565,843050,FALSE
"GMB","The Gambia","Africa","Low income",1989,0.88311,1.00223,881138,FALSE
"GMB","The Gambia","Africa","Low income",1990,0.92667,1.01075,916808,FALSE
"GMB","The Gambia","Africa","Low income",1991,0.99434,1.04724,949493,FALSE
"GMB","The Gambia","Africa","Low income",1992,0.97667,0.99689,979718,FALSE
"GMB","The Gambia","Africa","Low income",1993,0.98788,0.97969,1008360,FALSE
"GMB","The Gambia","Africa","Low income",1994,1.03024,0.99364,1036830,FALSE
"GMB","The Gambia","Africa","Low income",1995,1.04178,0.97708,1066220,FALSE
"GMB","The Gambia","Africa","Low income",1996,1.05724,0.96401,1096710,FALSE
"GMB","The Gambia","Africa","Low income",1997,1.05883,0.93854,1128170,FALSE
"GMB","The Gambia","Africa","Low income",1998,1.08802,0.93719,1160940,FALSE
"GMB","The Gambia","Africa","Low income",1999,1.13087,0.94601,1195420,FALSE
"GMB","The Gambia","Africa","Low income",2000,1.24722,1.01248,1231840,FALSE
"GMB","The Gambia","Africa","Low income",2001,1.24112,0.97688,1270490,FALSE
"GMB","The Gambia","Africa","Low income",2002,1.2665,0.9658,1311350,FALSE
"GMB","The Gambia","Africa","Low income",2003,1.39221,1.02807,1354190,FALSE
"GMB","The Gambia","Africa","Low income",2004,1.44687,1.03453,1398570,FALSE
"GMB","The Gambia","Africa","Low income",2005,1.48183,1.02606,1444200,FALSE
"GMB","The Gambia","Africa","Low income",2006,1.54338,1.03512,1491020,FALSE
"GMB","The Gambia","Africa","Low income",2007,1.57744,1.0249,1539120,FALSE
"GMB","The Gambia","Africa","Low income",2008,1.65451,1.04151,1588570,FALSE
"GMB","The Gambia","Africa","Low income",2009,1.83254,1.1177,1639560,FALSE
"GMB","The Gambia","Africa","Low income",2010,1.87937,1.11064,1692150,FALSE
"GMB","The Gambia","Africa","Low income",2011,1.73682,0.99454,1746360,FALSE
"GMB","The Gambia","Africa","Low income",2012,1.7335,0.96192,1802120,FALSE
"GMB","The Gambia","Africa","Low income",2013,1.81607,0.97674,1859320,FALSE
"GMB","The Gambia","Africa","Low income",2014,1.9297,1.00618,1917850,FALSE
"GMB","The Gambia","Africa","Low income",2015,2.02249,1.02271,1977590,FALSE
"GMB","The Gambia","Africa","Low income",2016,1.97308,0.96791,2038500,FALSE
"GMB","The Gambia","Africa","Low income",2017,1.9154,0.91185,2100570,FALSE
"GMB","The Gambia","Africa","Low income",2018,1.7617,0.81418,2163765,FALSE
"GMB","The Gambia","Africa","Low income",2019,1.80553,0.81035,2228075,FALSE
"GMB","The Gambia","Africa","Low income",2020,1.747,0.76172,2293493,FALSE
"GMB","The Gambia","Africa","Low income",2021,1.74089,0.73767,2360000,FALSE
"GMB","The Gambia","Africa","Low income",2022,1.81627,0.74836,2427000,FALSE
"GMB","The Gambia","Africa","Low income",2023,1.8424,0.73814,2496000,FALSE
"GMB","The Gambia","Africa","Low income",2024,1.85951,0.72467,2566000,FALSE
"GNB","Guinea-Bissau","Africa","Low income",1970,0.6731,0.94559,711827,FALSE
"GNB","Guinea-Bissau","Africa","Low income",1971,0.67043,0.92314,726256,FALSE
"GNB","Guinea-Bissau","Africa","Low income",1972,0.70389,0.94929,741490,FALSE
"GNB","Guinea-Bissau","Africa","Low income",1973,0.70909,0.9376,756280,FALSE
"GNB","Guinea-Bissau","Africa","Low income",1974,0.76223,0.99126,768945,FALSE
"GNB","Guinea-Bissau","Africa","Low income",1975,0.86647,1.11304,778470,FALSE
"GNB","Guinea-Bissau","Africa","Low income",1976,0.93057,1.18672,784156,FALSE
"GNB","Guinea-Bissau","Africa","Low income",1977,0.94168,1.19692,786754,FALSE
"GNB","Guinea-Bissau","Africa","Low income",1978,0.922,1.16932,788495,FALSE
"GNB","Guinea-Bissau","Africa","Low income",1979,0.95956,1.21087,792462,FALSE
"GNB","Guinea-Bissau","Africa","Low income",1980,0.99442,1.2417,800854,FALSE
"GNB","Guinea-Bissau","Africa","Low income",1981,1.08324,1.32993,814507,FALSE
"GNB","Guinea-Bissau","Africa","Low income",1982,1.26265,1.51639,832668,FALSE
"GNB","Guinea-Bissau","Africa","Low income",1983,1.2415,1.45355,854113,FALSE
"GNB","Guinea-Bissau","Africa","Low income",1984,1.26739,1.44535,876873,FALSE
"GNB","Guinea-Bissau","Africa","Low income",1985,1.25414,1.39425,899509,FALSE
"GNB","Guinea-Bissau","Africa","Low income",1986,1.27938,1.38817,921626,FALSE
"GNB","Guinea-Bissau","Africa","Low income",1987,1.40278,1.4866,943617,FALSE
"GNB","Guinea-Bissau","Africa","Low income",1988,1.42547,1.47603,965742,FALSE
"GNB","Guinea-Bissau","Africa","Low income",1989,1.50525,1.52273,988520,FALSE
"GNB","Guinea-Bissau","Africa","Low income",1990,1.65136,1.63133,1012280,FALSE
"GNB","Guinea-Bissau","Africa","Low income",1991,1.72588,1.66406,1037150,FALSE
"GNB","Guinea-Bissau","Africa","Low income",1992,1.719,1.61743,1062800,FALSE
"GNB","Guinea-Bissau","Africa","Low income",1993,1.75223,1.60967,1088570,FALSE
"GNB","Guinea-Bissau","Africa","Low income",1994,1.78608,1.60397,1113540,FALSE
"GNB","Guinea-Bissau","Africa","Low income",1995,1.84289,1.62067,1137120,FALSE
"GNB","Guinea-Bissau","Africa","Low income",1996,1.86467,1.60878,1159060,FALSE
"GNB","Guinea-Bissau","Africa","Low income",1997,1.8604,1.57697,1179730,FALSE
"GNB","Guinea-Bissau","Africa","Low income",1998,1.87128,1.55952,1199910,FALSE
"GNB","Guinea-Bissau","Africa","Low income",1999,1.9554,1.60175,1220790,FALSE
"GNB","Guinea-Bissau","Africa","Low income",2000,2.00111,1.60961,1243230,FALSE
"GNB","Guinea-Bissau","Africa","Low income",2001,1.96772,1.55243,1267510,FALSE
"GNB","Guinea-Bissau","Africa","Low income",2002,2.00916,1.55325,1293520,FALSE
"GNB","Guinea-Bissau","Africa","Low income",2003,2.07333,1.56928,1321200,FALSE
"GNB","Guinea-Bissau","Africa","Low income",2004,2.09425,1.5509,1350350,FALSE
"GNB","Guinea-Bissau","Africa","Low income",2005,2.15223,1.55864,1380840,FALSE
"GNB","Guinea-Bissau","Africa","Low income",2006,2.2499,1.59266,1412670,FALSE
"GNB","Guinea-Bissau","Africa","Low income",2007,2.35901,1.63145,1445960,FALSE
"GNB","Guinea-Bissau","Africa","Low income",2008,2.438,1.64636,1480840,FALSE
"GNB","Guinea-Bissau","Africa","Low income",2009,2.57476,1.69676,1517450,FALSE
"GNB","Guinea-Bissau","Africa","Low income",2010,2.7031,1.73734,1555880,FALSE
"GNB","Guinea-Bissau","Africa","Low income",2011,2.70107,1.69224,1596150,FALSE
"GNB","Guinea-Bissau","Africa","Low income",2012,2.8104,1.7156,1638140,FALSE
"GNB","Guinea-Bissau","Africa","Low income",2013,2.89168,1.71971,1681490,FALSE
"GNB","Guinea-Bissau","Africa","Low income",2014,2.75534,1.59661,1725740,FALSE
"GNB","Guinea-Bissau","Africa","Low income",2015,2.89654,1.63597,1770530,FALSE
"GNB","Guinea-Bissau","Africa","Low income",2016,2.96187,1.63125,1815700,FALSE
"GNB","Guinea-Bissau","Africa","Low income",2017,2.86984,1.54186,1861280,FALSE
"GNB","Guinea-Bissau","Africa","Low income",2018,2.97339,1.55898,1907268,FALSE
"GNB","Guinea-Bissau","Africa","Low income",2019,3.03812,1.55504,1953723,FALSE
"GNB","Guinea-Bissau","Africa","Low income",2020,3.04568,1.52231,2000694,FALSE
"GNB","Guinea-Bissau","Africa","Low income",2021,3.08799,1.50781,2048000,FALSE
"GNB","Guinea-Bissau","Africa","Low income",2022,3.14536,1.50065,2096000,FALSE
"GNB","Guinea-Bissau","Africa","Low income",2023,3.14883,1.46867,2144000,FALSE
"GNB","Guinea-Bissau","Africa","Low income",2024,3.18863,1.45401,2193000,FALSE
"GNQ","Equatorial Guinea","Africa","Upper middle income",1970,0.12512,0.40821,306515,FALSE
"GNQ","Equatorial Guinea","Africa","Upper middle income",1971,0.12546,0.41588,301666,FALSE
"GNQ","Equatorial Guinea","Africa","Upper middle income",1972,0.13148,0.44938,292585,FALSE
"GNQ","Equatorial Guinea","Africa","Upper middle income",1973,0.10866,0.38665,281021,FALSE
"GNQ","Equatorial Guinea","Africa","Upper middle income",1974,0.11552,0.42875,269426,FALSE
"GNQ","Equatorial Guinea","Africa","Upper middle income",1975,0.119,0.45813,259747,FALSE
"GNQ","Equatorial Guinea","Africa","Upper middle income",1976,0.12239,0.48532,252194,FALSE
"GNQ","Equatorial Guinea","Africa","Upper middle income",1977,0.123,0.49864,246677,FALSE
"GNQ","Equatorial Guinea","Africa","Upper middle income",1978,0.15905,0.65054,244485,FALSE
"GNQ","Equatorial Guinea","Africa","Upper middle income",1979,0.15703,0.63555,247078,FALSE
"GNQ","Equatorial Guinea","Africa","Upper middle income",1980,0.16244,0.63619,255325,FALSE
"GNQ","Equatorial Guinea","Africa","Upper middle income",1981,0.17324,0.64149,270063,FALSE
"GNQ","Equatorial Guinea","Africa","Upper middle income",1982,0.17099,0.58836,290617,FALSE
"GNQ","Equatorial Guinea","Africa","Upper middle income",1983,0.14492,0.46082,314475,FALSE
"GNQ","Equatorial Guinea","Africa","Upper middle income",1984,0.15684,0.4639,338086,FALSE
"GNQ","Equatorial Guinea","Africa","Upper middle income",1985,0.14817,0.41286,358896,FALSE
"GNQ","Equatorial Guinea","Africa","Upper middle income",1986,0.15646,0.41608,376024,FALSE
"GNQ","Equatorial Guinea","Africa","Upper middle income",1987,0.17741,0.45469,390173,FALSE
"GNQ","Equatorial Guinea","Africa","Upper middle income",1988,0.17532,0.43577,402326,FALSE
"GNQ","Equatorial Guinea","Africa","Upper middle income",1989,0.19197,0.46353,414138,FALSE
"GNQ","Equatorial Guinea","Africa","Upper middle income",1990,0.1852,0.43387,426846,FALSE
"GNQ","Equatorial Guinea","Africa","Upper middle income",1991,0.19256,0.43702,440624,FALSE
"GNQ","Equatorial Guinea","Africa","Upper middle income",1992,0.195,0.42843,455148,FALSE
"GNQ","Equatorial Guinea","Africa","Upper middle income",1993,0.21298,0.45257,470610,FALSE
"GNQ","Equatorial Guinea","Africa","Upper middle income",1994,2.82087,5.79067,487140,FALSE
"GNQ","Equatorial Guinea","Africa","Upper middle income",1995,3.2123,6.36262,504871,FALSE
"GNQ","Equatorial Guinea","Africa","Upper middle income",1996,5.33221,10.17599,523999,FALSE
"GNQ","Equatorial Guinea","Africa","Upper middle income",1997,7.63807,14.02417,544636,FALSE
"GNQ","Equatorial Guinea","Africa","Upper middle income",1998,9.48087,16.73075,566673,FALSE
"GNQ","Equatorial Guinea","Africa","Upper middle income",1999,10.37661,17.58933,589938,FALSE
"GNQ","Equatorial Guinea","Africa","Upper middle income",2000,12.06656,19.64205,614323,FALSE
"GNQ","Equatorial Guinea","Africa","Upper middle income",2001,13.34032,20.85201,639762,FALSE
"GNQ","Equatorial Guinea","Africa","Upper middle income",2002,10.48442,15.73275,666407,FALSE
"GNQ","Equatorial Guinea","Africa","Upper middle income",2003,11.7233,16.8775,694611,FALSE
"GNQ","Equatorial Guinea","Africa","Upper middle income",2004,16.18459,22.3292,724817,FALSE
"GNQ","Equatorial Guinea","Africa","Upper middle income",2005,15.59502,20.59246,757317,FALSE
"GNQ","Equatorial Guinea","Africa","Upper middle income",2006,16.94132,21.38469,792217,FALSE
"GNQ","Equatorial Guinea","Africa","Upper middle income",2007,18.1334,21.8652,829327,FALSE
"GNQ","Equatorial Guinea","Africa","Upper middle income",2008,16.98969,19.56396,868418,FALSE
"GNQ","Equatorial Guinea","Africa","Upper middle income",2009,14.34622,15.78049,909111,FALSE
"GNQ","Equatorial Guinea","Africa","Upper middle income",2010,14.99099,15.76167,951104,FALSE
"GNQ","Equatorial Guinea","Africa","Upper middle income",2011,15.04662,15.13303,994290,FALSE
"GNQ","Equatorial Guinea","Africa","Upper middle income",2012,14.84384,14.2923,1038590,FALSE
"GNQ","Equatorial Guinea","Africa","Upper middle income",2013,13.98825,12.90727,1083750,FALSE
"GNQ","Equatorial Guinea","Africa","Upper middle income",2014,14.06465,12.45299,1129420,FALSE
"GNQ","Equatorial Guinea","Africa","Upper middle income",2015,14.28148,12.15042,1175390,FALSE
"GNQ","Equatorial Guinea","Africa","Upper middle income",2016,13.17348,10.78476,1221490,FALSE
"GNQ","Equatorial Guinea","Africa","Upper middle income",2017,11.77784,9.29079,1267690,FALSE
"GNQ","Equatorial Guinea","Africa","Upper middle income",2018,10.64948,8.10528,1313894,FALSE
"GNQ","Equatorial Guinea","Africa","Upper middle income",2019,10.02438,7.3703,1360104,FALSE
"GNQ","Equatorial Guinea","Africa","Upper middle income",2020,9.76952,6.94707,1406280,FALSE
"GNQ","Equatorial Guinea","Africa","Upper middle income",2021,9.29752,6.40325,1452000,FALSE
"GNQ","Equatorial Guinea","Africa","Upper middle income",2022,9.12548,6.09177,1498000,FALSE
"GNQ","Equatorial Guinea","Africa","Upper middle income",2023,7.97468,5.1616,1545000,FALSE
"GNQ","Equatorial Guinea","Africa","Upper middle income",2024,8.1387,5.11546,1591000,FALSE
"GRC","Greece","Europe","High income",1970,44.55752,5.14533,8659800,TRUE
"GRC","Greece","Europe","High income",1971,46.13115,5.29471,8712680,TRUE
"GRC","Greece","Europe","High income",1972,53.50134,6.10066,8769760,TRUE
"GRC","Greece","Europe","High income",1973,56.91591,6.44199,8835140,TRUE
"GRC","Greece","Europe","High income",1974,57.10904,6.40654,8914180,TRUE
"GRC","Greece","Europe","High income",1975,59.13765,6.56361,9009920,TRUE
"GRC","Greece","Europe","High income",1976,64.40632,7.05842,9124750,TRUE
"GRC","Greece","Europe","High income",1977,66.63963,7.2001,9255380,TRUE
"GRC","Greece","Europe","High income",1978,69.56063,7.40628,9392110,TRUE
"GRC","Greece","Europe","High income",1979,72.96482,7.66303,9521670,TRUE
"GRC","Greece","Europe","High income",1980,73.17459,7.59506,9634500,TRUE
"GRC","Greece","Europe","High income",1981,72.73593,7.47718,9727720,TRUE
"GRC","Greece","Europe","High income",1982,74.33717,7.5822,9804170,TRUE
"GRC","Greece","Europe","High income",1983,78.00093,7.9051,9867160,TRUE
"GRC","Greece","Europe","High income",1984,79.91187,8.05366,9922430,TRUE
"GRC","Greece","Europe","High income",1985,83.37766,8.35888,9974740,TRUE
"GRC","Greece","Europe","High income",1986,82.93123,8.27376,10023400,TRUE
"GRC","Greece","Europe","High income",1987,87.98115,8.73843,10068300,TRUE
"GRC","Greece","Europe","High income",1988,92.92044,9.18558,10115900,TRUE
"GRC","Greece","Europe","High income",1989,97.54579,9.58756,10174200,TRUE
"GRC","Greece","Europe","High income",1990,98.29358,9.59102,10248500,TRUE
"GRC","Greece","Europe","High income",1991,98.06224,9.48203,10341900,TRUE
"GRC","Greece","Europe","High income",1992,99.94441,9.56278,10451400,TRUE
"GRC","Greece","Europe","High income",1993,99.92878,9.45454,10569400,TRUE
"GRC","Greece","Europe","High income",1994,102.4165,9.58525,10684800,TRUE
"GRC","Greece","Europe","High income",1995,106.70374,9.88968,10789400,TRUE
"GRC","Greece","Europe","High income",1996,107.5829,9.88732,10880900,TRUE
"GRC","Greece","Europe","High income",1997,108.73331,9.91993,10961100,TRUE
"GRC","Greece","Europe","High income",1998,112.8308,10.22908,11030400,TRUE
"GRC","Greece","Europe","High income",1999,113.91439,10.27153,11090300,TRUE
"GRC","Greece","Europe","High income",2000,120.00409,10.77033,11142100,TRUE
"GRC","Greece","Europe","High income",2001,120.7954,10.80035,11184400,TRUE
"GRC","Greece","Europe","High income",2002,121.3174,10.81569,11216800,TRUE
"GRC","Greece","Europe","High income",2003,124.61914,11.08356,11243600,TRUE
"GRC","Greece","Europe","High income",2004,124.71294,11.06543,11270500,TRUE
"GRC","Greece","Europe","High income",2005,126.78304,11.21855,11301200,TRUE
"GRC","Greece","Europe","High income",2006,123.34174,10.87785,11338800,TRUE
"GRC","Greece","Europe","High income",2007,127.7455,11.22455,11380900,TRUE
"GRC","Greece","Europe","High income",2008,123.23124,10.7912,11419600,TRUE
"GRC","Greece","Europe","High income",2009,117.4857,10.26632,11443800,TRUE
"GRC","Greece","Europe","High income",2010,110.79494,9.6798,11446000,TRUE
"GRC","Greece","Europe","High income",2011,107.93401,9.449,11422800,TRUE
"GRC","Greece","Europe","High income",2012,103.42961,9.09008,11378300,TRUE
"GRC","Greece","Europe","High income",2013,95.84957,8.4663,11321300,TRUE
"GRC","Greece","Europe","High income",2014,93.02212,8.25784,11264700,TRUE
"GRC","Greece","Europe","High income",2015,91.44044,8.15137,11217800,TRUE
"GRC","Greece","Europe","High income",2016,89.95668,8.04355,11183700,TRUE
"GRC","Greece","Europe","High income",2017,90.42583,8.10282,11159800,TRUE
"GRC","Greece","Europe","High income",2018,87.92042,7.89079,11142161,TRUE
"GRC","Greece","Europe","High income",2019,82.08058,7.37829,11124603,TRUE
"GRC","Greece","Europe","High income",2020,72.28335,6.5105,11102572,TRUE
"GRC","Greece","Europe","High income",2021,73.50604,6.63711,11075000,TRUE
"GRC","Greece","Europe","High income",2022,74.62431,6.757,11044000,TRUE
"GRC","Greece","Europe","High income",2023,70.59799,6.41159,11011000,TRUE
"GRC","Greece","Europe","High income",2024,71.50008,6.51363,10977000,TRUE
"GRD","Grenada","America","Upper middle income",1970,0.05231,0.55398,94426,FALSE
"GRD","Grenada","America","Upper middle income",1971,0.05461,0.57983,94185,FALSE
"GRD","Grenada","America","Upper middle income",1972,0.05498,0.58534,93934,FALSE
"GRD","Grenada","America","Upper middle income",1973,0.05576,0.5955,93630,FALSE
"GRD","Grenada","America","Upper middle income",1974,0.05319,0.57105,93152,FALSE
"GRD","Grenada","America","Upper middle income",1975,0.05432,0.58761,92448,FALSE
"GRD","Grenada","America","Upper middle income",1976,0.05536,0.60545,91437,FALSE
"GRD","Grenada","America","Upper middle income",1977,0.0581,0.64428,90184,FALSE
"GRD","Grenada","America","Upper middle income",1978,0.0596,0.6691,89073,FALSE
"GRD","Grenada","America","Upper middle income",1979,0.05911,0.66745,88568,FALSE
"GRD","Grenada","America","Upper middle income",1980,0.05886,0.66126,89005,FALSE
"GRD","Grenada","America","Upper middle income",1981,0.06355,0.70163,90572,FALSE
"GRD","Grenada","America","Upper middle income",1982,0.06251,0.67154,93091,FALSE
"GRD","Grenada","America","Upper middle income",1983,0.06226,0.64867,95985,FALSE
"GRD","Grenada","America","Upper middle income",1984,0.06386,0.64874,98439,FALSE
"GRD","Grenada","America","Upper middle income",1985,0.06311,0.63165,99906,FALSE
"GRD","Grenada","America","Upper middle income",1986,0.06605,0.65955,100143,FALSE
"GRD","Grenada","America","Upper middle income",1987,0.07265,0.73099,99380,FALSE
"GRD","Grenada","America","Upper middle income",1988,0.07575,0.77251,98062,FALSE
"GRD","Grenada","America","Upper middle income",1989,0.07642,0.78894,96869,FALSE
"GRD","Grenada","America","Upper middle income",1990,0.09285,0.9643,96283,FALSE
"GRD","Grenada","America","Upper middle income",1991,0.09331,0.96741,96454,FALSE
"GRD","Grenada","America","Upper middle income",1992,0.09535,0.98098,97198,FALSE
"GRD","Grenada","America","Upper middle income",1993,0.10251,1.04275,98305,FALSE
"GRD","Grenada","America","Upper middle income",1994,0.11342,1.14103,99405,FALSE
"GRD","Grenada","America","Upper middle income",1995,0.10712,1.06851,100255,FALSE
"GRD","Grenada","America","Upper middle income",1996,0.11176,1.10878,100796,FALSE
"GRD","Grenada","America","Upper middle income",1997,0.13704,1.35523,101122,FALSE
"GRD","Grenada","America","Upper middle income",1998,0.126,1.24369,101309,FALSE
"GRD","Grenada","America","Upper middle income",1999,0.12784,1.26022,101442,FALSE
"GRD","Grenada","America","Upper middle income",2000,0.10374,1.02087,101619,FALSE
"GRD","Grenada","America","Upper middle income",2001,0.10508,1.03173,101849,FALSE
"GRD","Grenada","America","Upper middle income",2002,0.11061,1.08333,102100,FALSE
"GRD","Grenada","America","Upper middle income",2003,0.11786,1.15126,102375,FALSE
"GRD","Grenada","America","Upper middle income",2004,0.11462,1.11656,102656,FALSE
"GRD","Grenada","America","Upper middle income",2005,0.12039,1.16943,102949,FALSE
"GRD","Grenada","America","Upper middle income",2006,0.13074,1.26614,103259,FALSE
"GRD","Grenada","America","Upper middle income",2007,0.14078,1.35903,103586,FALSE
"GRD","Grenada","America","Upper middle income",2008,0.14983,1.44167,103930,FALSE
"GRD","Grenada","America","Upper middle income",2009,0.15732,1.50835,104296,FALSE
"GRD","Grenada","America","Upper middle income",2010,0.16963,1.62054,104677,FALSE
"GRD","Grenada","America","Upper middle income",2011,0.14232,1.3545,105075,FALSE
"GRD","Grenada","America","Upper middle income",2012,0.14564,1.38077,105481,FALSE
"GRD","Grenada","America","Upper middle income",2013,0.17397,1.64266,105909,FALSE
"GRD","Grenada","America","Upper middle income",2014,0.16206,1.52365,106360,FALSE
"GRD","Grenada","America","Upper middle income",2015,0.16981,1.5896,106823,FALSE
"GRD","Grenada","America","Upper middle income",2016,0.18072,1.68395,107317,FALSE
"GRD","Grenada","America","Upper middle income",2017,0.18172,1.68532,107825,FALSE
"GRD","Grenada","America","Upper middle income",2018,0.19831,1.83044,108339,FALSE
"GRD","Grenada","America","Upper middle income",2019,0.23701,2.17787,108825,FALSE
"GRD","Grenada","America","Upper middle income",2020,0.21068,1.92741,109308,FALSE
"GRD","Grenada","America","Upper middle income",2021,0.21838,2.00346,109000,FALSE
"GRD","Grenada","America","Upper middle income",2022,0.22894,2.06256,111000,FALSE
"GRD","Grenada","America","Upper middle income",2023,0.23355,2.10407,111000,FALSE
"GRD","Grenada","America","Upper middle income",2024,0.24099,2.17109,111000,FALSE
"GRL","Greenland","America","High income",1970,0.05646,1.22549,46074,FALSE
"GRL","Greenland","America","High income",1971,0.05748,1.21814,47186,FALSE
"GRL","Greenland","America","High income",1972,0.05859,1.21872,48077,FALSE
"GRL","Greenland","America","High income",1973,0.05523,1.1331,48738,FALSE
"GRL","Greenland","America","High income",1974,0.05602,1.13786,49234,FALSE
"GRL","Greenland","America","High income",1975,0.05629,1.13511,49586,FALSE
"GRL","Greenland","America","High income",1976,0.05628,1.13055,49780,FALSE
"GRL","Greenland","America","High income",1977,0.05482,1.09982,49844,FALSE
"GRL","Greenland","America","High income",1978,0.05571,1.11729,49860,FALSE
"GRL","Greenland","America","High income",1979,0.05598,1.12082,49946,FALSE
"GRL","Greenland","America","High income",1980,0.05656,1.12717,50179,FALSE
"GRL","Greenland","America","High income",1981,0.05786,1.14378,50584,FALSE
"GRL","Greenland","America","High income",1982,0.05851,1.14375,51157,FALSE
"GRL","Greenland","America","High income",1983,0.05872,1.13292,51829,FALSE
"GRL","Greenland","America","High income",1984,0.05881,1.11955,52534,FALSE
"GRL","Greenland","America","High income",1985,0.05935,1.11575,53190,FALSE
"GRL","Greenland","America","High income",1986,0.05966,1.10896,53797,FALSE
"GRL","Greenland","America","High income",1987,0.06009,1.1051,54373,FALSE
"GRL","Greenland","America","High income",1988,0.06043,1.10114,54878,FALSE
"GRL","Greenland","America","High income",1989,0.0608,1.09952,55295,FALSE
"GRL","Greenland","America","High income",1990,0.06114,1.09956,55604,FALSE
"GRL","Greenland","America","High income",1991,0.06109,1.09494,55789,FALSE
"GRL","Greenland","America","High income",1992,0.06114,1.09457,55861,FALSE
"GRL","Greenland","America","High income",1993,0.06097,1.09176,55848,FALSE
"GRL","Greenland","America","High income",1994,0.06081,1.08945,55815,FALSE
"GRL","Greenland","America","High income",1995,0.06068,1.08728,55811,FALSE
"GRL","Greenland","America","High income",1996,0.06057,1.0848,55837,FALSE
"GRL","Greenland","America","High income",1997,0.06034,1.07981,55881,FALSE
"GRL","Greenland","America","High income",1998,0.06026,1.0771,55948,FALSE
"GRL","Greenland","America","High income",1999,0.06006,1.07171,56046,FALSE
"GRL","Greenland","America","High income",2000,0.05931,1.05577,56175,FALSE
"GRL","Greenland","America","High income",2001,0.05949,1.05609,56327,FALSE
"GRL","Greenland","America","High income",2002,0.05934,1.05001,56518,FALSE
"GRL","Greenland","America","High income",2003,0.0597,1.05282,56708,FALSE
"GRL","Greenland","America","High income",2004,0.66853,11.75732,56861,FALSE
"GRL","Greenland","America","High income",2005,0.67556,11.86212,56951,FALSE
"GRL","Greenland","America","High income",2006,0.68956,12.10369,56971,FALSE
"GRL","Greenland","America","High income",2007,0.68012,11.94724,56927,FALSE
"GRL","Greenland","America","High income",2008,0.69732,12.26792,56841,FALSE
"GRL","Greenland","America","High income",2009,0.61481,10.8379,56728,FALSE
"GRL","Greenland","America","High income",2010,0.70791,12.49894,56638,FALSE
"GRL","Greenland","America","High income",2011,0.74844,13.23451,56552,FALSE
"GRL","Greenland","America","High income",2012,0.60368,10.69026,56470,FALSE
"GRL","Greenland","America","High income",2013,0.60251,10.68014,56414,FALSE
"GRL","Greenland","America","High income",2014,0.54542,9.67362,56382,FALSE
"GRL","Greenland","America","High income",2015,0.58453,10.36817,56377,FALSE
"GRL","Greenland","America","High income",2016,0.58088,10.29714,56412,FALSE
"GRL","Greenland","America","High income",2017,0.56809,10.0582,56480,FALSE
"GRL","Greenland","America","High income",2018,0.57304,10.13065,56565,FALSE
"GRL","Greenland","America","High income",2019,0.58875,10.38849,56673,FALSE
"GRL","Greenland","America","High income",2020,0.59199,10.42758,56772,FALSE
"GRL","Greenland","America","High income",2021,0.61317,10.75731,57000,FALSE
"GRL","Greenland","America","High income",2022,0.65549,11.49984,57000,FALSE
"GRL","Greenland","America","High income",2023,0.64998,11.40317,57000,FALSE
"GRL","Greenland","America","High income",2024,0.65925,11.56587,57000,FALSE
"GTM","Guatemala","America","Upper middle income",1970,8.34879,1.48508,5621790,FALSE
"GTM","Guatemala","America","Upper middle income",1971,8.78048,1.51899,5780480,FALSE
"GTM","Guatemala","America","Upper middle income",1972,9.3819,1.57903,5941570,FALSE
"GTM","Guatemala","America","Upper middle income",1973,9.55807,1.56573,6104530,FALSE
"GTM","Guatemala","America","Upper middle income",1974,9.47354,1.51124,6268710,FALSE
"GTM","Guatemala","America","Upper middle income",1975,9.90361,1.53933,6433730,FALSE
"GTM","Guatemala","America","Upper middle income",1976,9.55722,1.44824,6599210,FALSE
"GTM","Guatemala","America","Upper middle income",1977,10.45101,1.54475,6765520,FALSE
"GTM","Guatemala","America","Upper middle income",1978,11.05465,1.59429,6933910,FALSE
"GTM","Guatemala","America","Upper middle income",1979,11.77147,1.65652,7106150,FALSE
"GTM","Guatemala","America","Upper middle income",1980,12.25376,1.68241,7283460,FALSE
"GTM","Guatemala","America","Upper middle income",1981,11.86045,1.58849,7466490,FALSE
"GTM","Guatemala","America","Upper middle income",1982,11.53362,1.50671,7654820,FALSE
"GTM","Guatemala","America","Upper middle income",1983,11.40253,1.45302,7847470,FALSE
"GTM","Guatemala","America","Upper middle income",1984,11.70236,1.45499,8042900,FALSE
"GTM","Guatemala","America","Upper middle income",1985,12.02627,1.45949,8240060,FALSE
"GTM","Guatemala","America","Upper middle income",1986,11.70054,1.38655,8438600,FALSE
"GTM","Guatemala","America","Upper middle income",1987,12.11386,1.40221,8639110,FALSE
"GTM","Guatemala","America","Upper middle income",1988,12.27851,1.38857,8842580,FALSE
"GTM","Guatemala","America","Upper middle income",1989,12.70321,1.4036,9050470,FALSE
"GTM","Guatemala","America","Upper middle income",1990,13.07972,1.41192,9263810,FALSE
"GTM","Guatemala","America","Upper middle income",1991,13.673,1.4418,9483270,FALSE
"GTM","Guatemala","America","Upper middle income",1992,14.83365,1.5279,9708540,FALSE
"GTM","Guatemala","America","Upper middle income",1993,15.82733,1.5925,9938690,FALSE
"GTM","Guatemala","America","Upper middle income",1994,16.21363,1.5939,10172300,FALSE
"GTM","Guatemala","America","Upper middle income",1995,17.43028,1.67462,10408500,FALSE
"GTM","Guatemala","America","Upper middle income",1996,17.41793,1.63599,10646700,FALSE
"GTM","Guatemala","America","Upper middle income",1997,18.05451,1.65826,10887600,FALSE
"GTM","Guatemala","America","Upper middle income",1998,19.9679,1.7935,11133500,FALSE
"GTM","Guatemala","America","Upper middle income",1999,20.57428,1.80679,11387200,FALSE
"GTM","Guatemala","America","Upper middle income",2000,21.64523,1.85785,11650700,FALSE
"GTM","Guatemala","America","Upper middle income",2001,22.52496,1.8889,11924900,FALSE
"GTM","Guatemala","America","Upper middle income",2002,23.6303,1.93551,12208800,FALSE
"GTM","Guatemala","America","Upper middle income",2003,23.50415,1.88026,12500500,FALSE
"GTM","Guatemala","America","Upper middle income",2004,24.33172,1.90138,12796900,FALSE
"GTM","Guatemala","America","Upper middle income",2005,25.62906,1.95701,13096000,FALSE
"GTM","Guatemala","America","Upper middle income",2006,26.24429,1.95897,13397000,FALSE
"GTM","Guatemala","America","Upper middle income",2007,27.31813,1.99398,13700300,FALSE
"GTM","Guatemala","America","Upper middle income",2008,26.77253,1.91145,14006400,FALSE
"GTM","Guatemala","America","Upper middle income",2009,28.11061,1.96355,14316200,FALSE
"GTM","Guatemala","America","Upper middle income",2010,28.21077,1.92823,14630400,FALSE
"GTM","Guatemala","America","Upper middle income",2011,28.7971,1.92637,14948900,FALSE
"GTM","Guatemala","America","Upper middle income",2012,29.77135,1.94952,15271100,FALSE
"GTM","Guatemala","America","Upper middle income",2013,31.44874,2.01644,15596200,FALSE
"GTM","Guatemala","America","Upper middle income",2014,33.13707,2.081,15923600,FALSE
"GTM","Guatemala","America","Upper middle income",2015,36.23392,2.22945,16252400,FALSE
"GTM","Guatemala","America","Upper middle income",2016,37.8414,2.28201,16582500,FALSE
"GTM","Guatemala","America","Upper middle income",2017,37.3122,2.20606,16913500,FALSE
"GTM","Guatemala","America","Upper middle income",2018,39.58691,2.29551,17245346,FALSE
"GTM","Guatemala","America","Upper middle income",2019,40.9733,2.33096,17577842,FALSE
"GTM","Guatemala","America","Upper middle income",2020,39.54494,2.20788,17910812,FALSE
"GTM","Guatemala","America","Upper middle income",2021,42.51737,2.33049,18244000,FALSE
"GTM","Guatemala","America","Upper middle income",2022,41.48733,2.23326,18577000,FALSE
"GTM","Guatemala","America","Upper middle income",2023,42.99288,2.27355,18910000,FALSE
"GTM","Guatemala","America","Upper middle income",2024,43.47217,2.25935,19241000,FALSE
"GUF","French Guiana","America",NA,1970,0.11104,2.3167,47930,FALSE
"GUF","French Guiana","America",NA,1971,0.1118,2.25271,49629,FALSE
"GUF","French Guiana","America",NA,1972,0.13133,2.56157,51269,FALSE
"GUF","French Guiana","America",NA,1973,0.13236,2.50307,52880,FALSE
"GUF","French Guiana","America",NA,1974,0.11946,2.19113,54520,FALSE
"GUF","French Guiana","America",NA,1975,0.14108,2.50922,56223,FALSE
"GUF","French Guiana","America",NA,1976,0.13005,2.24237,57995,FALSE
"GUF","French Guiana","America",NA,1977,0.14408,2.40651,59872,FALSE
"GUF","French Guiana","America",NA,1978,0.14633,2.36273,61931,FALSE
"GUF","French Guiana","America",NA,1979,0.14791,2.30098,64281,FALSE
"GUF","French Guiana","America",NA,1980,0.14936,2.23005,66977,FALSE
"GUF","French Guiana","America",NA,1981,0.13894,1.98405,70029,FALSE
"GUF","French Guiana","America",NA,1982,0.16994,2.31464,73420,FALSE
"GUF","French Guiana","America",NA,1983,0.2159,2.79544,77233,FALSE
"GUF","French Guiana","America",NA,1984,0.19003,2.3299,81562,FALSE
"GUF","French Guiana","America",NA,1985,0.17845,2.06441,86439,FALSE
"GUF","French Guiana","America",NA,1986,0.22486,2.4458,91939,FALSE
"GUF","French Guiana","America",NA,1987,0.28264,2.88473,97978,FALSE
"GUF","French Guiana","America",NA,1988,0.27976,2.68413,104226,FALSE
"GUF","French Guiana","America",NA,1989,0.31688,2.87382,110263,FALSE
"GUF","French Guiana","America",NA,1990,0.35989,3.1083,115784,FALSE
"GUF","French Guiana","America",NA,1991,0.41151,3.4099,120681,FALSE
"GUF","French Guiana","America",NA,1992,0.34945,2.79376,125083,FALSE
"GUF","French Guiana","America",NA,1993,0.43144,3.34026,129163,FALSE
"GUF","French Guiana","America",NA,1994,0.40731,3.0581,133189,FALSE
"GUF","French Guiana","America",NA,1995,0.45448,3.30773,137400,FALSE
"GUF","French Guiana","America",NA,1996,0.48132,3.39513,141767,FALSE
"GUF","French Guiana","America",NA,1997,0.49834,3.40691,146273,FALSE
"GUF","French Guiana","America",NA,1998,0.54022,3.57359,151170,FALSE
"GUF","French Guiana","America",NA,1999,0.52843,3.37148,156735,FALSE
"GUF","French Guiana","America",NA,2000,0.31754,1.94612,163165,FALSE
"GUF","French Guiana","America",NA,2001,0.29254,1.71482,170596,FALSE
"GUF","French Guiana","America",NA,2002,0.28069,1.56896,178904,FALSE
"GUF","French Guiana","America",NA,2003,0.32241,1.71845,187619,FALSE
"GUF","French Guiana","America",NA,2004,0.32811,1.67338,196079,FALSE
"GUF","French Guiana","America",NA,2005,0.32963,1.61721,203826,FALSE
"GUF","French Guiana","America",NA,2006,0.32707,1.5525,210673,FALSE
"GUF","French Guiana","America",NA,2007,0.34903,1.61002,216785,FALSE
"GUF","French Guiana","America",NA,2008,0.3637,1.63495,222452,FALSE
"GUF","French Guiana","America",NA,2009,0.46126,2.02188,228134,FALSE
"GUF","French Guiana","America",NA,2010,0.46277,1.9761,234181,FALSE
"GUF","French Guiana","America",NA,2011,0.49223,2.0454,240654,FALSE
"GUF","French Guiana","America",NA,2012,0.50643,2.0465,247463,FALSE
"GUF","French Guiana","America",NA,2013,0.50662,1.99063,254503,FALSE
"GUF","French Guiana","America",NA,2014,0.51067,1.95194,261623,FALSE
"GUF","French Guiana","America",NA,2015,0.5151,1.91708,268691,FALSE
"GUF","French Guiana","America",NA,2016,0.52705,1.91157,275713,FALSE
"GUF","French Guiana","America",NA,2017,0.52612,1.86086,282731,FALSE
"GUF","French Guiana","America",NA,2018,0.53277,1.83863,289763,FALSE
"GUF","French Guiana","America",NA,2019,0.53843,1.81384,296847,FALSE
"GUF","French Guiana","America",NA,2020,0.54129,1.78066,303982,FALSE
"GUF","French Guiana","America",NA,2021,0.55032,1.76951,311000,FALSE
"GUF","French Guiana","America",NA,2022,0.55494,1.73961,319000,FALSE
"GUF","French Guiana","America",NA,2023,0.57701,1.76996,326000,FALSE
"GUF","French Guiana","America",NA,2024,0.58626,1.76054,333000,FALSE
"GUY","Guyana","America","High income",1970,3.01833,4.28172,704934,FALSE
"GUY","Guyana","America","High income",1971,3.01406,4.22324,713684,FALSE
"GUY","Guyana","America","High income",1972,2.96022,4.10032,721948,FALSE
"GUY","Guyana","America","High income",1973,3.2808,4.49477,729916,FALSE
"GUY","Guyana","America","High income",1974,3.29271,4.4626,737847,FALSE
"GUY","Guyana","America","High income",1975,3.67038,4.92113,745841,FALSE
"GUY","Guyana","America","High income",1976,3.44307,4.5658,754101,FALSE
"GUY","Guyana","America","High income",1977,3.71395,4.87124,762424,FALSE
"GUY","Guyana","America","High income",1978,3.49549,4.53887,770125,FALSE
"GUY","Guyana","America","High income",1979,3.12257,4.02262,776254,FALSE
"GUY","Guyana","America","High income",1980,3.33039,4.26889,780153,FALSE
"GUY","Guyana","America","High income",1981,3.32667,4.25551,781732,FALSE
"GUY","Guyana","America","High income",1982,3.12909,4.00525,781246,FALSE
"GUY","Guyana","America","High income",1983,2.85359,3.6634,778948,FALSE
"GUY","Guyana","America","High income",1984,3.04444,3.9272,775219,FALSE
"GUY","Guyana","America","High income",1985,2.90278,3.76772,770435,FALSE
"GUY","Guyana","America","High income",1986,2.85199,3.73073,764459,FALSE
"GUY","Guyana","America","High income",1987,2.82801,3.73332,757506,FALSE
"GUY","Guyana","America","High income",1988,2.86855,3.82101,750731,FALSE
"GUY","Guyana","America","High income",1989,2.65032,3.5543,745665,FALSE
"GUY","Guyana","America","High income",1990,2.47166,3.32522,743309,FALSE
"GUY","Guyana","America","High income",1991,2.60976,3.50638,744289,FALSE
"GUY","Guyana","America","High income",1992,2.66207,3.55828,748134,FALSE
"GUY","Guyana","America","High income",1993,2.82769,3.75283,753484,FALSE
"GUY","Guyana","America","High income",1994,3.13104,4.12879,758342,FALSE
"GUY","Guyana","America","High income",1995,3.48736,4.58085,761291,FALSE
"GUY","Guyana","America","High income",1996,3.56544,4.67991,761861,FALSE
"GUY","Guyana","America","High income",1997,3.76489,4.95049,760510,FALSE
"GUY","Guyana","America","High income",1998,3.70413,4.88703,757952,FALSE
"GUY","Guyana","America","High income",1999,3.77399,4.99682,755278,FALSE
"GUY","Guyana","America","High income",2000,3.51313,4.66364,753301,FALSE
"GUY","Guyana","America","High income",2001,3.47162,4.6149,752263,FALSE
"GUY","Guyana","America","High income",2002,3.32535,4.4227,751884,FALSE
"GUY","Guyana","America","High income",2003,3.53107,4.69646,751857,FALSE
"GUY","Guyana","America","High income",2004,3.47377,4.62152,751652,FALSE
"GUY","Guyana","America","High income",2005,3.19302,4.25199,750946,FALSE
"GUY","Guyana","America","High income",2006,3.01683,4.02458,749601,FALSE
"GUY","Guyana","America","High income",2007,3.32665,4.44817,747869,FALSE
"GUY","Guyana","America","High income",2008,3.40123,4.55737,746314,FALSE
"GUY","Guyana","America","High income",2009,3.48894,4.67879,745693,FALSE
"GUY","Guyana","America","High income",2010,3.69688,4.95191,746556,FALSE
"GUY","Guyana","America","High income",2011,3.82292,5.10335,749100,FALSE
"GUY","Guyana","America","High income",2012,4.0429,5.3684,753091,FALSE
"GUY","Guyana","America","High income",2013,4.188,5.52447,758081,FALSE
"GUY","Guyana","America","High income",2014,4.46155,5.84437,763393,FALSE
"GUY","Guyana","America","High income",2015,4.55956,5.93295,768514,FALSE
"GUY","Guyana","America","High income",2016,4.63306,5.99126,773303,FALSE
"GUY","Guyana","America","High income",2017,4.78758,6.15482,777859,FALSE
"GUY","Guyana","America","High income",2018,4.85844,6.21105,782225,FALSE
"GUY","Guyana","America","High income",2019,5.1926,6.60209,786508,FALSE
"GUY","Guyana","America","High income",2020,6.25559,7.91064,790782,FALSE
"GUY","Guyana","America","High income",2021,6.30935,7.93629,795000,FALSE
"GUY","Guyana","America","High income",2022,7.79083,9.75072,799000,FALSE
"GUY","Guyana","America","High income",2023,8.58603,10.69245,803000,FALSE
"GUY","Guyana","America","High income",2024,8.73086,10.83233,806000,FALSE
"HKG","Hong Kong","Asia","High income",1970,11.59602,2.99398,3873110,FALSE
"HKG","Hong Kong","Asia","High income",1971,11.83087,3.00441,3937830,FALSE
"HKG","Hong Kong","Asia","High income",1972,12.16889,3.04351,3998310,FALSE
"HKG","Hong Kong","Asia","High income",1973,12.27966,3.02303,4062040,FALSE
"HKG","Hong Kong","Asia","High income",1974,13.77173,3.32723,4139100,FALSE
"HKG","Hong Kong","Asia","High income",1975,13.71311,3.23728,4236000,FALSE
"HKG","Hong Kong","Asia","High income",1976,15.68221,3.59967,4356570,FALSE
"HKG","Hong Kong","Asia","High income",1977,17.90801,3.98233,4496870,FALSE
"HKG","Hong Kong","Asia","High income",1978,19.06904,4.10424,4646180,FALSE
"HKG","Hong Kong","Asia","High income",1979,18.19066,3.79817,4789320,FALSE
"HKG","Hong Kong","Asia","High income",1980,18.74945,3.81438,4915470,FALSE
"HKG","Hong Kong","Asia","High income",1981,20.00011,3.9837,5020490,FALSE
"HKG","Hong Kong","Asia","High income",1982,22.40614,4.38656,5107910,FALSE
"HKG","Hong Kong","Asia","High income",1983,25.9773,5.01114,5183910,FALSE
"HKG","Hong Kong","Asia","High income",1984,28.51679,5.42334,5258160,FALSE
"HKG","Hong Kong","Asia","High income",1985,29.67286,5.55919,5337620,FALSE
"HKG","Hong Kong","Asia","High income",1986,33.64724,6.20281,5424520,FALSE
"HKG","Hong Kong","Asia","High income",1987,33.70898,6.11073,5516360,FALSE
"HKG","Hong Kong","Asia","High income",1988,37.3559,6.65917,5609690,FALSE
"HKG","Hong Kong","Asia","High income",1989,38.40457,6.73857,5699220,FALSE
"HKG","Hong Kong","Asia","High income",1990,39.24541,6.78815,5781460,FALSE
"HKG","Hong Kong","Asia","High income",1991,42.87584,7.32408,5854090,FALSE
"HKG","Hong Kong","Asia","High income",1992,47.92488,8.09639,5919290,FALSE
"HKG","Hong Kong","Asia","High income",1993,48.94424,8.18007,5983350,FALSE
"HKG","Hong Kong","Asia","High income",1994,42.59623,7.03478,6055090,FALSE
"HKG","Hong Kong","Asia","High income",1995,43.05888,7.01273,6140100,FALSE
"HKG","Hong Kong","Asia","High income",1996,40.46929,6.48358,6241810,FALSE
"HKG","Hong Kong","Asia","High income",1997,38.81986,6.10714,6356470,FALSE
"HKG","Hong Kong","Asia","High income",1998,47.23598,7.29644,6473840,FALSE
"HKG","Hong Kong","Asia","High income",1999,50.41319,7.66209,6579560,FALSE
"HKG","Hong Kong","Asia","High income",2000,46.64371,6.99972,6663650,FALSE
"HKG","Hong Kong","Asia","High income",2001,46.50673,6.91827,6722310,FALSE
"HKG","Hong Kong","Asia","High income",2002,45.5224,6.73459,6759490,FALSE
"HKG","Hong Kong","Asia","High income",2003,49.12864,7.24337,6782570,FALSE
"HKG","Hong Kong","Asia","High income",2004,45.29798,6.65892,6802600,FALSE
"HKG","Hong Kong","Asia","High income",2005,47.62747,6.97556,6827760,FALSE
"HKG","Hong Kong","Asia","High income",2006,47.10608,6.8664,6860380,FALSE
"HKG","Hong Kong","Asia","High income",2007,49.18642,7.13012,6898400,FALSE
"HKG","Hong Kong","Asia","High income",2008,47.91823,6.90433,6940320,FALSE
"HKG","Hong Kong","Asia","High income",2009,50.02096,7.16297,6983270,FALSE
"HKG","Hong Kong","Asia","High income",2010,47.12742,6.70832,7025220,FALSE
"HKG","Hong Kong","Asia","High income",2011,50.1637,7.0995,7065810,FALSE
"HKG","Hong Kong","Asia","High income",2012,49.66255,6.98843,7106400,FALSE
"HKG","Hong Kong","Asia","High income",2013,51.22243,7.16541,7148570,FALSE
"HKG","Hong Kong","Asia","High income",2014,52.64974,7.31799,7194560,FALSE
"HKG","Hong Kong","Asia","High income",2015,49.36878,6.81353,7245700,FALSE
"HKG","Hong Kong","Asia","High income",2016,50.27642,6.8845,7302840,FALSE
"HKG","Hong Kong","Asia","High income",2017,49.41575,6.70965,7364880,FALSE
"HKG","Hong Kong","Asia","High income",2018,49.39599,6.64918,7428887,FALSE
"HKG","Hong Kong","Asia","High income",2019,48.94776,6.5344,7490776,FALSE
"HKG","Hong Kong","Asia","High income",2020,39.59885,5.24651,7547652,FALSE
"HKG","Hong Kong","Asia","High income",2021,40.02796,5.26822,7598000,FALSE
"HKG","Hong Kong","Asia","High income",2022,37.6408,4.92487,7643000,FALSE
"HKG","Hong Kong","Asia","High income",2023,39.73067,5.1699,7685000,FALSE
"HKG","Hong Kong","Asia","High income",2024,40.30705,5.21707,7726000,FALSE
"HND","Honduras","America","Lower middle income",1970,5.27848,1.943,2716660,FALSE
"HND","Honduras","America","Lower middle income",1971,5.3594,1.91536,2798120,FALSE
"HND","Honduras","America","Lower middle income",1972,5.48923,1.90459,2882110,FALSE
"HND","Honduras","America","Lower middle income",1973,5.65531,1.90479,2968990,FALSE
"HND","Honduras","America","Lower middle income",1974,5.89046,1.92546,3059250,FALSE
"HND","Honduras","America","Lower middle income",1975,6.09091,1.93162,3153260,FALSE
"HND","Honduras","America","Lower middle income",1976,6.23996,1.9193,3251160,FALSE
"HND","Honduras","America","Lower middle income",1977,6.47208,1.93033,3352840,FALSE
"HND","Honduras","America","Lower middle income",1978,6.58353,1.9038,3458100,FALSE
"HND","Honduras","America","Lower middle income",1979,6.76131,1.8957,3566660,FALSE
"HND","Honduras","America","Lower middle income",1980,6.97278,1.89566,3678290,FALSE
"HND","Honduras","America","Lower middle income",1981,6.98694,1.84209,3792940,FALSE
"HND","Honduras","America","Lower middle income",1982,7.04454,1.80137,3910660,FALSE
"HND","Honduras","America","Lower middle income",1983,8.09404,2.00777,4031350,FALSE
"HND","Honduras","America","Lower middle income",1984,8.47345,2.03939,4154890,FALSE
"HND","Honduras","America","Lower middle income",1985,8.2407,1.92486,4281190,FALSE
"HND","Honduras","America","Lower middle income",1986,8.23694,1.86772,4410160,FALSE
"HND","Honduras","America","Lower middle income",1987,8.41992,1.85387,4541800,FALSE
"HND","Honduras","America","Lower middle income",1988,8.51966,1.82186,4676360,FALSE
"HND","Honduras","America","Lower middle income",1989,8.69621,1.80639,4814140,FALSE
"HND","Honduras","America","Lower middle income",1990,8.60652,1.73682,4955330,FALSE
"HND","Honduras","America","Lower middle income",1991,8.70413,1.70671,5099950,FALSE
"HND","Honduras","America","Lower middle income",1992,9.05216,1.72493,5247840,FALSE
"HND","Honduras","America","Lower middle income",1993,8.82446,1.63452,5398810,FALSE
"HND","Honduras","America","Lower middle income",1994,9.67266,1.742,5552620,FALSE
"HND","Honduras","America","Lower middle income",1995,10.07898,1.76544,5709050,FALSE
"HND","Honduras","America","Lower middle income",1996,10.4146,1.77486,5867850,FALSE
"HND","Honduras","America","Lower middle income",1997,10.5518,1.75021,6028880,FALSE
"HND","Honduras","America","Lower middle income",1998,11.07,1.78778,6192030,FALSE
"HND","Honduras","America","Lower middle income",1999,10.52997,1.65638,6357220,FALSE
"HND","Honduras","America","Lower middle income",2000,10.97126,1.6816,6524280,FALSE
"HND","Honduras","America","Lower middle income",2001,12.0638,1.80243,6693060,FALSE
"HND","Honduras","America","Lower middle income",2002,13.28896,1.93627,6863160,FALSE
"HND","Honduras","America","Lower middle income",2003,14.84705,2.11081,7033820,FALSE
"HND","Honduras","America","Lower middle income",2004,15.93517,2.21194,7204150,FALSE
"HND","Honduras","America","Lower middle income",2005,15.08261,2.04553,7373430,FALSE
"HND","Honduras","America","Lower middle income",2006,16.23379,2.15262,7541410,FALSE
"HND","Honduras","America","Lower middle income",2007,17.49505,2.26973,7707970,FALSE
"HND","Honduras","America","Lower middle income",2008,17.80386,2.26148,7872660,FALSE
"HND","Honduras","America","Lower middle income",2009,17.80184,2.21553,8035020,FALSE
"HND","Honduras","America","Lower middle income",2010,17.86422,2.17995,8194780,FALSE
"HND","Honduras","America","Lower middle income",2011,19.11923,2.28929,8351600,FALSE
"HND","Honduras","America","Lower middle income",2012,19.78325,2.32589,8505650,FALSE
"HND","Honduras","America","Lower middle income",2013,20.16784,2.32945,8657780,FALSE
"HND","Honduras","America","Lower middle income",2014,20.13376,2.28553,8809220,FALSE
"HND","Honduras","America","Lower middle income",2015,21.19739,2.36556,8960830,FALSE
"HND","Honduras","America","Lower middle income",2016,20.26056,2.22329,9112870,FALSE
"HND","Honduras","America","Lower middle income",2017,19.76364,2.13313,9265070,FALSE
"HND","Honduras","America","Lower middle income",2018,19.63287,2.0848,9417167,FALSE
"HND","Honduras","America","Lower middle income",2019,21.0585,2.20077,9568688,FALSE
"HND","Honduras","America","Lower middle income",2020,20.40576,2.09952,9719265,FALSE
"HND","Honduras","America","Lower middle income",2021,21.73904,2.20276,9869000,FALSE
"HND","Honduras","America","Lower middle income",2022,22.20375,2.21661,10017000,FALSE
"HND","Honduras","America","Lower middle income",2023,23.78219,2.33985,10164000,FALSE
"HND","Honduras","America","Lower middle income",2024,24.38707,2.36515,10311000,FALSE
"HRV","Croatia","Europe","High income",1970,22.7391,5.14102,4423070,TRUE
"HRV","Croatia","Europe","High income",1971,23.46265,5.2858,4438810,TRUE
"HRV","Croatia","Europe","High income",1972,22.92382,5.14681,4453990,TRUE
"HRV","Croatia","Europe","High income",1973,24.75546,5.53932,4469040,TRUE
"HRV","Croatia","Europe","High income",1974,26.71159,5.9564,4484520,TRUE
"HRV","Croatia","Europe","High income",1975,28.0316,6.22806,4500860,TRUE
"HRV","Croatia","Europe","High income",1976,27.89761,6.17463,4518100,TRUE
"HRV","Croatia","Europe","High income",1977,28.22719,6.22265,4536200,TRUE
"HRV","Croatia","Europe","High income",1978,29.7642,6.5338,4555420,TRUE
"HRV","Croatia","Europe","High income",1979,30.98579,6.77132,4576030,TRUE
"HRV","Croatia","Europe","High income",1980,29.21825,6.35438,4598130,TRUE
"HRV","Croatia","Europe","High income",1981,31.25929,6.764,4621420,TRUE
"HRV","Croatia","Europe","High income",1982,32.72277,7.04411,4645410,TRUE
"HRV","Croatia","Europe","High income",1983,36.56923,7.83132,4669610,TRUE
"HRV","Croatia","Europe","High income",1984,37.39992,7.96857,4693430,TRUE
"HRV","Croatia","Europe","High income",1985,38.04811,8.06767,4716120,TRUE
"HRV","Croatia","Europe","High income",1986,40.55901,8.56046,4737950,TRUE
"HRV","Croatia","Europe","High income",1987,39.75147,8.3544,4758150,TRUE
"HRV","Croatia","Europe","High income",1988,42.55839,8.91522,4773680,TRUE
"HRV","Croatia","Europe","High income",1989,40.70958,8.51553,4780630,TRUE
"HRV","Croatia","Europe","High income",1990,32.83038,6.8735,4776370,TRUE
"HRV","Croatia","Europe","High income",1991,25.6845,5.3959,4760000,TRUE
"HRV","Croatia","Europe","High income",1992,23.44605,4.95389,4732860,TRUE
"HRV","Croatia","Europe","High income",1993,23.29098,4.95813,4697530,TRUE
"HRV","Croatia","Europe","High income",1994,22.40098,4.80935,4657800,TRUE
"HRV","Croatia","Europe","High income",1995,22.90419,4.9611,4616760,TRUE
"HRV","Croatia","Europe","High income",1996,23.72857,5.1867,4574890,TRUE
"HRV","Croatia","Europe","High income",1997,25.0132,5.51875,4532400,TRUE
"HRV","Croatia","Europe","High income",1998,24.90968,5.54547,4491900,TRUE
"HRV","Croatia","Europe","High income",1999,25.91615,5.81545,4456430,TRUE
"HRV","Croatia","Europe","High income",2000,25.41355,5.73919,4428070,TRUE
"HRV","Croatia","Europe","High income",2001,26.47324,6.00562,4408080,TRUE
"HRV","Croatia","Europe","High income",2002,27.20199,6.18815,4395820,TRUE
"HRV","Croatia","Europe","High income",2003,28.74111,6.54852,4388950,TRUE
"HRV","Croatia","Europe","High income",2004,29.22218,6.66577,4383920,TRUE
"HRV","Croatia","Europe","High income",2005,29.28497,6.68903,4378060,TRUE
"HRV","Croatia","Europe","High income",2006,29.71512,6.79871,4370700,TRUE
"HRV","Croatia","Europe","High income",2007,31.25969,7.16592,4362270,TRUE
"HRV","Croatia","Europe","High income",2008,30.12598,6.92165,4352430,TRUE
"HRV","Croatia","Europe","High income",2009,28.30126,6.5194,4341080,TRUE
"HRV","Croatia","Europe","High income",2010,27.83461,6.43106,4328150,TRUE
"HRV","Croatia","Europe","High income",2011,27.54373,6.38566,4313370,TRUE
"HRV","Croatia","Europe","High income",2012,25.99474,6.05017,4296530,TRUE
"HRV","Croatia","Europe","High income",2013,25.58672,5.98127,4277810,TRUE
"HRV","Croatia","Europe","High income",2014,24.94531,5.8591,4257530,TRUE
"HRV","Croatia","Europe","High income",2015,25.57771,6.03815,4236020,TRUE
"HRV","Croatia","Europe","High income",2016,26.11256,6.19769,4213270,TRUE
"HRV","Croatia","Europe","High income",2017,26.78804,6.39432,4189350,TRUE
"HRV","Croatia","Europe","High income",2018,25.71167,6.17359,4164783,TRUE
"HRV","Croatia","Europe","High income",2019,26.01089,6.2826,4140148,TRUE
"HRV","Croatia","Europe","High income",2020,25.43496,6.17961,4115947,TRUE
"HRV","Croatia","Europe","High income",2021,25.53799,6.23943,4093000,TRUE
"HRV","Croatia","Europe","High income",2022,25.39474,6.24103,4069000,TRUE
"HRV","Croatia","Europe","High income",2023,26.80241,6.62278,4047000,TRUE
"HRV","Croatia","Europe","High income",2024,26.84183,6.67043,4024000,TRUE
"HTI","Haiti","America","Lower middle income",1970,6.10172,1.29586,4708640,FALSE
"HTI","Haiti","America","Lower middle income",1971,6.23862,1.30157,4793150,FALSE
"HTI","Haiti","America","Lower middle income",1972,6.33042,1.29813,4876560,FALSE
"HTI","Haiti","America","Lower middle income",1973,6.32884,1.27581,4960660,FALSE
"HTI","Haiti","America","Lower middle income",1974,6.2967,1.24738,5047940,FALSE
"HTI","Haiti","America","Lower middle income",1975,6.2795,1.22161,5140360,FALSE
"HTI","Haiti","America","Lower middle income",1976,6.55275,1.25095,5238240,FALSE
"HTI","Haiti","America","Lower middle income",1977,6.64456,1.24397,5341420,FALSE
"HTI","Haiti","America","Lower middle income",1978,6.84714,1.25623,5450550,FALSE
"HTI","Haiti","America","Lower middle income",1979,6.92429,1.24397,5566270,FALSE
"HTI","Haiti","America","Lower middle income",1980,6.99712,1.22997,5688840,FALSE
"HTI","Haiti","America","Lower middle income",1981,6.95334,1.19501,5818670,FALSE
"HTI","Haiti","America","Lower middle income",1982,7.15674,1.20175,5955270,FALSE
"HTI","Haiti","America","Lower middle income",1983,7.3226,1.20108,6096690,FALSE
"HTI","Haiti","America","Lower middle income",1984,7.37478,1.18179,6240330,FALSE
"HTI","Haiti","America","Lower middle income",1985,7.3422,1.15006,6384190,FALSE
"HTI","Haiti","America","Lower middle income",1986,7.24361,1.1097,6527540,FALSE
"HTI","Haiti","America","Lower middle income",1987,7.23641,1.08483,6670570,FALSE
"HTI","Haiti","America","Lower middle income",1988,7.25621,1.065,6813350,FALSE
"HTI","Haiti","America","Lower middle income",1989,7.20389,1.03559,6956300,FALSE
"HTI","Haiti","America","Lower middle income",1990,7.24801,1.02088,7099730,FALSE
"HTI","Haiti","America","Lower middle income",1991,7.44697,1.02811,7243390,FALSE
"HTI","Haiti","America","Lower middle income",1992,7.84968,1.06264,7386980,FALSE
"HTI","Haiti","America","Lower middle income",1993,7.57536,1.00593,7530700,FALSE
"HTI","Haiti","America","Lower middle income",1994,7.13047,0.92906,7674910,FALSE
"HTI","Haiti","America","Lower middle income",1995,7.94548,1.01607,7819810,FALSE
"HTI","Haiti","America","Lower middle income",1996,8.24614,1.03523,7965550,FALSE
"HTI","Haiti","America","Lower middle income",1997,8.74687,1.07827,8111950,FALSE
"HTI","Haiti","America","Lower middle income",1998,8.94641,1.0833,8258480,FALSE
"HTI","Haiti","America","Lower middle income",1999,9.13545,1.08698,8404400,FALSE
"HTI","Haiti","America","Lower middle income",2000,9.64796,1.12852,8549200,FALSE
"HTI","Haiti","America","Lower middle income",2001,9.74646,1.12124,8692570,FALSE
"HTI","Haiti","America","Lower middle income",2002,10.05757,1.13841,8834730,FALSE
"HTI","Haiti","America","Lower middle income",2003,10.12827,1.1283,8976550,FALSE
"HTI","Haiti","America","Lower middle income",2004,10.073,1.10459,9119180,FALSE
"HTI","Haiti","America","Lower middle income",2005,10.26086,1.10768,9263400,FALSE
"HTI","Haiti","America","Lower middle income",2006,10.41705,1.10708,9409460,FALSE
"HTI","Haiti","America","Lower middle income",2007,10.94828,1.14559,9556890,FALSE
"HTI","Haiti","America","Lower middle income",2008,11.06123,1.13974,9705030,FALSE
"HTI","Haiti","America","Lower middle income",2009,11.22243,1.139,9852870,FALSE
"HTI","Haiti","America","Lower middle income",2010,11.88497,1.18854,9999620,FALSE
"HTI","Haiti","America","Lower middle income",2011,12.43956,1.22616,10145100,FALSE
"HTI","Haiti","America","Lower middle income",2012,12.44181,1.20921,10289200,FALSE
"HTI","Haiti","America","Lower middle income",2013,12.72048,1.21939,10431800,FALSE
"HTI","Haiti","America","Lower middle income",2014,13.02587,1.23205,10572500,FALSE
"HTI","Haiti","America","Lower middle income",2015,13.37023,1.24826,10711100,FALSE
"HTI","Haiti","America","Lower middle income",2016,13.6687,1.2601,10847300,FALSE
"HTI","Haiti","America","Lower middle income",2017,13.69251,1.2469,10981200,FALSE
"HTI","Haiti","America","Lower middle income",2018,13.94063,1.25445,11112945,FALSE
"HTI","Haiti","America","Lower middle income",2019,13.82483,1.22965,11242856,FALSE
"HTI","Haiti","America","Lower middle income",2020,13.51442,1.18848,11371185,FALSE
"HTI","Haiti","America","Lower middle income",2021,13.46343,1.17094,11498000,FALSE
"HTI","Haiti","America","Lower middle income",2022,13.48052,1.15981,11623000,FALSE
"HTI","Haiti","America","Lower middle income",2023,13.61528,1.15914,11746000,FALSE
"HTI","Haiti","America","Lower middle income",2024,13.78231,1.1614,11867000,FALSE
"HUN","Hungary","Europe","High income",1970,91.02588,8.78094,10366300,FALSE
"HUN","Hungary","Europe","High income",1971,93.30437,8.97295,10398400,FALSE
"HUN","Hungary","Europe","High income",1972,95.0829,9.11944,10426400,FALSE
"HUN","Hungary","Europe","High income",1973,100.32942,9.59714,10454100,FALSE
"HUN","Hungary","Europe","High income",1974,103.17498,9.83874,10486600,FALSE
"HUN","Hungary","Europe","High income",1975,105.21378,9.99437,10527300,FALSE
"HUN","Hungary","Europe","High income",1976,109.36776,10.33868,10578500,FALSE
"HUN","Hungary","Europe","High income",1977,114.23979,10.73975,10637100,FALSE
"HUN","Hungary","Europe","High income",1978,123.27822,11.52801,10693800,FALSE
"HUN","Hungary","Europe","High income",1979,122.17842,11.38025,10736000,FALSE
"HUN","Hungary","Europe","High income",1980,121.08576,11.25876,10754800,FALSE
"HUN","Hungary","Europe","High income",1981,120.1318,11.17817,10747000,FALSE
"HUN","Hungary","Europe","High income",1982,120.70506,11.26369,10716300,FALSE
"HUN","Hungary","Europe","High income",1983,116.81424,10.94822,10669700,FALSE
"HUN","Hungary","Europe","High income",1984,118.37979,11.14981,10617200,FALSE
"HUN","Hungary","Europe","High income",1985,117.43182,11.11328,10566800,FALSE
"HUN","Hungary","Europe","High income",1986,114.75508,10.90848,10519800,FALSE
"HUN","Hungary","Europe","High income",1987,116.04312,11.0781,10475000,FALSE
"HUN","Hungary","Europe","High income",1988,110.71028,10.60951,10435000,FALSE
"HUN","Hungary","Europe","High income",1989,107.38473,10.32337,10402100,FALSE
"HUN","Hungary","Europe","High income",1990,96.42908,9.29195,10377700,FALSE
"HUN","Hungary","Europe","High income",1991,90.44356,8.72704,10363600,FALSE
"HUN","Hungary","Europe","High income",1992,80.43598,7.76476,10359100,FALSE
"HUN","Hungary","Europe","High income",1993,81.25423,7.84338,10359600,FALSE
"HUN","Hungary","Europe","High income",1994,81.06197,7.82595,10358100,FALSE
"HUN","Hungary","Europe","High income",1995,80.16737,7.74579,10349800,FALSE
"HUN","Hungary","Europe","High income",1996,82.55579,7.98953,10333000,FALSE
"HUN","Hungary","Europe","High income",1997,81.169,7.87361,10309000,FALSE
"HUN","Hungary","Europe","High income",1998,80.64219,7.84449,10280100,FALSE
"HUN","Hungary","Europe","High income",1999,81.25292,7.92711,10250000,FALSE
"HUN","Hungary","Europe","High income",2000,78.39327,7.66975,10221100,FALSE
"HUN","Hungary","Europe","High income",2001,80.34811,7.8819,10194000,FALSE
"HUN","Hungary","Europe","High income",2002,78.80411,7.75028,10167900,FALSE
"HUN","Hungary","Europe","High income",2003,81.73037,8.05861,10142000,FALSE
"HUN","Hungary","Europe","High income",2004,80.89873,7.99782,10115100,FALSE
"HUN","Hungary","Europe","High income",2005,81.24111,8.05444,10086500,FALSE
"HUN","Hungary","Europe","High income",2006,80.31826,7.98718,10055900,FALSE
"HUN","Hungary","Europe","High income",2007,77.76149,7.75761,10023900,FALSE
"HUN","Hungary","Europe","High income",2008,75.45174,7.55182,9991200,FALSE
"HUN","Hungary","Europe","High income",2009,69.26219,6.95478,9958940,FALSE
"HUN","Hungary","Europe","High income",2010,70.01974,7.05287,9927840,FALSE
"HUN","Hungary","Europe","High income",2011,69.30136,7.00141,9898200,FALSE
"HUN","Hungary","Europe","High income",2012,65.54803,6.64135,9869680,FALSE
"HUN","Hungary","Europe","High income",2013,62.95594,6.39686,9841700,FALSE
"HUN","Hungary","Europe","High income",2014,63.16694,6.43685,9813330,FALSE
"HUN","Hungary","Europe","High income",2015,66.1078,6.75678,9783920,FALSE
"HUN","Hungary","Europe","High income",2016,66.90501,6.85974,9753280,FALSE
"HUN","Hungary","Europe","High income",2017,69.86885,7.187,9721560,FALSE
"HUN","Hungary","Europe","High income",2018,70.11152,7.23631,9688847,FALSE
"HUN","Hungary","Europe","High income",2019,70.31854,7.28285,9655361,FALSE
"HUN","Hungary","Europe","High income",2020,68.68104,7.13847,9621254,FALSE
"HUN","Hungary","Europe","High income",2021,69.94471,7.29579,9587000,FALSE
"HUN","Hungary","Europe","High income",2022,65.56414,6.86464,9551000,FALSE
"HUN","Hungary","Europe","High income",2023,60.95022,6.4057,9515000,FALSE
"HUN","Hungary","Europe","High income",2024,60.4529,6.37823,9478000,FALSE
"IDN","Indonesia","Asia","Upper middle income",1970,135.05232,1.17606,114835000,FALSE
"IDN","Indonesia","Asia","Upper middle income",1971,137.87077,1.16917,117922000,FALSE
"IDN","Indonesia","Asia","Upper middle income",1972,147.96842,1.22227,121060000,FALSE
"IDN","Indonesia","Asia","Upper middle income",1973,161.83926,1.30261,124242000,FALSE
"IDN","Indonesia","Asia","Upper middle income",1974,169.33129,1.32845,127465000,FALSE
"IDN","Indonesia","Asia","Upper middle income",1975,170.13561,1.30149,130724000,FALSE
"IDN","Indonesia","Asia","Upper middle income",1976,180.2496,1.34504,134011000,FALSE
"IDN","Indonesia","Asia","Upper middle income",1977,206.48905,1.50369,137322000,FALSE
"IDN","Indonesia","Asia","Upper middle income",1978,222.58247,1.58235,140666000,FALSE
"IDN","Indonesia","Asia","Upper middle income",1979,230.03432,1.59686,144054000,FALSE
"IDN","Indonesia","Asia","Upper middle income",1980,235.1234,1.59417,147490000,FALSE
"IDN","Indonesia","Asia","Upper middle income",1981,244.9484,1.6224,150979000,FALSE
"IDN","Indonesia","Asia","Upper middle income",1982,238.90795,1.54627,154506000,FALSE
"IDN","Indonesia","Asia","Upper middle income",1983,247.32592,1.56492,158044000,FALSE
"IDN","Indonesia","Asia","Upper middle income",1984,258.98706,1.60308,161556000,FALSE
"IDN","Indonesia","Asia","Upper middle income",1985,266.9892,1.618,165012000,FALSE
"IDN","Indonesia","Asia","Upper middle income",1986,284.11018,1.6871,168402000,FALSE
"IDN","Indonesia","Asia","Upper middle income",1987,286.96114,1.67101,171729000,FALSE
"IDN","Indonesia","Asia","Upper middle income",1988,299.48167,1.71131,175001000,FALSE
"IDN","Indonesia","Asia","Upper middle income",1989,311.65643,1.74859,178233000,FALSE
"IDN","Indonesia","Asia","Upper middle income",1990,338.04133,1.86313,181437000,FALSE
"IDN","Indonesia","Asia","Upper middle income",1991,358.76565,1.94331,184616000,FALSE
"IDN","Indonesia","Asia","Upper middle income",1992,377.00252,2.00783,187766000,FALSE
"IDN","Indonesia","Asia","Upper middle income",1993,395.7266,2.07317,190880000,FALSE
"IDN","Indonesia","Asia","Upper middle income",1994,415.01146,2.13984,193945000,FALSE
"IDN","Indonesia","Asia","Upper middle income",1995,445.08278,2.25979,196958000,FALSE
"IDN","Indonesia","Asia","Upper middle income",1996,469.83543,2.35018,199915000,FALSE
"IDN","Indonesia","Asia","Upper middle income",1997,495.03214,2.44067,202826000,FALSE
"IDN","Indonesia","Asia","Upper middle income",1998,493.65911,2.39971,205716000,FALSE
"IDN","Indonesia","Asia","Upper middle income",1999,506.8224,2.42949,208613000,FALSE
"IDN","Indonesia","Asia","Upper middle income",2000,513.06982,2.4254,211540000,FALSE
"IDN","Indonesia","Asia","Upper middle income",2001,536.25541,2.49994,214507000,FALSE
"IDN","Indonesia","Asia","Upper middle income",2002,543.44175,2.49849,217508000,FALSE
"IDN","Indonesia","Asia","Upper middle income",2003,573.26099,2.59929,220545000,FALSE
"IDN","Indonesia","Asia","Upper middle income",2004,585.32825,2.61757,223615000,FALSE
"IDN","Indonesia","Asia","Upper middle income",2005,593.16208,2.61636,226713000,FALSE
"IDN","Indonesia","Asia","Upper middle income",2006,626.63398,2.72642,229838000,FALSE
"IDN","Indonesia","Asia","Upper middle income",2007,650.3157,2.79119,232989000,FALSE
"IDN","Indonesia","Asia","Upper middle income",2008,653.17937,2.76585,236159000,FALSE
"IDN","Indonesia","Asia","Upper middle income",2009,685.3767,2.86361,239340000,FALSE
"IDN","Indonesia","Asia","Upper middle income",2010,722.93817,2.98089,242524000,FALSE
"IDN","Indonesia","Asia","Upper middle income",2011,822.62212,3.34797,245708000,FALSE
"IDN","Indonesia","Asia","Upper middle income",2012,842.74235,3.3861,248883000,FALSE
"IDN","Indonesia","Asia","Upper middle income",2013,808.42253,3.20762,252032000,FALSE
"IDN","Indonesia","Asia","Upper middle income",2014,851.91922,3.33914,255131000,FALSE
"IDN","Indonesia","Asia","Upper middle income",2015,853.12217,3.3046,258162000,FALSE
"IDN","Indonesia","Asia","Upper middle income",2016,851.53114,3.26113,261115000,FALSE
"IDN","Indonesia","Asia","Upper middle income",2017,905.88942,3.43152,263991000,FALSE
"IDN","Indonesia","Asia","Upper middle income",2018,1002.7634,3.75855,266794980,FALSE
"IDN","Indonesia","Asia","Upper middle income",2019,1062.26852,3.94109,269536482,FALSE
"IDN","Indonesia","Asia","Upper middle income",2020,1007.14777,3.69972,272222987,FALSE
"IDN","Indonesia","Asia","Upper middle income",2021,1037.28064,3.77393,274854000,FALSE
"IDN","Indonesia","Asia","Upper middle income",2022,1181.2992,4.25808,277425000,FALSE
"IDN","Indonesia","Asia","Upper middle income",2023,1261.32235,4.50578,279934000,FALSE
"IDN","Indonesia","Asia","Upper middle income",2024,1323.77791,4.68798,282377000,FALSE
"IND","India","Asia","Lower middle income",1970,733.24411,1.32455,553579000,FALSE
"IND","India","Asia","Lower middle income",1971,739.10238,1.30532,566225000,FALSE
"IND","India","Asia","Lower middle income",1972,751.02771,1.29619,579412000,FALSE
"IND","India","Asia","Lower middle income",1973,758.95206,1.27972,593059000,FALSE
"IND","India","Asia","Lower middle income",1974,780.7095,1.28607,607050000,FALSE
"IND","India","Asia","Lower middle income",1975,814.21274,1.31049,621302000,FALSE
"IND","India","Asia","Lower middle income",1976,836.78475,1.31617,635772000,FALSE
"IND","India","Asia","Lower middle income",1977,858.75495,1.32018,650485000,FALSE
"IND","India","Asia","Lower middle income",1978,863.22999,1.29711,665502000,FALSE
"IND","India","Asia","Lower middle income",1979,888.53016,1.3049,680916000,FALSE
"IND","India","Asia","Lower middle income",1980,921.67455,1.32276,696784000,FALSE
"IND","India","Asia","Lower middle income",1981,970.87989,1.36146,713118000,FALSE
"IND","India","Asia","Lower middle income",1982,996.43026,1.36522,729868000,FALSE
"IND","India","Asia","Lower middle income",1983,1047.38223,1.40221,746949000,FALSE
"IND","India","Asia","Lower middle income",1984,1101.19849,1.4409,764245000,FALSE
"IND","India","Asia","Lower middle income",1985,1133.78024,1.45046,781667000,FALSE
"IND","India","Asia","Lower middle income",1986,1195.6476,1.49609,799181000,FALSE
"IND","India","Asia","Lower middle income",1987,1231.55359,1.50779,816793000,FALSE
"IND","India","Asia","Lower middle income",1988,1302.09689,1.56035,834489000,FALSE
"IND","India","Asia","Lower middle income",1989,1360.50133,1.59633,852270000,FALSE
"IND","India","Asia","Lower middle income",1990,1353.65258,1.55568,870133000,FALSE
"IND","India","Asia","Lower middle income",1991,1412.26865,1.59029,888055000,FALSE
"IND","India","Asia","Lower middle income",1992,1445.59692,1.59554,906021000,FALSE
"IND","India","Asia","Lower middle income",1993,1478.087,1.59956,924058000,FALSE
"IND","India","Asia","Lower middle income",1994,1532.69465,1.62671,942204000,FALSE
"IND","India","Asia","Lower middle income",1995,1596.65774,1.66235,960483000,FALSE
"IND","India","Asia","Lower middle income",1996,1644.43545,1.67989,978893000,FALSE
"IND","India","Asia","Lower middle income",1997,1700.96984,1.7054,997405000,FALSE
"IND","India","Asia","Lower middle income",1998,1731.4029,1.70419,1015970000,FALSE
"IND","India","Asia","Lower middle income",1999,1800.68735,1.74057,1034540000,FALSE
"IND","India","Asia","Lower middle income",2000,1835.55965,1.74309,1053050000,FALSE
"IND","India","Asia","Lower middle income",2001,1859.44871,1.7354,1071480000,FALSE
"IND","India","Asia","Lower middle income",2002,1888.19864,1.73259,1089810000,FALSE
"IND","India","Asia","Lower middle income",2003,1938.22564,1.74925,1108030000,FALSE
"IND","India","Asia","Lower middle income",2004,2040.76149,1.81217,1126140000,FALSE
"IND","India","Asia","Lower middle income",2005,2111.74299,1.84574,1144120000,FALSE
"IND","India","Asia","Lower middle income",2006,2216.19624,1.90726,1161980000,FALSE
"IND","India","Asia","Lower middle income",2007,2359.31087,1.99996,1179680000,FALSE
"IND","India","Asia","Lower middle income",2008,2486.38966,2.07692,1197150000,FALSE
"IND","India","Asia","Lower middle income",2009,2595.41436,2.13743,1214270000,FALSE
"IND","India","Asia","Lower middle income",2010,2722.6207,2.21175,1230980000,FALSE
"IND","India","Asia","Lower middle income",2011,2858.46213,2.29183,1247240000,FALSE
"IND","India","Asia","Lower middle income",2012,3037.49471,2.40485,1263070000,FALSE
"IND","India","Asia","Lower middle income",2013,3074.13897,2.40438,1278560000,FALSE
"IND","India","Asia","Lower middle income",2014,3254.31628,2.5152,1293860000,FALSE
"IND","India","Asia","Lower middle income",2015,3310.45911,2.5289,1309050000,FALSE
"IND","India","Asia","Lower middle income",2016,3353.91843,2.53285,1324170000,FALSE
"IND","India","Asia","Lower middle income",2017,3495.50145,2.61018,1339180000,FALSE
"IND","India","Asia","Lower middle income",2018,3634.42287,2.68411,1354051854,FALSE
"IND","India","Asia","Lower middle income",2019,3641.29316,2.66033,1368737513,FALSE
"IND","India","Asia","Lower middle income",2020,3461.05002,2.50221,1383197753,FALSE
"IND","India","Asia","Lower middle income",2021,3719.56317,2.66173,1397423000,FALSE
"IND","India","Asia","Lower middle income",2022,3961.52561,2.80678,1411415000,FALSE
"IND","India","Asia","Lower middle income",2023,4206.3289,2.95148,1425158000,FALSE
"IND","India","Asia","Lower middle income",2024,4371.16933,3.03841,1438635000,FALSE
"IRL","Ireland","Europe","High income",1970,41.31531,14.00519,2950000,TRUE
"IRL","Ireland","Europe","High income",1971,44.29467,14.83024,2986780,TRUE
"IRL","Ireland","Europe","High income",1972,44.01368,14.5241,3030390,TRUE
"IRL","Ireland","Europe","High income",1973,44.58791,14.47989,3079300,TRUE
"IRL","Ireland","Europe","High income",1974,47.52999,15.17958,3131180,TRUE
"IRL","Ireland","Europe","High income",1975,46.18831,14.50579,3184130,TRUE
"IRL","Ireland","Europe","High income",1976,46.45268,14.34792,3237590,TRUE
"IRL","Ireland","Europe","High income",1977,48.72572,14.80498,3291170,TRUE
"IRL","Ireland","Europe","High income",1978,48.99228,14.65453,3343150,TRUE
"IRL","Ireland","Europe","High income",1979,53.43517,15.75524,3391580,TRUE
"IRL","Ireland","Europe","High income",1980,52.516,15.28872,3434950,TRUE
"IRL","Ireland","Europe","High income",1981,51.60875,14.86046,3472890,TRUE
"IRL","Ireland","Europe","High income",1982,51.50549,14.69335,3505360,TRUE
"IRL","Ireland","Europe","High income",1983,51.61097,14.6133,3531780,TRUE
"IRL","Ireland","Europe","High income",1984,51.89225,14.61074,3551650,TRUE
"IRL","Ireland","Europe","High income",1985,53.60688,15.03716,3564960,TRUE
"IRL","Ireland","Europe","High income",1986,54.81589,15.34879,3571350,TRUE
"IRL","Ireland","Europe","High income",1987,56.09321,15.70464,3571760,TRUE
"IRL","Ireland","Europe","High income",1988,55.28869,15.49089,3569110,TRUE
"IRL","Ireland","Europe","High income",1989,56.93197,15.95945,3567290,TRUE
"IRL","Ireland","Europe","High income",1990,58.95202,16.51659,3569260,TRUE
"IRL","Ireland","Europe","High income",1991,59.62496,16.67187,3576380,TRUE
"IRL","Ireland","Europe","High income",1992,59.7344,16.64565,3588590,TRUE
"IRL","Ireland","Europe","High income",1993,60.50103,16.77946,3605660,TRUE
"IRL","Ireland","Europe","High income",1994,61.9987,17.0946,3626800,TRUE
"IRL","Ireland","Europe","High income",1995,62.74903,17.18422,3651550,TRUE
"IRL","Ireland","Europe","High income",1996,64.2956,17.47234,3679850,TRUE
"IRL","Ireland","Europe","High income",1997,65.76244,17.71398,3712460,TRUE
"IRL","Ireland","Europe","High income",1998,68.5316,18.27232,3750570,TRUE
"IRL","Ireland","Europe","High income",1999,70.60995,18.60262,3795700,TRUE
"IRL","Ireland","Europe","High income",2000,74.36164,19.32083,3848780,TRUE
"IRL","Ireland","Europe","High income",2001,76.7943,19.64405,3909290,TRUE
"IRL","Ireland","Europe","High income",2002,75.70681,19.03956,3976290,TRUE
"IRL","Ireland","Europe","High income",2003,76.08581,18.78871,4049550,TRUE
"IRL","Ireland","Europe","High income",2004,75.93005,18.39057,4128750,TRUE
"IRL","Ireland","Europe","High income",2005,77.9148,18.49399,4212980,TRUE
"IRL","Ireland","Europe","High income",2006,78.35029,18.20673,4303370,TRUE
"IRL","Ireland","Europe","High income",2007,76.89645,17.48413,4398070,TRUE
"IRL","Ireland","Europe","High income",2008,76.14737,16.96087,4489590,TRUE
"IRL","Ireland","Europe","High income",2009,71.24501,15.59634,4568060,TRUE
"IRL","Ireland","Europe","High income",2010,70.19699,15.1714,4626930,TRUE
"IRL","Ireland","Europe","High income",2011,65.84995,14.12307,4662580,TRUE
"IRL","Ireland","Europe","High income",2012,67.24148,14.37361,4678120,TRUE
"IRL","Ireland","Europe","High income",2013,66.34442,14.17019,4681970,TRUE
"IRL","Ireland","Europe","High income",2014,66.19692,14.12548,4686350,TRUE
"IRL","Ireland","Europe","High income",2015,67.78678,14.42238,4700110,TRUE
"IRL","Ireland","Europe","High income",2016,70.804,14.98155,4726080,TRUE
"IRL","Ireland","Europe","High income",2017,69.9073,14.68129,4761660,TRUE
"IRL","Ireland","Europe","High income",2018,67.20653,13.99044,4803748,TRUE
"IRL","Ireland","Europe","High income",2019,65.27854,13.46744,4847139,TRUE
"IRL","Ireland","Europe","High income",2020,62.90557,12.86941,4887992,TRUE
"IRL","Ireland","Europe","High income",2021,65.10077,13.21575,4926000,TRUE
"IRL","Ireland","Europe","High income",2022,63.85763,12.86933,4962000,TRUE
"IRL","Ireland","Europe","High income",2023,60.35796,12.07884,4997000,TRUE
"IRL","Ireland","Europe","High income",2024,59.67783,11.86202,5031000,TRUE
"IRN","Iran","Asia","Upper middle income",1970,218.5458,7.66451,28514000,FALSE
"IRN","Iran","Asia","Upper middle income",1971,224.41254,7.66402,29281300,FALSE
"IRN","Iran","Asia","Upper middle income",1972,247.4453,8.2278,30074300,FALSE
"IRN","Iran","Asia","Upper middle income",1973,287.1525,9.29167,30904300,FALSE
"IRN","Iran","Asia","Upper middle income",1974,299.2443,9.41449,31785500,FALSE
"IRN","Iran","Asia","Upper middle income",1975,285.72659,8.72965,32730600,FALSE
"IRN","Iran","Asia","Upper middle income",1976,319.03793,9.45639,33737800,FALSE
"IRN","Iran","Asia","Upper middle income",1977,320.85526,9.21714,34810700,FALSE
"IRN","Iran","Asia","Upper middle income",1978,307.64462,8.55217,35972700,FALSE
"IRN","Iran","Asia","Upper middle income",1979,248.98075,6.68356,37252700,FALSE
"IRN","Iran","Asia","Upper middle income",1980,187.38974,4.84609,38668200,FALSE
"IRN","Iran","Asia","Upper middle income",1981,183.18449,4.55483,40217600,FALSE
"IRN","Iran","Asia","Upper middle income",1982,229.50876,5.47972,41883300,FALSE
"IRN","Iran","Asia","Upper middle income",1983,254.01149,5.81993,43645100,FALSE
"IRN","Iran","Asia","Upper middle income",1984,246.96136,5.43074,45474700,FALSE
"IRN","Iran","Asia","Upper middle income",1985,260.92998,5.51151,47342700,FALSE
"IRN","Iran","Asia","Upper middle income",1986,245.98216,4.99387,49256800,FALSE
"IRN","Iran","Asia","Upper middle income",1987,262.41408,5.12553,51197500,FALSE
"IRN","Iran","Asia","Upper middle income",1988,264.40884,4.98174,53075600,FALSE
"IRN","Iran","Asia","Upper middle income",1989,294.04484,5.36802,54777100,FALSE
"IRN","Iran","Asia","Upper middle income",1990,331.28374,5.89198,56226200,FALSE
"IRN","Iran","Asia","Upper middle income",1991,375.98072,6.55297,57375600,FALSE
"IRN","Iran","Asia","Upper middle income",1992,400.015,6.86595,58260700,FALSE
"IRN","Iran","Asia","Upper middle income",1993,398.49604,6.75518,58991200,FALSE
"IRN","Iran","Asia","Upper middle income",1994,437.63623,7.32751,59725100,FALSE
"IRN","Iran","Asia","Upper middle income",1995,438.41435,7.23747,60575600,FALSE
"IRN","Iran","Asia","Upper middle income",1996,456.78855,7.41743,61583100,FALSE
"IRN","Iran","Asia","Upper middle income",1997,470.42519,7.50153,62710600,FALSE
"IRN","Iran","Asia","Upper middle income",1998,455.61789,7.1301,63900600,FALSE
"IRN","Iran","Asia","Upper middle income",1999,481.54894,7.40131,65062700,FALSE
"IRN","Iran","Asia","Upper middle income",2000,511.37732,7.73269,66131900,FALSE
"IRN","Iran","Asia","Upper middle income",2001,516.9483,7.70456,67096400,FALSE
"IRN","Iran","Asia","Upper middle income",2002,533.2751,7.84421,67983300,FALSE
"IRN","Iran","Asia","Upper middle income",2003,580.30412,8.4331,68812700,FALSE
"IRN","Iran","Asia","Upper middle income",2004,607.849,8.73132,69617100,FALSE
"IRN","Iran","Asia","Upper middle income",2005,650.6803,9.23976,70421800,FALSE
"IRN","Iran","Asia","Upper middle income",2006,697.20366,9.78835,71227900,FALSE
"IRN","Iran","Asia","Upper middle income",2007,721.22306,10.01266,72031100,FALSE
"IRN","Iran","Asia","Upper middle income",2008,737.02491,10.11765,72845500,FALSE
"IRN","Iran","Asia","Upper middle income",2009,757.69778,10.28257,73687600,FALSE
"IRN","Iran","Asia","Upper middle income",2010,767.5997,10.29402,74567500,FALSE
"IRN","Iran","Asia","Upper middle income",2011,776.16273,10.28144,75491600,FALSE
"IRN","Iran","Asia","Upper middle income",2012,766.30448,10.02313,76453600,FALSE
"IRN","Iran","Asia","Upper middle income",2013,786.38156,10.15532,77435400,FALSE
"IRN","Iran","Asia","Upper middle income",2014,800.22339,10.20549,78411100,FALSE
"IRN","Iran","Asia","Upper middle income",2015,793.33205,9.99656,79360500,FALSE
"IRN","Iran","Asia","Upper middle income",2016,837.86147,10.43708,80277400,FALSE
"IRN","Iran","Asia","Upper middle income",2017,866.98676,10.68207,81162800,FALSE
"IRN","Iran","Asia","Upper middle income",2018,856.69157,10.44596,82011735,FALSE
"IRN","Iran","Asia","Upper middle income",2019,891.3642,10.76257,82820766,FALSE
"IRN","Iran","Asia","Upper middle income",2020,909.93822,10.8861,83587129,FALSE
"IRN","Iran","Asia","Upper middle income",2021,974.10719,11.55415,84308000,FALSE
"IRN","Iran","Asia","Upper middle income",2022,989.86456,11.64793,84982000,FALSE
"IRN","Iran","Asia","Upper middle income",2023,1030.09469,12.03255,85609000,FALSE
"IRN","Iran","Asia","Upper middle income",2024,1054.76507,12.23767,86190000,FALSE
"IRQ","Iraq","Asia","Upper middle income",1970,103.5209,10.4377,9917980,FALSE
"IRQ","Iraq","Asia","Upper middle income",1971,107.70948,10.5022,10255900,FALSE
"IRQ","Iraq","Asia","Upper middle income",1972,98.29203,9.27301,10599800,FALSE
"IRQ","Iraq","Asia","Upper middle income",1973,123.4901,11.2764,10951200,FALSE
"IRQ","Iraq","Asia","Upper middle income",1974,123.48412,10.91592,11312300,FALSE
"IRQ","Iraq","Asia","Upper middle income",1975,140.01897,11.98321,11684600,FALSE
"IRQ","Iraq","Asia","Upper middle income",1976,156.35063,12.95559,12068200,FALSE
"IRQ","Iraq","Asia","Upper middle income",1977,149.76023,12.01841,12460900,FALSE
"IRQ","Iraq","Asia","Upper middle income",1978,163.73703,12.73316,12859100,FALSE
"IRQ","Iraq","Asia","Upper middle income",1979,212.53925,16.03126,13257800,FALSE
"IRQ","Iraq","Asia","Upper middle income",1980,173.73636,12.72477,13653400,FALSE
"IRQ","Iraq","Asia","Upper middle income",1981,90.87208,6.46938,14046500,FALSE
"IRQ","Iraq","Asia","Upper middle income",1982,94.2401,6.52709,14438300,FALSE
"IRQ","Iraq","Asia","Upper middle income",1983,97.68818,6.58907,14825800,FALSE
"IRQ","Iraq","Asia","Upper middle income",1984,112.26063,7.3829,15205500,FALSE
"IRQ","Iraq","Asia","Upper middle income",1985,129.2112,8.29532,15576400,FALSE
"IRQ","Iraq","Asia","Upper middle income",1986,147.27048,9.24114,15936400,FALSE
"IRQ","Iraq","Asia","Upper middle income",1987,164.20255,10.0799,16290100,FALSE
"IRQ","Iraq","Asia","Upper middle income",1988,195.54099,11.74293,16651800,FALSE
"IRQ","Iraq","Asia","Upper middle income",1989,211.84126,12.43185,17040200,FALSE
"IRQ","Iraq","Asia","Upper middle income",1990,171.71824,9.82988,17469000,FALSE
"IRQ","Iraq","Asia","Upper middle income",1991,78.39493,4.36918,17942700,FALSE
"IRQ","Iraq","Asia","Upper middle income",1992,106.6003,5.77523,18458200,FALSE
"IRQ","Iraq","Asia","Upper middle income",1993,136.39517,7.1742,19011900,FALSE
"IRQ","Iraq","Asia","Upper middle income",1994,148.30374,7.5676,19597200,FALSE
"IRQ","Iraq","Asia","Upper middle income",1995,148.39294,7.34313,20208400,FALSE
"IRQ","Iraq","Asia","Upper middle income",1996,138.1618,6.62777,20845900,FALSE
"IRQ","Iraq","Asia","Upper middle income",1997,177.24831,8.24054,21509300,FALSE
"IRQ","Iraq","Asia","Upper middle income",1998,158.93742,7.1625,22190200,FALSE
"IRQ","Iraq","Asia","Upper middle income",1999,148.08788,6.47288,22878200,FALSE
"IRQ","Iraq","Asia","Upper middle income",2000,167.85137,7.12279,23565400,FALSE
"IRQ","Iraq","Asia","Upper middle income",2001,181.67441,7.49123,24251600,FALSE
"IRQ","Iraq","Asia","Upper middle income",2002,169.94984,6.81454,24939300,FALSE
"IRQ","Iraq","Asia","Upper middle income",2003,152.201,5.93895,25627600,FALSE
"IRQ","Iraq","Asia","Upper middle income",2004,170.86992,6.49286,26316600,FALSE
"IRQ","Iraq","Asia","Upper middle income",2005,164.52083,6.09147,27008400,FALSE
"IRQ","Iraq","Asia","Upper middle income",2006,164.14687,5.92633,27697900,FALSE
"IRQ","Iraq","Asia","Upper middle income",2007,154.43795,5.43979,28390400,FALSE
"IRQ","Iraq","Asia","Upper middle income",2008,171.49782,5.89109,29111400,FALSE
"IRQ","Iraq","Asia","Upper middle income",2009,187.34404,6.2668,29894700,FALSE
"IRQ","Iraq","Asia","Upper middle income",2010,210.53418,6.84381,30762700,FALSE
"IRQ","Iraq","Asia","Upper middle income",2011,223.78857,7.05355,31727100,FALSE
"IRQ","Iraq","Asia","Upper middle income",2012,253.35312,7.7297,32776600,FALSE
"IRQ","Iraq","Asia","Upper middle income",2013,265.30335,7.82996,33883100,FALSE
"IRQ","Iraq","Asia","Upper middle income",2014,265.47719,7.58374,35006100,FALSE
"IRQ","Iraq","Asia","Upper middle income",2015,275.91629,7.63981,36115600,FALSE
"IRQ","Iraq","Asia","Upper middle income",2016,325.51203,8.74971,37202600,FALSE
"IRQ","Iraq","Asia","Upper middle income",2017,339.86823,8.87973,38274600,FALSE
"IRQ","Iraq","Asia","Upper middle income",2018,357.46455,9.0866,39339753,FALSE
"IRQ","Iraq","Asia","Upper middle income",2019,377.12664,9.33198,40412299,FALSE
"IRQ","Iraq","Asia","Upper middle income",2020,345.61785,8.32756,41502885,FALSE
"IRQ","Iraq","Asia","Upper middle income",2021,361.81675,8.49096,42612000,FALSE
"IRQ","Iraq","Asia","Upper middle income",2022,399.16746,9.12675,43736000,FALSE
"IRQ","Iraq","Asia","Upper middle income",2023,405.17316,9.02893,44875000,FALSE
"IRQ","Iraq","Asia","Upper middle income",2024,413.27642,8.97841,46030000,FALSE
"ISL","Iceland","Europe","High income",1970,3.23683,15.83377,204426,FALSE
"ISL","Iceland","Europe","High income",1971,3.37646,16.30446,207088,FALSE
"ISL","Iceland","Europe","High income",1972,3.68278,17.54299,209929,FALSE
"ISL","Iceland","Europe","High income",1973,4.37945,20.57875,212814,FALSE
"ISL","Iceland","Europe","High income",1974,4.30825,19.98602,215563,FALSE
"ISL","Iceland","Europe","High income",1975,4.04426,18.54568,218070,FALSE
"ISL","Iceland","Europe","High income",1976,4.13881,18.78792,220291,FALSE
"ISL","Iceland","Europe","High income",1977,4.28772,19.29096,222266,FALSE
"ISL","Iceland","Europe","High income",1978,4.41396,19.692,224150,FALSE
"ISL","Iceland","Europe","High income",1979,4.46047,19.72758,226103,FALSE
"ISL","Iceland","Europe","High income",1980,4.24563,18.59981,228262,FALSE
"ISL","Iceland","Europe","High income",1981,4.17196,18.08673,230664,FALSE
"ISL","Iceland","Europe","High income",1982,3.86786,16.5811,233269,FALSE
"ISL","Iceland","Europe","High income",1983,3.92402,16.62586,236019,FALSE
"ISL","Iceland","Europe","High income",1984,4.21475,17.64913,238808,FALSE
"ISL","Iceland","Europe","High income",1985,4.02491,16.66065,241582,FALSE
"ISL","Iceland","Europe","High income",1986,4.07337,16.67151,244331,FALSE
"ISL","Iceland","Europe","High income",1987,4.20998,17.04057,247056,FALSE
"ISL","Iceland","Europe","High income",1988,4.3252,17.3177,249756,FALSE
"ISL","Iceland","Europe","High income",1989,4.43327,17.56355,252413,FALSE
"ISL","Iceland","Europe","High income",1990,4.41343,17.30464,255043,FALSE
"ISL","Iceland","Europe","High income",1991,4.38799,17.03254,257624,FALSE
"ISL","Iceland","Europe","High income",1992,3.30705,12.71204,260151,FALSE
"ISL","Iceland","Europe","High income",1993,3.42641,13.04523,262656,FALSE
"ISL","Iceland","Europe","High income",1994,3.55987,13.42649,265138,FALSE
"ISL","Iceland","Europe","High income",1995,3.37935,12.627,267629,FALSE
"ISL","Iceland","Europe","High income",1996,3.67991,13.62173,270150,FALSE
"ISL","Iceland","Europe","High income",1997,3.61577,13.25871,272709,FALSE
"ISL","Iceland","Europe","High income",1998,3.76998,13.69427,275296,FALSE
"ISL","Iceland","Europe","High income",1999,3.82954,13.78177,277870,FALSE
"ISL","Iceland","Europe","High income",2000,3.93804,14.04263,280435,FALSE
"ISL","Iceland","Europe","High income",2001,4.04908,14.31241,282907,FALSE
"ISL","Iceland","Europe","High income",2002,4.24456,14.87603,285329,FALSE
"ISL","Iceland","Europe","High income",2003,4.21775,14.64742,287952,FALSE
"ISL","Iceland","Europe","High income",2004,4.3019,14.7779,291104,FALSE
"ISL","Iceland","Europe","High income",2005,4.21341,14.28375,294979,FALSE
"ISL","Iceland","Europe","High income",2006,4.39743,14.6714,299728,FALSE
"ISL","Iceland","Europe","High income",2007,4.75505,15.58011,305200,FALSE
"ISL","Iceland","Europe","High income",2008,5.05033,16.24505,310884,FALSE
"ISL","Iceland","Europe","High income",2009,5.06598,16.02723,316086,FALSE
"ISL","Iceland","Europe","High income",2010,5.00036,15.61011,320328,FALSE
"ISL","Iceland","Europe","High income",2011,4.86431,15.04033,323418,FALSE
"ISL","Iceland","Europe","High income",2012,4.85827,14.92437,325526,FALSE
"ISL","Iceland","Europe","High income",2013,4.89768,14.97628,327029,FALSE
"ISL","Iceland","Europe","High income",2014,4.64276,14.13498,328459,FALSE
"ISL","Iceland","Europe","High income",2015,4.83842,14.65109,330243,FALSE
"ISL","Iceland","Europe","High income",2016,4.35768,13.10682,332474,FALSE
"ISL","Iceland","Europe","High income",2017,4.5079,13.45542,335025,FALSE
"ISL","Iceland","Europe","High income",2018,4.47552,13.2498,337780,FALSE
"ISL","Iceland","Europe","High income",2019,4.33651,12.73325,340566,FALSE
"ISL","Iceland","Europe","High income",2020,4.22777,12.31767,343228,FALSE
"ISL","Iceland","Europe","High income",2021,4.26035,12.31316,346000,FALSE
"ISL","Iceland","Europe","High income",2022,4.30172,12.36127,348000,FALSE
"ISL","Iceland","Europe","High income",2023,4.24605,12.09701,351000,FALSE
"ISL","Iceland","Europe","High income",2024,4.28241,12.13147,353000,FALSE
"ISR","Israel and Palestine, State of","Asia","High income",1970,72.74769,18.30466,3974271,FALSE
"ISR","Israel and Palestine, State of","Asia","High income",1971,73.02752,17.89556,4080761,FALSE
"ISR","Israel and Palestine, State of","Asia","High income",1972,76.81953,18.22972,4213972,FALSE
"ISR","Israel and Palestine, State of","Asia","High income",1973,77.83631,17.83617,4363959,FALSE
"ISR","Israel and Palestine, State of","Asia","High income",1974,60.95174,13.49777,4515690,FALSE
"ISR","Israel and Palestine, State of","Asia","High income",1975,83.52625,17.93109,4658181,FALSE
"ISR","Israel and Palestine, State of","Asia","High income",1976,23.34527,4.87476,4789010,FALSE
"ISR","Israel and Palestine, State of","Asia","High income",1977,24.20238,4.92765,4911546,FALSE
"ISR","Israel and Palestine, State of","Asia","High income",1978,25.49297,5.07062,5027588,FALSE
"ISR","Israel and Palestine, State of","Asia","High income",1979,25.93315,5.04465,5140718,FALSE
"ISR","Israel and Palestine, State of","Asia","High income",1980,25.84085,4.91846,5253850,FALSE
"ISR","Israel and Palestine, State of","Asia","High income",1981,26.83552,4.99915,5368019,FALSE
"ISR","Israel and Palestine, State of","Asia","High income",1982,27.95104,5.09766,5483112,FALSE
"ISR","Israel and Palestine, State of","Asia","High income",1983,28.93909,5.16786,5599821,FALSE
"ISR","Israel and Palestine, State of","Asia","High income",1984,29.94059,5.23548,5718786,FALSE
"ISR","Israel and Palestine, State of","Asia","High income",1985,31.72591,5.43134,5841264,FALSE
"ISR","Israel and Palestine, State of","Asia","High income",1986,34.15453,5.72488,5965982,FALSE
"ISR","Israel and Palestine, State of","Asia","High income",1987,36.88466,6.05151,6095119,FALSE
"ISR","Israel and Palestine, State of","Asia","High income",1988,39.06472,6.26313,6237254,FALSE
"ISR","Israel and Palestine, State of","Asia","High income",1989,40.41887,6.31192,6403582,FALSE
"ISR","Israel and Palestine, State of","Asia","High income",1990,41.92744,6.35134,6601358,FALSE
"ISR","Israel and Palestine, State of","Asia","High income",1991,42.6965,6.24803,6833597,FALSE
"ISR","Israel and Palestine, State of","Asia","High income",1992,45.49509,6.41151,7095843,FALSE
"ISR","Israel and Palestine, State of","Asia","High income",1993,49.48921,6.70737,7378329,FALSE
"ISR","Israel and Palestine, State of","Asia","High income",1994,53.06544,6.92114,7667150,FALSE
"ISR","Israel and Palestine, State of","Asia","High income",1995,56.4849,7.10375,7951421,FALSE
"ISR","Israel and Palestine, State of","Asia","High income",1996,59.84204,7.27151,8229655,FALSE
"ISR","Israel and Palestine, State of","Asia","High income",1997,61.73969,7.26119,8502691,FALSE
"ISR","Israel and Palestine, State of","Asia","High income",1998,62.88079,7.17402,8765072,FALSE
"ISR","Israel and Palestine, State of","Asia","High income",1999,64.50204,7.15827,9010846,FALSE
"ISR","Israel and Palestine, State of","Asia","High income",2000,69.11707,7.48283,9236750,FALSE
"ISR","Israel and Palestine, State of","Asia","High income",2001,69.22394,7.33438,9438280,FALSE
"ISR","Israel and Palestine, State of","Asia","High income",2002,72.49441,7.53711,9618334,FALSE
"ISR","Israel and Palestine, State of","Asia","High income",2003,74.29706,7.58883,9790318,FALSE
"ISR","Israel and Palestine, State of","Asia","High income",2004,74.14091,7.43426,9972868,FALSE
"ISR","Israel and Palestine, State of","Asia","High income",2005,72.14695,7.08773,10179140,FALSE
"ISR","Israel and Palestine, State of","Asia","High income",2006,75.401,7.23995,10414574,FALSE
"ISR","Israel and Palestine, State of","Asia","High income",2007,78.02212,7.30917,10674551,FALSE
"ISR","Israel and Palestine, State of","Asia","High income",2008,79.51361,7.2617,10949720,FALSE
"ISR","Israel and Palestine, State of","Asia","High income",2009,77.97196,6.94573,11225879,FALSE
"ISR","Israel and Palestine, State of","Asia","High income",2010,83.72447,7.28496,11492788,FALSE
"ISR","Israel and Palestine, State of","Asia","High income",2011,83.77353,7.13109,11747649,FALSE
"ISR","Israel and Palestine, State of","Asia","High income",2012,90.59989,7.55373,11994065,FALSE
"ISR","Israel and Palestine, State of","Asia","High income",2013,82.03544,6.70457,12235749,FALSE
"ISR","Israel and Palestine, State of","Asia","High income",2014,79.46699,6.36818,12478754,FALSE
"ISR","Israel and Palestine, State of","Asia","High income",2015,82.86428,6.51068,12727431,FALSE
"ISR","Israel and Palestine, State of","Asia","High income",2016,83.24552,6.41212,12982533,FALSE
"ISR","Israel and Palestine, State of","Asia","High income",2017,83.28489,6.28931,13242294,FALSE
"ISR","Israel and Palestine, State of","Asia","High income",2018,79.91488,5.91716,13505617,FALSE
"ISR","Israel and Palestine, State of","Asia","High income",2019,82.37469,5.98188,13770706,FALSE
"ISR","Israel and Palestine, State of","Asia","High income",2020,78.86223,5.61849,14036188,FALSE
"ISR","Israel and Palestine, State of","Asia","High income",2021,78.52125,5.49027,14301893,FALSE
"ISR","Israel and Palestine, State of","Asia","High income",2022,81.86315,5.61929,14568245,FALSE
"ISR","Israel and Palestine, State of","Asia","High income",2023,79.05341,5.32877,14835208,FALSE
"ISR","Israel and Palestine, State of","Asia","High income",2024,76.62073,5.07326,15102865,FALSE
"ITA","Italy, San Marino and the Holy See","Europe","High income",1970,386.42015,7.2122,53578700,TRUE
"ITA","Italy, San Marino and the Holy See","Europe","High income",1971,401.6608,7.44507,53949900,TRUE
"ITA","Italy, San Marino and the Holy See","Europe","High income",1972,419.07604,7.71481,54321000,TRUE
"ITA","Italy, San Marino and the Holy See","Europe","High income",1973,443.53984,8.11117,54682600,TRUE
"ITA","Italy, San Marino and the Holy See","Europe","High income",1974,444.5354,8.0792,55022200,TRUE
"ITA","Italy, San Marino and the Holy See","Europe","High income",1975,427.11346,7.71929,55330700,TRUE
"ITA","Italy, San Marino and the Holy See","Europe","High income",1976,456.46033,8.20908,55604300,TRUE
"ITA","Italy, San Marino and the Holy See","Europe","High income",1977,445.66919,7.98045,55845100,TRUE
"ITA","Italy, San Marino and the Holy See","Europe","High income",1978,455.73186,8.12979,56057000,TRUE
"ITA","Italy, San Marino and the Holy See","Europe","High income",1979,472.56609,8.40165,56246800,TRUE
"ITA","Italy, San Marino and the Holy See","Europe","High income",1980,474.73627,8.41443,56419300,TRUE
"ITA","Italy, San Marino and the Holy See","Europe","High income",1981,462.24589,8.17028,56576500,TRUE
"ITA","Italy, San Marino and the Holy See","Europe","High income",1982,453.01741,7.98732,56717100,TRUE
"ITA","Italy, San Marino and the Holy See","Europe","High income",1983,445.94663,7.84583,56838700,TRUE
"ITA","Italy, San Marino and the Holy See","Europe","High income",1984,455.32918,7.99697,56937700,TRUE
"ITA","Italy, San Marino and the Holy See","Europe","High income",1985,456.07393,7.99956,57012400,TRUE
"ITA","Italy, San Marino and the Holy See","Europe","High income",1986,459.21347,8.04765,57061800,TRUE
"ITA","Italy, San Marino and the Holy See","Europe","High income",1987,485.19597,8.49887,57089500,TRUE
"ITA","Italy, San Marino and the Holy See","Europe","High income",1988,486.06587,8.51208,57103100,TRUE
"ITA","Italy, San Marino and the Holy See","Europe","High income",1989,503.41492,8.81434,57113200,TRUE
"ITA","Italy, San Marino and the Holy See","Europe","High income",1990,504.65085,8.83383,57127100,TRUE
"ITA","Italy, San Marino and the Holy See","Europe","High income",1991,501.94442,8.78255,57152500,TRUE
"ITA","Italy, San Marino and the Holy See","Europe","High income",1992,499.68653,8.73747,57188900,TRUE
"ITA","Italy, San Marino and the Holy See","Europe","High income",1993,493.21719,8.61867,57226600,TRUE
"ITA","Italy, San Marino and the Holy See","Europe","High income",1994,488.69398,8.53593,57251400,TRUE
"ITA","Italy, San Marino and the Holy See","Europe","High income",1995,514.63621,8.98846,57255200,TRUE
"ITA","Italy, San Marino and the Holy See","Europe","High income",1996,510.51436,8.92044,57229700,TRUE
"ITA","Italy, San Marino and the Holy See","Europe","High income",1997,514.70069,9.00064,57184900,TRUE
"ITA","Italy, San Marino and the Holy See","Europe","High income",1998,524.16101,9.17109,57153600,TRUE
"ITA","Italy, San Marino and the Holy See","Europe","High income",1999,531.17243,9.28948,57180000,TRUE
"ITA","Italy, San Marino and the Holy See","Europe","High income",2000,538.15507,9.39292,57293700,TRUE
"ITA","Italy, San Marino and the Holy See","Europe","High income",2001,536.35769,9.32692,57506400,TRUE
"ITA","Italy, San Marino and the Holy See","Europe","High income",2002,545.63985,9.43984,57801800,TRUE
"ITA","Italy, San Marino and the Holy See","Europe","High income",2003,566.25482,9.73833,58147000,TRUE
"ITA","Italy, San Marino and the Holy See","Europe","High income",2004,577.0068,9.86426,58494700,TRUE
"ITA","Italy, San Marino and the Holy See","Europe","High income",2005,578.73569,9.84102,58808500,TRUE
"ITA","Italy, San Marino and the Holy See","Europe","High income",2006,567.16253,9.59992,59079900,TRUE
"ITA","Italy, San Marino and the Holy See","Europe","High income",2007,560.65043,9.45232,59313500,TRUE
"ITA","Italy, San Marino and the Holy See","Europe","High income",2008,545.73134,9.17159,59502400,TRUE
"ITA","Italy, San Marino and the Holy See","Europe","High income",2009,494.50555,8.29124,59641900,TRUE
"ITA","Italy, San Marino and the Holy See","Europe","High income",2010,505.56623,8.46422,59729800,TRUE
"ITA","Italy, San Marino and the Holy See","Europe","High income",2011,494.99341,8.28304,59759900,TRUE
"ITA","Italy, San Marino and the Holy See","Europe","High income",2012,476.69476,7.98032,59733800,TRUE
"ITA","Italy, San Marino and the Holy See","Europe","High income",2013,442.74172,7.42009,59668000,TRUE
"ITA","Italy, San Marino and the Holy See","Europe","High income",2014,423.61697,7.10937,59585700,TRUE
"ITA","Italy, San Marino and the Holy See","Europe","High income",2015,433.53352,7.28576,59504200,TRUE
"ITA","Italy, San Marino and the Holy See","Europe","High income",2016,429.2273,7.22241,59429900,TRUE
"ITA","Italy, San Marino and the Holy See","Europe","High income",2017,426.12438,7.17866,59359900,TRUE
"ITA","Italy, San Marino and the Holy See","Europe","High income",2018,421.87332,7.1153,59290969,TRUE
"ITA","Italy, San Marino and the Holy See","Europe","High income",2019,413.49158,6.98271,59216525,TRUE
"ITA","Italy, San Marino and the Holy See","Europe","High income",2020,375.49619,6.35013,59132073,TRUE
"ITA","Italy, San Marino and the Holy See","Europe","High income",2021,408.93194,6.92659,59038000,TRUE
"ITA","Italy, San Marino and the Holy See","Europe","High income",2022,408.06047,6.92367,58937000,TRUE
"ITA","Italy, San Marino and the Holy See","Europe","High income",2023,378.51077,6.43365,58833000,TRUE
"ITA","Italy, San Marino and the Holy See","Europe","High income",2024,371.17171,6.32029,58727000,TRUE
"JAM","Jamaica","America","Upper middle income",1970,9.23868,4.9263,1875380,FALSE
"JAM","Jamaica","America","Upper middle income",1971,9.2355,4.85053,1904020,FALSE
"JAM","Jamaica","America","Upper middle income",1972,9.20121,4.75557,1934830,FALSE
"JAM","Jamaica","America","Upper middle income",1973,9.75146,4.95829,1966700,FALSE
"JAM","Jamaica","America","Upper middle income",1974,10.06677,5.03835,1998030,FALSE
"JAM","Jamaica","America","Upper middle income",1975,8.66787,4.27465,2027740,FALSE
"JAM","Jamaica","America","Upper middle income",1976,7.83506,3.81251,2055090,FALSE
"JAM","Jamaica","America","Upper middle income",1977,8.46022,4.06636,2080540,FALSE
"JAM","Jamaica","America","Upper middle income",1978,8.6228,4.09506,2105660,FALSE
"JAM","Jamaica","America","Upper middle income",1979,8.3439,3.91238,2132690,FALSE
"JAM","Jamaica","America","Upper middle income",1980,8.12018,3.75404,2163050,FALSE
"JAM","Jamaica","America","Upper middle income",1981,8.0246,3.65156,2197580,FALSE
"JAM","Jamaica","America","Upper middle income",1982,7.07241,3.16392,2235330,FALSE
"JAM","Jamaica","America","Upper middle income",1983,7.23619,3.1826,2273670,FALSE
"JAM","Jamaica","America","Upper middle income",1984,6.88592,2.98227,2308950,FALSE
"JAM","Jamaica","America","Upper middle income",1985,6.23549,2.66629,2338640,FALSE
"JAM","Jamaica","America","Upper middle income",1986,6.09463,2.58059,2361720,FALSE
"JAM","Jamaica","America","Upper middle income",1987,6.26872,2.63471,2379280,FALSE
"JAM","Jamaica","America","Upper middle income",1988,6.48075,2.70761,2393530,FALSE
"JAM","Jamaica","America","Upper middle income",1989,7.91414,3.28698,2407720,FALSE
"JAM","Jamaica","America","Upper middle income",1990,9.25034,3.81577,2424240,FALSE
"JAM","Jamaica","America","Upper middle income",1991,9.22555,3.77525,2443690,FALSE
"JAM","Jamaica","America","Upper middle income",1992,10.03382,4.06992,2465360,FALSE
"JAM","Jamaica","America","Upper middle income",1993,10.18531,4.09249,2488780,FALSE
"JAM","Jamaica","America","Upper middle income",1994,10.23591,4.0731,2513050,FALSE
"JAM","Jamaica","America","Upper middle income",1995,10.5794,4.16932,2537440,FALSE
"JAM","Jamaica","America","Upper middle income",1996,10.91636,4.26089,2561990,FALSE
"JAM","Jamaica","America","Upper middle income",1997,11.10288,4.29208,2586830,FALSE
"JAM","Jamaica","America","Upper middle income",1998,11.61886,4.44933,2611370,FALSE
"JAM","Jamaica","America","Upper middle income",1999,11.91162,4.52074,2634880,FALSE
"JAM","Jamaica","America","Upper middle income",2000,11.97971,4.50897,2656860,FALSE
"JAM","Jamaica","America","Upper middle income",2001,12.04735,4.5003,2677010,FALSE
"JAM","Jamaica","America","Upper middle income",2002,12.00462,4.45366,2695450,FALSE
"JAM","Jamaica","America","Upper middle income",2003,12.36696,4.55923,2712510,FALSE
"JAM","Jamaica","America","Upper middle income",2004,12.33166,4.51911,2728780,FALSE
"JAM","Jamaica","America","Upper middle income",2005,12.30662,4.48383,2744670,FALSE
"JAM","Jamaica","America","Upper middle income",2006,13.71489,4.96866,2760280,FALSE
"JAM","Jamaica","America","Upper middle income",2007,13.61361,4.90497,2775470,FALSE
"JAM","Jamaica","America","Upper middle income",2008,11.20796,4.01702,2790120,FALSE
"JAM","Jamaica","America","Upper middle income",2009,9.36137,3.33848,2804080,FALSE
"JAM","Jamaica","America","Upper middle income",2010,8.97438,3.18555,2817210,FALSE
"JAM","Jamaica","America","Upper middle income",2011,8.91374,3.1503,2829490,FALSE
"JAM","Jamaica","America","Upper middle income",2012,8.33258,2.93299,2840990,FALSE
"JAM","Jamaica","America","Upper middle income",2013,8.79971,3.08566,2851810,FALSE
"JAM","Jamaica","America","Upper middle income",2014,8.54208,2.98456,2862090,FALSE
"JAM","Jamaica","America","Upper middle income",2015,8.41767,2.93102,2871930,FALSE
"JAM","Jamaica","America","Upper middle income",2016,8.94401,3.10409,2881360,FALSE
"JAM","Jamaica","America","Upper middle income",2017,8.64482,2.99098,2890300,FALSE
"JAM","Jamaica","America","Upper middle income",2018,10.04983,3.46704,2898677,FALSE
"JAM","Jamaica","America","Upper middle income",2019,9.77078,3.36188,2906339,FALSE
"JAM","Jamaica","America","Upper middle income",2020,7.21943,2.47821,2913160,FALSE
"JAM","Jamaica","America","Upper middle income",2021,7.79072,2.66897,2919000,FALSE
"JAM","Jamaica","America","Upper middle income",2022,8.84444,3.02477,2924000,FALSE
"JAM","Jamaica","America","Upper middle income",2023,9.04243,3.08826,2928000,FALSE
"JAM","Jamaica","America","Upper middle income",2024,9.4247,3.21552,2931000,FALSE
"JOR","Jordan","Asia","Lower middle income",1970,3.56528,2.07415,1718910,FALSE
"JOR","Jordan","Asia","Lower middle income",1971,3.67499,2.03419,1806610,FALSE
"JOR","Jordan","Asia","Lower middle income",1972,3.27845,1.74273,1881210,FALSE
"JOR","Jordan","Asia","Lower middle income",1973,3.64537,1.87362,1945630,FALSE
"JOR","Jordan","Asia","Lower middle income",1974,3.87584,1.93325,2004830,FALSE
"JOR","Jordan","Asia","Lower middle income",1975,4.19996,2.03593,2062920,FALSE
"JOR","Jordan","Asia","Lower middle income",1976,4.78887,2.25882,2120070,FALSE
"JOR","Jordan","Asia","Lower middle income",1977,4.96603,2.28204,2176140,FALSE
"JOR","Jordan","Asia","Lower middle income",1978,5.85415,2.61979,2234590,FALSE
"JOR","Jordan","Asia","Lower middle income",1979,6.25477,2.71987,2299660,FALSE
"JOR","Jordan","Asia","Lower middle income",1980,7.63417,3.21517,2374420,FALSE
"JOR","Jordan","Asia","Lower middle income",1981,8.72831,3.54638,2461190,FALSE
"JOR","Jordan","Asia","Lower middle income",1982,9.24447,3.61151,2559720,FALSE
"JOR","Jordan","Asia","Lower middle income",1983,10.50784,3.93925,2667470,FALSE
"JOR","Jordan","Asia","Lower middle income",1984,11.41236,4.10453,2780430,FALSE
"JOR","Jordan","Asia","Lower middle income",1985,11.76463,4.06238,2895990,FALSE
"JOR","Jordan","Asia","Lower middle income",1986,12.36342,4.10568,3011300,FALSE
"JOR","Jordan","Asia","Lower middle income",1987,13.74989,4.39586,3127920,FALSE
"JOR","Jordan","Asia","Lower middle income",1988,13.44194,4.13259,3252670,FALSE
"JOR","Jordan","Asia","Lower middle income",1989,11.44147,3.37008,3395020,FALSE
"JOR","Jordan","Asia","Lower middle income",1990,12.12093,3.4042,3560580,FALSE
"JOR","Jordan","Asia","Lower middle income",1991,12.43595,3.31322,3753430,FALSE
"JOR","Jordan","Asia","Lower middle income",1992,14.56767,3.6711,3968200,FALSE
"JOR","Jordan","Asia","Lower middle income",1993,15.14841,3.61586,4189430,FALSE
"JOR","Jordan","Asia","Lower middle income",1994,15.68032,3.56699,4395950,FALSE
"JOR","Jordan","Asia","Lower middle income",1995,16.65176,3.6414,4572900,FALSE
"JOR","Jordan","Asia","Lower middle income",1996,17.00035,3.60454,4716370,FALSE
"JOR","Jordan","Asia","Lower middle income",1997,17.55054,3.63195,4832270,FALSE
"JOR","Jordan","Asia","Lower middle income",1998,17.86547,3.62536,4927910,FALSE
"JOR","Jordan","Asia","Lower middle income",1999,18.01771,3.59283,5014900,FALSE
"JOR","Jordan","Asia","Lower middle income",2000,19.70469,3.8613,5103130,FALSE
"JOR","Jordan","Asia","Lower middle income",2001,19.93074,3.83765,5193480,FALSE
"JOR","Jordan","Asia","Lower middle income",2002,20.86006,3.94517,5287490,FALSE
"JOR","Jordan","Asia","Lower middle income",2003,21.52128,3.98781,5396770,FALSE
"JOR","Jordan","Asia","Lower middle income",2004,23.1108,4.17494,5535600,FALSE
"JOR","Jordan","Asia","Lower middle income",2005,24.76544,4.33409,5714110,FALSE
"JOR","Jordan","Asia","Lower middle income",2006,25.14123,4.23665,5934230,FALSE
"JOR","Jordan","Asia","Lower middle income",2007,26.23897,4.23675,6193190,FALSE
"JOR","Jordan","Asia","Lower middle income",2008,25.91252,3.99279,6489820,FALSE
"JOR","Jordan","Asia","Lower middle income",2009,26.43525,3.8755,6821120,FALSE
"JOR","Jordan","Asia","Lower middle income",2010,26.14567,3.64025,7182390,FALSE
"JOR","Jordan","Asia","Lower middle income",2011,26.94864,3.5576,7574940,FALSE
"JOR","Jordan","Asia","Lower middle income",2012,30.74187,3.84631,7992570,FALSE
"JOR","Jordan","Asia","Lower middle income",2013,30.46556,3.62105,8413460,FALSE
"JOR","Jordan","Asia","Lower middle income",2014,32.61216,3.70201,8809310,FALSE
"JOR","Jordan","Asia","Lower middle income",2015,32.65366,3.56508,9159300,FALSE
"JOR","Jordan","Asia","Lower middle income",2016,32.83405,3.47237,9455800,FALSE
"JOR","Jordan","Asia","Lower middle income",2017,34.3792,3.54339,9702350,FALSE
"JOR","Jordan","Asia","Lower middle income",2018,33.37248,3.36966,9903802,FALSE
"JOR","Jordan","Asia","Lower middle income",2019,31.89916,3.16781,10069794,FALSE
"JOR","Jordan","Asia","Lower middle income",2020,29.99869,2.93855,10208662,FALSE
"JOR","Jordan","Asia","Lower middle income",2021,31.3062,3.03355,10320000,FALSE
"JOR","Jordan","Asia","Lower middle income",2022,33.3384,3.20407,10405000,FALSE
"JOR","Jordan","Asia","Lower middle income",2023,34.40068,3.28439,10474000,FALSE
"JOR","Jordan","Asia","Lower middle income",2024,34.85573,3.30762,10538000,FALSE
"JPN","Japan","Asia","High income",1970,979.60993,9.3362,104926000,FALSE
"JPN","Japan","Asia","High income",1971,972.55746,9.13843,106425000,FALSE
"JPN","Japan","Asia","High income",1972,1018.10854,9.42894,107977000,FALSE
"JPN","Japan","Asia","High income",1973,1133.04106,10.34429,109533000,FALSE
"JPN","Japan","Asia","High income",1974,1127.99223,10.15935,111030000,FALSE
"JPN","Japan","Asia","High income",1975,1070.99444,9.52647,112423000,FALSE
"JPN","Japan","Asia","High income",1976,1107.01265,9.73712,113690000,FALSE
"JPN","Japan","Asia","High income",1977,1137.19136,9.90248,114839000,FALSE
"JPN","Japan","Asia","High income",1978,1134.37432,9.78837,115890000,FALSE
"JPN","Japan","Asia","High income",1979,1161.28655,9.93589,116878000,FALSE
"JPN","Japan","Asia","High income",1980,1132.57906,9.61222,117827000,FALSE
"JPN","Japan","Asia","High income",1981,1108.20772,9.33283,118743000,FALSE
"JPN","Japan","Asia","High income",1982,1066.55,8.91645,119616000,FALSE
"JPN","Japan","Asia","High income",1983,1071.02315,8.89273,120438000,FALSE
"JPN","Japan","Asia","High income",1984,1145.40726,9.45055,121200000,FALSE
"JPN","Japan","Asia","High income",1985,1118.18139,9.17339,121894000,FALSE
"JPN","Japan","Asia","High income",1986,1114.97737,9.10037,122520000,FALSE
"JPN","Japan","Asia","High income",1987,1118.99706,9.0914,123083000,FALSE
"JPN","Japan","Asia","High income",1988,1194.01449,9.6607,123595000,FALSE
"JPN","Japan","Asia","High income",1989,1225.82393,9.88018,124069000,FALSE
"JPN","Japan","Asia","High income",1990,1295.8448,10.40705,124516000,FALSE
"JPN","Japan","Asia","High income",1991,1310.27375,10.48722,124940000,FALSE
"JPN","Japan","Asia","High income",1992,1320.99887,10.53924,125341000,FALSE
"JPN","Japan","Asia","High income",1993,1317.02895,10.47606,125718000,FALSE
"JPN","Japan","Asia","High income",1994,1380.29473,10.94925,126063000,FALSE
"JPN","Japan","Asia","High income",1995,1399.29753,11.07258,126375000,FALSE
"JPN","Japan","Asia","High income",1996,1414.67493,11.1696,126654000,FALSE
"JPN","Japan","Asia","High income",1997,1396.83476,11.00711,126903000,FALSE
"JPN","Japan","Asia","High income",1998,1342.21027,10.55803,127127000,FALSE
"JPN","Japan","Asia","High income",1999,1373.2727,10.78464,127336000,FALSE
"JPN","Japan","Asia","High income",2000,1377.7822,10.80325,127534000,FALSE
"JPN","Japan","Asia","High income",2001,1356.37299,10.61956,127724000,FALSE
"JPN","Japan","Asia","High income",2002,1384.75516,10.8266,127903000,FALSE
"JPN","Japan","Asia","High income",2003,1389.21923,10.84751,128068000,FALSE
"JPN","Japan","Asia","High income",2004,1380.39056,10.7663,128214000,FALSE
"JPN","Japan","Asia","High income",2005,1389.60474,10.82786,128336000,FALSE
"JPN","Japan","Asia","High income",2006,1359.71263,10.58694,128433000,FALSE
"JPN","Japan","Asia","High income",2007,1393.90898,10.84712,128505000,FALSE
"JPN","Japan","Asia","High income",2008,1319.317,10.26299,128551000,FALSE
"JPN","Japan","Asia","High income",2009,1250.64566,9.72758,128567000,FALSE
"JPN","Japan","Asia","High income",2010,1313.16017,10.21501,128552000,FALSE
"JPN","Japan","Asia","High income",2011,1363.17982,10.60799,128505000,FALSE
"JPN","Japan","Asia","High income",2012,1401.34179,10.91167,128426000,FALSE
"JPN","Japan","Asia","High income",2013,1417.74058,11.04908,128313000,FALSE
"JPN","Japan","Asia","High income",2014,1366.66742,10.66351,128163000,FALSE
"JPN","Japan","Asia","High income",2015,1324.42255,10.34907,127975000,FALSE
"JPN","Japan","Asia","High income",2016,1320.9354,10.34008,127749000,FALSE
"JPN","Japan","Asia","High income",2017,1305.69041,10.24199,127484000,FALSE
"JPN","Japan","Asia","High income",2018,1254.59842,9.86433,127185332,FALSE
"JPN","Japan","Asia","High income",2019,1215.14084,9.57899,126854745,FALSE
"JPN","Japan","Asia","High income",2020,1151.06766,9.09966,126495647,FALSE
"JPN","Japan","Asia","High income",2021,1172.12515,9.29454,126109000,FALSE
"JPN","Japan","Asia","High income",2022,1142.30462,9.08776,125697000,FALSE
"JPN","Japan","Asia","High income",2023,1094.02425,8.73417,125258000,FALSE
"JPN","Japan","Asia","High income",2024,1063.33585,8.52059,124796000,FALSE
"KAZ","Kazakhstan","Asia","Upper middle income",1970,262.37854,20.01362,13110000,FALSE
"KAZ","Kazakhstan","Asia","Upper middle income",1971,263.15239,19.74922,13324700,FALSE
"KAZ","Kazakhstan","Asia","Upper middle income",1972,276.56417,20.42768,13538700,FALSE
"KAZ","Kazakhstan","Asia","Upper middle income",1973,292.03671,21.24166,13748300,FALSE
"KAZ","Kazakhstan","Asia","Upper middle income",1974,300.8672,21.57249,13946800,FALSE
"KAZ","Kazakhstan","Asia","Upper middle income",1975,312.1538,22.09141,14130100,FALSE
"KAZ","Kazakhstan","Asia","Upper middle income",1976,320.28959,22.40289,14296800,FALSE
"KAZ","Kazakhstan","Asia","Upper middle income",1977,323.34613,22.37612,14450500,FALSE
"KAZ","Kazakhstan","Asia","Upper middle income",1978,337.07173,23.09058,14597800,FALSE
"KAZ","Kazakhstan","Asia","Upper middle income",1979,341.57162,23.16117,14747600,FALSE
"KAZ","Kazakhstan","Asia","Upper middle income",1980,349.4122,23.4412,14905900,FALSE
"KAZ","Kazakhstan","Asia","Upper middle income",1981,333.31456,22.11423,15072400,FALSE
"KAZ","Kazakhstan","Asia","Upper middle income",1982,323.33129,21.2104,15244000,FALSE
"KAZ","Kazakhstan","Asia","Upper middle income",1983,318.31532,20.64141,15421200,FALSE
"KAZ","Kazakhstan","Asia","Upper middle income",1984,315.04733,20.19055,15603700,FALSE
"KAZ","Kazakhstan","Asia","Upper middle income",1985,303.7926,19.24029,15789400,FALSE
"KAZ","Kazakhstan","Asia","Upper middle income",1986,305.38619,19.10933,15981000,FALSE
"KAZ","Kazakhstan","Asia","Upper middle income",1987,321.08338,19.85293,16173100,FALSE
"KAZ","Kazakhstan","Asia","Upper middle income",1988,328.74282,20.11127,16346200,FALSE
"KAZ","Kazakhstan","Asia","Upper middle income",1989,327.70027,19.89124,16474600,FALSE
"KAZ","Kazakhstan","Asia","Upper middle income",1990,342.26789,20.69297,16540300,FALSE
"KAZ","Kazakhstan","Asia","Upper middle income",1991,348.41237,21.06483,16540000,FALSE
"KAZ","Kazakhstan","Asia","Upper middle income",1992,352.7858,21.40548,16481100,FALSE
"KAZ","Kazakhstan","Asia","Upper middle income",1993,307.34511,18.7749,16370000,FALSE
"KAZ","Kazakhstan","Asia","Upper middle income",1994,273.84482,16.88576,16217500,FALSE
"KAZ","Kazakhstan","Asia","Upper middle income",1995,237.16236,14.79029,16035000,FALSE
"KAZ","Kazakhstan","Asia","Upper middle income",1996,208.19163,13.15953,15820600,FALSE
"KAZ","Kazakhstan","Asia","Upper middle income",1997,181.0356,11.6184,15581800,FALSE
"KAZ","Kazakhstan","Asia","Upper middle income",1998,180.59998,11.76555,15349900,FALSE
"KAZ","Kazakhstan","Asia","Upper middle income",1999,165.69197,10.92551,15165600,FALSE
"KAZ","Kazakhstan","Asia","Upper middle income",2000,172.30846,11.44344,15057400,FALSE
"KAZ","Kazakhstan","Asia","Upper middle income",2001,171.78019,11.42155,15040000,FALSE
"KAZ","Kazakhstan","Asia","Upper middle income",2002,187.75782,12.42968,15105600,FALSE
"KAZ","Kazakhstan","Asia","Upper middle income",2003,207.63155,13.631,15232300,FALSE
"KAZ","Kazakhstan","Asia","Upper middle income",2004,222.28944,14.44761,15385900,FALSE
"KAZ","Kazakhstan","Asia","Upper middle income",2005,237.25635,15.26599,15541500,FALSE
"KAZ","Kazakhstan","Asia","Upper middle income",2006,263.57289,16.79782,15690900,FALSE
"KAZ","Kazakhstan","Asia","Upper middle income",2007,274.77579,17.34542,15841400,FALSE
"KAZ","Kazakhstan","Asia","Upper middle income",2008,308.17722,19.25963,16001200,FALSE
"KAZ","Kazakhstan","Asia","Upper middle income",2009,283.78723,17.53483,16184200,FALSE
"KAZ","Kazakhstan","Asia","Upper middle income",2010,304.0154,18.53865,16399000,FALSE
"KAZ","Kazakhstan","Asia","Upper middle income",2011,327.49021,19.67215,16647400,FALSE
"KAZ","Kazakhstan","Asia","Upper middle income",2012,322.81885,19.07778,16921200,FALSE
"KAZ","Kazakhstan","Asia","Upper middle income",2013,340.3623,19.78011,17207300,FALSE
"KAZ","Kazakhstan","Asia","Upper middle income",2014,298.21903,17.05298,17487800,FALSE
"KAZ","Kazakhstan","Asia","Upper middle income",2015,262.97362,14.81575,17749600,FALSE
"KAZ","Kazakhstan","Asia","Upper middle income",2016,278.61229,15.48904,17987700,FALSE
"KAZ","Kazakhstan","Asia","Upper middle income",2017,293.31927,16.11246,18204500,FALSE
"KAZ","Kazakhstan","Asia","Upper middle income",2018,298.67948,16.22918,18403860,FALSE
"KAZ","Kazakhstan","Asia","Upper middle income",2019,288.13375,15.49692,18592970,FALSE
"KAZ","Kazakhstan","Asia","Upper middle income",2020,296.35282,15.78264,18777139,FALSE
"KAZ","Kazakhstan","Asia","Upper middle income",2021,315.64382,16.65052,18957000,FALSE
"KAZ","Kazakhstan","Asia","Upper middle income",2022,322.93218,16.88005,19131000,FALSE
"KAZ","Kazakhstan","Asia","Upper middle income",2023,326.86289,16.93853,19297000,FALSE
"KAZ","Kazakhstan","Asia","Upper middle income",2024,330.39335,16.98069,19457000,FALSE
"KEN","Kenya","Africa","Lower middle income",1970,22.93453,2.03817,11252500,FALSE
"KEN","Kenya","Africa","Lower middle income",1971,23.36333,2.00415,11657500,FALSE
"KEN","Kenya","Africa","Lower middle income",1972,24.04172,1.98968,12083200,FALSE
"KEN","Kenya","Africa","Lower middle income",1973,24.42194,1.94909,12529900,FALSE
"KEN","Kenya","Africa","Lower middle income",1974,24.74504,1.90382,12997600,FALSE
"KEN","Kenya","Africa","Lower middle income",1975,24.98802,1.8528,13486600,FALSE
"KEN","Kenya","Africa","Lower middle income",1976,25.37006,1.81257,13996700,FALSE
"KEN","Kenya","Africa","Lower middle income",1977,26.14097,1.79931,14528300,FALSE
"KEN","Kenya","Africa","Lower middle income",1978,27.75459,1.84012,15083000,FALSE
"KEN","Kenya","Africa","Lower middle income",1979,29.54416,1.88625,15662900,FALSE
"KEN","Kenya","Africa","Lower middle income",1980,28.14732,1.73012,16269000,FALSE
"KEN","Kenya","Africa","Lower middle income",1981,27.94551,1.65341,16901700,FALSE
"KEN","Kenya","Africa","Lower middle income",1982,29.6475,1.68841,17559400,FALSE
"KEN","Kenya","Africa","Lower middle income",1983,31.76712,1.74168,18239400,FALSE
"KEN","Kenya","Africa","Lower middle income",1984,33.34421,1.76073,18937700,FALSE
"KEN","Kenya","Africa","Lower middle income",1985,33.27007,1.69303,19651200,FALSE
"KEN","Kenya","Africa","Lower middle income",1986,34.46415,1.69119,20378600,FALSE
"KEN","Kenya","Africa","Lower middle income",1987,34.79035,1.64733,21119300,FALSE
"KEN","Kenya","Africa","Lower middle income",1988,36.62133,1.67439,21871400,FALSE
"KEN","Kenya","Africa","Lower middle income",1989,38.00145,1.67903,22633000,FALSE
"KEN","Kenya","Africa","Lower middle income",1990,38.4578,1.64332,23402500,FALSE
"KEN","Kenya","Africa","Lower middle income",1991,37.60481,1.55523,24179600,FALSE
"KEN","Kenya","Africa","Lower middle income",1992,38.0086,1.52254,24964000,FALSE
"KEN","Kenya","Africa","Lower middle income",1993,38.40245,1.49112,25754100,FALSE
"KEN","Kenya","Africa","Lower middle income",1994,38.94997,1.46713,26548500,FALSE
"KEN","Kenya","Africa","Lower middle income",1995,39.57481,1.44716,27346500,FALSE
"KEN","Kenya","Africa","Lower middle income",1996,38.73568,1.37616,28147700,FALSE
"KEN","Kenya","Africa","Lower middle income",1997,38.65409,1.33501,28954100,FALSE
"KEN","Kenya","Africa","Lower middle income",1998,39.63029,1.33122,29769800,FALSE
"KEN","Kenya","Africa","Lower middle income",1999,42.41081,1.38596,30600400,FALSE
"KEN","Kenya","Africa","Lower middle income",2000,41.38385,1.31584,31450500,FALSE
"KEN","Kenya","Africa","Lower middle income",2001,42.31241,1.30911,32321500,FALSE
"KEN","Kenya","Africa","Lower middle income",2002,44.70827,1.34607,33214000,FALSE
"KEN","Kenya","Africa","Lower middle income",2003,46.04064,1.34894,34130900,FALSE
"KEN","Kenya","Africa","Lower middle income",2004,50.41101,1.43724,35074900,FALSE
"KEN","Kenya","Africa","Lower middle income",2005,52.89814,1.46742,36048300,FALSE
"KEN","Kenya","Africa","Lower middle income",2006,51.63241,1.39351,37052100,FALSE
"KEN","Kenya","Africa","Lower middle income",2007,71.43486,1.87562,38085900,FALSE
"KEN","Kenya","Africa","Lower middle income",2008,76.17889,1.9459,39148400,FALSE
"KEN","Kenya","Africa","Lower middle income",2009,75.15352,1.86776,40237200,FALSE
"KEN","Kenya","Africa","Lower middle income",2010,78.73764,1.90417,41350200,FALSE
"KEN","Kenya","Africa","Lower middle income",2011,79.54362,1.8722,42486800,FALSE
"KEN","Kenya","Africa","Lower middle income",2012,77.93686,1.78563,43646600,FALSE
"KEN","Kenya","Africa","Lower middle income",2013,77.88101,1.73738,44826800,FALSE
"KEN","Kenya","Africa","Lower middle income",2014,79.97004,1.73757,46024200,FALSE
"KEN","Kenya","Africa","Lower middle income",2015,82.13336,1.73878,47236300,FALSE
"KEN","Kenya","Africa","Lower middle income",2016,88.43776,1.8249,48461600,FALSE
"KEN","Kenya","Africa","Lower middle income",2017,85.54451,1.72122,49699900,FALSE
"KEN","Kenya","Africa","Lower middle income",2018,88.43542,1.7357,50950879,FALSE
"KEN","Kenya","Africa","Lower middle income",2019,97.22021,1.86193,52214791,FALSE
"KEN","Kenya","Africa","Lower middle income",2020,108.57716,2.02979,53491697,FALSE
"KEN","Kenya","Africa","Lower middle income",2021,102.16019,1.86488,54781000,FALSE
"KEN","Kenya","Africa","Lower middle income",2022,105.15515,1.87502,56082000,FALSE
"KEN","Kenya","Africa","Lower middle income",2023,100.57605,1.75235,57395000,FALSE
"KEN","Kenya","Africa","Lower middle income",2024,102.83615,1.75124,58722000,FALSE
"KGZ","Kyrgyzstan","Asia","Lower middle income",1970,22.9885,7.7406,2969860,FALSE
"KGZ","Kyrgyzstan","Asia","Lower middle income",1971,23.3352,7.67663,3039770,FALSE
"KGZ","Kyrgyzstan","Asia","Lower middle income",1972,24.48368,7.8839,3105530,FALSE
"KGZ","Kyrgyzstan","Asia","Lower middle income",1973,25.47901,8.04188,3168290,FALSE
"KGZ","Kyrgyzstan","Asia","Lower middle income",1974,26.47438,8.19719,3229690,FALSE
"KGZ","Kyrgyzstan","Asia","Lower middle income",1975,27.73455,8.42719,3291080,FALSE
"KGZ","Kyrgyzstan","Asia","Lower middle income",1976,28.44662,8.48489,3352620,FALSE
"KGZ","Kyrgyzstan","Asia","Lower middle income",1977,29.01921,8.49926,3414320,FALSE
"KGZ","Kyrgyzstan","Asia","Lower middle income",1978,30.15684,8.67266,3477230,FALSE
"KGZ","Kyrgyzstan","Asia","Lower middle income",1979,30.79767,8.69372,3542520,FALSE
"KGZ","Kyrgyzstan","Asia","Lower middle income",1980,32.00506,8.86326,3610980,FALSE
"KGZ","Kyrgyzstan","Asia","Lower middle income",1981,31.03798,8.42812,3682670,FALSE
"KGZ","Kyrgyzstan","Asia","Lower middle income",1982,29.99456,7.98326,3757180,FALSE
"KGZ","Kyrgyzstan","Asia","Lower middle income",1983,28.99464,7.56217,3834170,FALSE
"KGZ","Kyrgyzstan","Asia","Lower middle income",1984,28.20713,7.20846,3913060,FALSE
"KGZ","Kyrgyzstan","Asia","Lower middle income",1985,27.68746,6.93381,3993110,FALSE
"KGZ","Kyrgyzstan","Asia","Lower middle income",1986,27.65643,6.78654,4075190,FALSE
"KGZ","Kyrgyzstan","Asia","Lower middle income",1987,29.512,7.0966,4158610,FALSE
"KGZ","Kyrgyzstan","Asia","Lower middle income",1988,30.15206,7.11251,4239300,FALSE
"KGZ","Kyrgyzstan","Asia","Lower middle income",1989,30.22252,7.00914,4311870,FALSE
"KGZ","Kyrgyzstan","Asia","Lower middle income",1990,33.36735,7.6305,4372890,FALSE
"KGZ","Kyrgyzstan","Asia","Lower middle income",1991,30.62821,6.93004,4419630,FALSE
"KGZ","Kyrgyzstan","Asia","Lower middle income",1992,22.63731,5.08225,4454190,FALSE
"KGZ","Kyrgyzstan","Asia","Lower middle income",1993,18.2517,4.07055,4483840,FALSE
"KGZ","Kyrgyzstan","Asia","Lower middle income",1994,13.73781,3.04015,4518800,FALSE
"KGZ","Kyrgyzstan","Asia","Lower middle income",1995,10.53441,2.3071,4566090,FALSE
"KGZ","Kyrgyzstan","Asia","Lower middle income",1996,11.3394,2.44943,4629400,FALSE
"KGZ","Kyrgyzstan","Asia","Lower middle income",1997,11.71539,2.48965,4705640,FALSE
"KGZ","Kyrgyzstan","Asia","Lower middle income",1998,12.08749,2.52519,4786770,FALSE
"KGZ","Kyrgyzstan","Asia","Lower middle income",1999,10.932,2.24886,4861130,FALSE
"KGZ","Kyrgyzstan","Asia","Lower middle income",2000,10.89848,2.21481,4920720,FALSE
"KGZ","Kyrgyzstan","Asia","Lower middle income",2001,10.07893,2.03098,4962590,FALSE
"KGZ","Kyrgyzstan","Asia","Lower middle income",2002,11.1678,2.23773,4990690,FALSE
"KGZ","Kyrgyzstan","Asia","Lower middle income",2003,11.85373,2.36494,5012270,FALSE
"KGZ","Kyrgyzstan","Asia","Lower middle income",2004,11.79825,2.34188,5037930,FALSE
"KGZ","Kyrgyzstan","Asia","Lower middle income",2005,11.8947,2.34361,5075380,FALSE
"KGZ","Kyrgyzstan","Asia","Lower middle income",2006,11.99013,2.33875,5126730,FALSE
"KGZ","Kyrgyzstan","Asia","Lower middle income",2007,13.34605,2.57163,5189720,FALSE
"KGZ","Kyrgyzstan","Asia","Lower middle income",2008,14.73948,2.80096,5262290,FALSE
"KGZ","Kyrgyzstan","Asia","Lower middle income",2009,14.63108,2.7395,5340780,FALSE
"KGZ","Kyrgyzstan","Asia","Lower middle income",2010,14.35763,2.64787,5422340,FALSE
"KGZ","Kyrgyzstan","Asia","Lower middle income",2011,16.40211,2.97863,5506600,FALSE
"KGZ","Kyrgyzstan","Asia","Lower middle income",2012,18.59149,3.32341,5594110,FALSE
"KGZ","Kyrgyzstan","Asia","Lower middle income",2013,18.50212,3.25523,5683810,FALSE
"KGZ","Kyrgyzstan","Asia","Lower middle income",2014,19.40057,3.35966,5774570,FALSE
"KGZ","Kyrgyzstan","Asia","Lower middle income",2015,19.87099,3.38783,5865400,FALSE
"KGZ","Kyrgyzstan","Asia","Lower middle income",2016,19.63105,3.29616,5955730,FALSE
"KGZ","Kyrgyzstan","Asia","Lower middle income",2017,19.9968,3.30792,6045120,FALSE
"KGZ","Kyrgyzstan","Asia","Lower middle income",2018,22.12914,3.60825,6132932,FALSE
"KGZ","Kyrgyzstan","Asia","Lower middle income",2019,21.22575,3.41326,6218616,FALSE
"KGZ","Kyrgyzstan","Asia","Lower middle income",2020,20.3994,3.23712,6301718,FALSE
"KGZ","Kyrgyzstan","Asia","Lower middle income",2021,21.829,3.4204,6382000,FALSE
"KGZ","Kyrgyzstan","Asia","Lower middle income",2022,21.95345,3.39889,6459000,FALSE
"KGZ","Kyrgyzstan","Asia","Lower middle income",2023,21.71711,3.32371,6534000,FALSE
"KGZ","Kyrgyzstan","Asia","Lower middle income",2024,22.36896,3.38667,6605000,FALSE
"KHM","Cambodia","Asia","Lower middle income",1970,16.42984,2.34885,6994850,FALSE
"KHM","Cambodia","Asia","Lower middle income",1971,13.82345,1.93667,7137750,FALSE
"KHM","Cambodia","Asia","Lower middle income",1972,11.66211,1.59752,7300150,FALSE
"KHM","Cambodia","Asia","Lower middle income",1973,9.26659,1.24429,7447280,FALSE
"KHM","Cambodia","Asia","Lower middle income",1974,7.87761,1.04597,7531420,FALSE
"KHM","Cambodia","Asia","Lower middle income",1975,8.00616,1.06428,7522590,FALSE
"KHM","Cambodia","Asia","Lower middle income",1976,6.99346,0.9447,7402870,FALSE
"KHM","Cambodia","Asia","Lower middle income",1977,6.36755,0.88509,7194280,FALSE
"KHM","Cambodia","Asia","Lower middle income",1978,6.15998,0.88562,6955570,FALSE
"KHM","Cambodia","Asia","Lower middle income",1979,5.60673,0.82833,6768720,FALSE
"KHM","Cambodia","Asia","Lower middle income",1980,7.8467,1.17253,6692110,FALSE
"KHM","Cambodia","Asia","Lower middle income",1981,7.65818,1.13485,6748190,FALSE
"KHM","Cambodia","Asia","Lower middle income",1982,10.11002,1.46139,6918100,FALSE
"KHM","Cambodia","Asia","Lower middle income",1983,10.4892,1.46329,7168240,FALSE
"KHM","Cambodia","Asia","Lower middle income",1984,9.01087,1.21016,7446020,FALSE
"KHM","Cambodia","Asia","Lower middle income",1985,10.75655,1.3946,7712980,FALSE
"KHM","Cambodia","Asia","Lower middle income",1986,11.73646,1.47462,7958980,FALSE
"KHM","Cambodia","Asia","Lower middle income",1987,11.54675,1.40882,8196040,FALSE
"KHM","Cambodia","Asia","Lower middle income",1988,13.24426,1.57038,8433800,FALSE
"KHM","Cambodia","Asia","Lower middle income",1989,14.30577,1.64639,8689150,FALSE
"KHM","Cambodia","Asia","Lower middle income",1990,14.57703,1.62448,8973340,FALSE
"KHM","Cambodia","Asia","Lower middle income",1991,14.54722,1.56641,9286980,FALSE
"KHM","Cambodia","Asia","Lower middle income",1992,14.91033,1.54969,9621500,FALSE
"KHM","Cambodia","Asia","Lower middle income",1993,15.36771,1.54166,9968270,FALSE
"KHM","Cambodia","Asia","Lower middle income",1994,14.82375,1.43705,10315400,FALSE
"KHM","Cambodia","Asia","Lower middle income",1995,19.009,1.78428,10653600,FALSE
"KHM","Cambodia","Asia","Lower middle income",1996,19.14678,1.74374,10980300,FALSE
"KHM","Cambodia","Asia","Lower middle income",1997,19.49359,1.72572,11295900,FALSE
"KHM","Cambodia","Asia","Lower middle income",1998,19.66768,1.69583,11597700,FALSE
"KHM","Cambodia","Asia","Lower middle income",1999,20.37008,1.71413,11883600,FALSE
"KHM","Cambodia","Asia","Lower middle income",2000,20.45154,1.68292,12152400,FALSE
"KHM","Cambodia","Asia","Lower middle income",2001,21.00601,1.69369,12402500,FALSE
"KHM","Cambodia","Asia","Lower middle income",2002,20.89292,1.65361,12634700,FALSE
"KHM","Cambodia","Asia","Lower middle income",2003,22.87112,1.77942,12853100,FALSE
"KHM","Cambodia","Asia","Lower middle income",2004,22.3969,1.71448,13063400,FALSE
"KHM","Cambodia","Asia","Lower middle income",2005,25.14851,1.89511,13270200,FALSE
"KHM","Cambodia","Asia","Lower middle income",2006,26.59886,1.97401,13474500,FALSE
"KHM","Cambodia","Asia","Lower middle income",2007,27.87343,2.03802,13676700,FALSE
"KHM","Cambodia","Asia","Lower middle income",2008,28.79266,2.07432,13880500,FALSE
"KHM","Cambodia","Asia","Lower middle income",2009,30.30855,2.15104,14090200,FALSE
"KHM","Cambodia","Asia","Lower middle income",2010,30.97331,2.16465,14308700,FALSE
"KHM","Cambodia","Asia","Lower middle income",2011,32.13909,2.21071,14537900,FALSE
"KHM","Cambodia","Asia","Lower middle income",2012,32.00271,2.16573,14776900,FALSE
"KHM","Cambodia","Asia","Lower middle income",2013,31.9833,2.129,15022700,FALSE
"KHM","Cambodia","Asia","Lower middle income",2014,33.40224,2.18733,15270800,FALSE
"KHM","Cambodia","Asia","Lower middle income",2015,35.1735,2.26668,15517600,FALSE
"KHM","Cambodia","Asia","Lower middle income",2016,37.8724,2.40271,15762400,FALSE
"KHM","Cambodia","Asia","Lower middle income",2017,39.82006,2.48791,16005400,FALSE
"KHM","Cambodia","Asia","Lower middle income",2018,40.68672,2.50446,16245729,FALSE
"KHM","Cambodia","Asia","Lower middle income",2019,44.00072,2.66952,16482646,FALSE
"KHM","Cambodia","Asia","Lower middle income",2020,46.95691,2.80918,16715508,FALSE
"KHM","Cambodia","Asia","Lower middle income",2021,48.33693,2.85275,16944000,FALSE
"KHM","Cambodia","Asia","Lower middle income",2022,47.10422,2.74388,17167000,FALSE
"KHM","Cambodia","Asia","Lower middle income",2023,48.9818,2.81747,17385000,FALSE
"KHM","Cambodia","Asia","Lower middle income",2024,49.83475,2.83168,17599000,FALSE
"KIR","Kiribati","Oceania","Lower middle income",1970,0.02776,0.54243,51178,FALSE
"KIR","Kiribati","Oceania","Lower middle income",1971,0.02834,0.5447,52025,FALSE
"KIR","Kiribati","Oceania","Lower middle income",1972,0.02998,0.5676,52824,FALSE
"KIR","Kiribati","Oceania","Lower middle income",1973,0.03448,0.64331,53604,FALSE
"KIR","Kiribati","Oceania","Lower middle income",1974,0.04036,0.74222,54380,FALSE
"KIR","Kiribati","Oceania","Lower middle income",1975,0.03559,0.64508,55169,FALSE
"KIR","Kiribati","Oceania","Lower middle income",1976,0.03556,0.63528,55977,FALSE
"KIR","Kiribati","Oceania","Lower middle income",1977,0.03729,0.65642,56810,FALSE
"KIR","Kiribati","Oceania","Lower middle income",1978,0.0374,0.64866,57662,FALSE
"KIR","Kiribati","Oceania","Lower middle income",1979,0.03967,0.678,58506,FALSE
"KIR","Kiribati","Oceania","Lower middle income",1980,0.04215,0.71036,59339,FALSE
"KIR","Kiribati","Oceania","Lower middle income",1981,0.04202,0.69882,60133,FALSE
"KIR","Kiribati","Oceania","Lower middle income",1982,0.04188,0.68745,60920,FALSE
"KIR","Kiribati","Oceania","Lower middle income",1983,0.04179,0.67664,61768,FALSE
"KIR","Kiribati","Oceania","Lower middle income",1984,0.02621,0.41752,62765,FALSE
"KIR","Kiribati","Oceania","Lower middle income",1985,0.02787,0.43543,64003,FALSE
"KIR","Kiribati","Oceania","Lower middle income",1986,0.02673,0.40803,65518,FALSE
"KIR","Kiribati","Oceania","Lower middle income",1987,0.03137,0.46643,67261,FALSE
"KIR","Kiribati","Oceania","Lower middle income",1988,0.03174,0.45928,69098,FALSE
"KIR","Kiribati","Oceania","Lower middle income",1989,0.03145,0.44379,70860,FALSE
"KIR","Kiribati","Oceania","Lower middle income",1990,0.03307,0.45663,72412,FALSE
"KIR","Kiribati","Oceania","Lower middle income",1991,0.0335,0.45461,73700,FALSE
"KIR","Kiribati","Oceania","Lower middle income",1992,0.03531,0.47223,74769,FALSE
"KIR","Kiribati","Oceania","Lower middle income",1993,0.03575,0.47218,75719,FALSE
"KIR","Kiribati","Oceania","Lower middle income",1994,0.03651,0.47617,76671,FALSE
"KIR","Kiribati","Oceania","Lower middle income",1995,0.03484,0.44826,77730,FALSE
"KIR","Kiribati","Oceania","Lower middle income",1996,0.03545,0.44927,78907,FALSE
"KIR","Kiribati","Oceania","Lower middle income",1997,0.03637,0.45356,80184,FALSE
"KIR","Kiribati","Oceania","Lower middle income",1998,0.03739,0.45855,81550,FALSE
"KIR","Kiribati","Oceania","Lower middle income",1999,0.03771,0.45451,82966,FALSE
"KIR","Kiribati","Oceania","Lower middle income",2000,0.05216,0.61798,84406,FALSE
"KIR","Kiribati","Oceania","Lower middle income",2001,0.04928,0.57396,85858,FALSE
"KIR","Kiribati","Oceania","Lower middle income",2002,0.06444,0.73781,87343,FALSE
"KIR","Kiribati","Oceania","Lower middle income",2003,0.06634,0.74622,88895,FALSE
"KIR","Kiribati","Oceania","Lower middle income",2004,0.06842,0.75572,90542,FALSE
"KIR","Kiribati","Oceania","Lower middle income",2005,0.0844,0.91421,92325,FALSE
"KIR","Kiribati","Oceania","Lower middle income",2006,0.08947,0.94917,94260,FALSE
"KIR","Kiribati","Oceania","Lower middle income",2007,0.0856,0.88882,96311,FALSE
"KIR","Kiribati","Oceania","Lower middle income",2008,0.09333,0.94804,98440,FALSE
"KIR","Kiribati","Oceania","Lower middle income",2009,0.08294,0.82476,100568,FALSE
"KIR","Kiribati","Oceania","Lower middle income",2010,0.08657,0.84338,102652,FALSE
"KIR","Kiribati","Oceania","Lower middle income",2011,0.08289,0.79198,104656,FALSE
"KIR","Kiribati","Oceania","Lower middle income",2012,0.08238,0.77267,106613,FALSE
"KIR","Kiribati","Oceania","Lower middle income",2013,0.0872,0.80344,108535,FALSE
"KIR","Kiribati","Oceania","Lower middle income",2014,0.08825,0.79894,110458,FALSE
"KIR","Kiribati","Oceania","Lower middle income",2015,0.09066,0.80651,112407,FALSE
"KIR","Kiribati","Oceania","Lower middle income",2016,0.09701,0.84801,114395,FALSE
"KIR","Kiribati","Oceania","Lower middle income",2017,0.09884,0.84912,116398,FALSE
"KIR","Kiribati","Oceania","Lower middle income",2018,0.10632,0.8979,118414,FALSE
"KIR","Kiribati","Oceania","Lower middle income",2019,0.10738,0.89166,120428,FALSE
"KIR","Kiribati","Oceania","Lower middle income",2020,0.10587,0.86465,122439,FALSE
"KIR","Kiribati","Oceania","Lower middle income",2021,0.11377,0.91747,124000,FALSE
"KIR","Kiribati","Oceania","Lower middle income",2022,0.10995,0.87258,126000,FALSE
"KIR","Kiribati","Oceania","Lower middle income",2023,0.11078,0.86546,128000,FALSE
"KIR","Kiribati","Oceania","Lower middle income",2024,0.11519,0.88606,130000,FALSE
"KNA","Saint Kitts and Nevis","America","High income",1970,0.05848,1.30283,44885,FALSE
"KNA","Saint Kitts and Nevis","America","High income",1971,0.05989,1.34602,44495,FALSE
"KNA","Saint Kitts and Nevis","America","High income",1972,0.06302,1.4218,44326,FALSE
"KNA","Saint Kitts and Nevis","America","High income",1973,0.06257,1.41189,44316,FALSE
"KNA","Saint Kitts and Nevis","America","High income",1974,0.06087,1.37304,44331,FALSE
"KNA","Saint Kitts and Nevis","America","High income",1975,0.06415,1.44896,44276,FALSE
"KNA","Saint Kitts and Nevis","America","High income",1976,0.06416,1.45319,44148,FALSE
"KNA","Saint Kitts and Nevis","America","High income",1977,0.06644,1.51204,43942,FALSE
"KNA","Saint Kitts and Nevis","America","High income",1978,0.06649,1.52145,43703,FALSE
"KNA","Saint Kitts and Nevis","America","High income",1979,0.06631,1.52583,43457,FALSE
"KNA","Saint Kitts and Nevis","America","High income",1980,0.06548,1.51534,43210,FALSE
"KNA","Saint Kitts and Nevis","America","High income",1981,0.0644,1.49843,42976,FALSE
"KNA","Saint Kitts and Nevis","America","High income",1982,0.06325,1.47905,42762,FALSE
"KNA","Saint Kitts and Nevis","America","High income",1983,0.06141,1.44357,42542,FALSE
"KNA","Saint Kitts and Nevis","America","High income",1984,0.06337,1.49835,42294,FALSE
"KNA","Saint Kitts and Nevis","America","High income",1985,0.06261,1.49031,42013,FALSE
"KNA","Saint Kitts and Nevis","America","High income",1986,0.06017,1.44314,41697,FALSE
"KNA","Saint Kitts and Nevis","America","High income",1987,0.06078,1.46989,41351,FALSE
"KNA","Saint Kitts and Nevis","America","High income",1988,0.06292,1.53285,41047,FALSE
"KNA","Saint Kitts and Nevis","America","High income",1989,0.06231,1.52535,40852,FALSE
"KNA","Saint Kitts and Nevis","America","High income",1990,0.0599,1.46687,40834,FALSE
"KNA","Saint Kitts and Nevis","America","High income",1991,0.06688,1.63067,41013,FALSE
"KNA","Saint Kitts and Nevis","America","High income",1992,0.0682,1.649,41361,FALSE
"KNA","Saint Kitts and Nevis","America","High income",1993,0.07323,1.74993,41846,FALSE
"KNA","Saint Kitts and Nevis","America","High income",1994,0.07982,1.88371,42373,FALSE
"KNA","Saint Kitts and Nevis","America","High income",1995,0.07351,1.71389,42891,FALSE
"KNA","Saint Kitts and Nevis","America","High income",1996,0.0799,1.84215,43373,FALSE
"KNA","Saint Kitts and Nevis","America","High income",1997,0.08335,1.90103,43846,FALSE
"KNA","Saint Kitts and Nevis","America","High income",1998,0.08401,1.89573,44317,FALSE
"KNA","Saint Kitts and Nevis","America","High income",1999,0.08434,1.88161,44824,FALSE
"KNA","Saint Kitts and Nevis","America","High income",2000,0.09419,2.07576,45374,FALSE
"KNA","Saint Kitts and Nevis","America","High income",2001,0.0957,2.08093,45990,FALSE
"KNA","Saint Kitts and Nevis","America","High income",2002,0.10344,2.21778,46641,FALSE
"KNA","Saint Kitts and Nevis","America","High income",2003,0.10595,2.23959,47306,FALSE
"KNA","Saint Kitts and Nevis","America","High income",2004,0.11249,2.34486,47971,FALSE
"KNA","Saint Kitts and Nevis","America","High income",2005,0.10665,2.19401,48611,FALSE
"KNA","Saint Kitts and Nevis","America","High income",2006,0.11255,2.28712,49210,FALSE
"KNA","Saint Kitts and Nevis","America","High income",2007,0.1212,2.43466,49783,FALSE
"KNA","Saint Kitts and Nevis","America","High income",2008,0.12674,2.5181,50332,FALSE
"KNA","Saint Kitts and Nevis","America","High income",2009,0.13699,2.69214,50886,FALSE
"KNA","Saint Kitts and Nevis","America","High income",2010,0.14537,2.82566,51445,FALSE
"KNA","Saint Kitts and Nevis","America","High income",2011,0.12391,2.3826,52006,FALSE
"KNA","Saint Kitts and Nevis","America","High income",2012,0.11755,2.23508,52591,FALSE
"KNA","Saint Kitts and Nevis","America","High income",2013,0.12884,2.42313,53169,FALSE
"KNA","Saint Kitts and Nevis","America","High income",2014,0.1344,2.50101,53739,FALSE
"KNA","Saint Kitts and Nevis","America","High income",2015,0.14012,2.58102,54288,FALSE
"KNA","Saint Kitts and Nevis","America","High income",2016,0.14973,2.7312,54821,FALSE
"KNA","Saint Kitts and Nevis","America","High income",2017,0.14223,2.56987,55345,FALSE
"KNA","Saint Kitts and Nevis","America","High income",2018,0.15041,2.69315,55850,FALSE
"KNA","Saint Kitts and Nevis","America","High income",2019,0.17058,3.02737,56345,FALSE
"KNA","Saint Kitts and Nevis","America","High income",2020,0.1604,2.82333,56813,FALSE
"KNA","Saint Kitts and Nevis","America","High income",2021,0.16332,2.81579,58000,FALSE
"KNA","Saint Kitts and Nevis","America","High income",2022,0.18414,3.17476,58000,FALSE
"KNA","Saint Kitts and Nevis","America","High income",2023,0.17929,3.09124,58000,FALSE
"KNA","Saint Kitts and Nevis","America","High income",2024,0.18549,3.19813,58000,FALSE
"KOR","South Korea","Asia","High income",1970,91.15574,2.83011,32209300,FALSE
"KOR","South Korea","Asia","High income",1971,92.17687,2.80482,32863700,FALSE
"KOR","South Korea","Asia","High income",1972,94.5697,2.82143,33518400,FALSE
"KOR","South Korea","Asia","High income",1973,111.67597,3.26877,34164500,FALSE
"KOR","South Korea","Asia","High income",1974,118.33514,3.40142,34789900,FALSE
"KOR","South Korea","Asia","High income",1975,127.32517,3.59813,35386500,FALSE
"KOR","South Korea","Asia","High income",1976,137.5903,3.82739,35948900,FALSE
"KOR","South Korea","Asia","High income",1977,153.66805,4.21221,36481600,FALSE
"KOR","South Korea","Asia","High income",1978,161.91896,4.37645,36997800,FALSE
"KOR","South Korea","Asia","High income",1979,179.32704,4.77995,37516500,FALSE
"KOR","South Korea","Asia","High income",1980,181.04571,4.75805,38050400,FALSE
"KOR","South Korea","Asia","High income",1981,188.79314,4.89015,38606800,FALSE
"KOR","South Korea","Asia","High income",1982,188.61094,4.81402,39179500,FALSE
"KOR","South Korea","Asia","High income",1983,204.41794,5.14233,39752000,FALSE
"KOR","South Korea","Asia","High income",1984,227.80892,5.65277,40300400,FALSE
"KOR","South Korea","Asia","High income",1985,238.49182,5.84416,40808600,FALSE
"KOR","South Korea","Asia","High income",1986,247.75058,6.00327,41269300,FALSE
"KOR","South Korea","Asia","High income",1987,253.27759,6.07514,41690800,FALSE
"KOR","South Korea","Asia","High income",1988,279.86756,6.64911,42091000,FALSE
"KOR","South Korea","Asia","High income",1989,290.422,6.83415,42495700,FALSE
"KOR","South Korea","Asia","High income",1990,311.40209,7.25488,42923100,FALSE
"KOR","South Korea","Asia","High income",1991,346.70338,7.99259,43378100,FALSE
"KOR","South Korea","Asia","High income",1992,377.49877,8.6082,43853400,FALSE
"KOR","South Korea","Asia","High income",1993,403.12146,9.09148,44340600,FALSE
"KOR","South Korea","Asia","High income",1994,433.93693,9.6805,44825900,FALSE
"KOR","South Korea","Asia","High income",1995,466.40782,10.2963,45298600,FALSE
"KOR","South Korea","Asia","High income",1996,499.75772,10.9219,45757400,FALSE
"KOR","South Korea","Asia","High income",1997,527.46155,11.41627,46202600,FALSE
"KOR","South Korea","Asia","High income",1998,454.98557,9.7579,46627400,FALSE
"KOR","South Korea","Asia","High income",1999,496.60927,10.56078,47023900,FALSE
"KOR","South Korea","Asia","High income",2000,530.14498,11.18773,47386300,FALSE
"KOR","South Korea","Asia","High income",2001,537.29435,11.26101,47712800,FALSE
"KOR","South Korea","Asia","High income",2002,554.17305,11.54412,48004800,FALSE
"KOR","South Korea","Asia","High income",2003,560.14272,11.60557,48265000,FALSE
"KOR","South Korea","Asia","High income",2004,578.45855,11.92745,48498100,FALSE
"KOR","South Korea","Asia","High income",2005,575.11524,11.80729,48708500,FALSE
"KOR","South Korea","Asia","High income",2006,583.40057,11.93151,48895800,FALSE
"KOR","South Korea","Asia","High income",2007,603.97624,12.31037,49062400,FALSE
"KOR","South Korea","Asia","High income",2008,616.33607,12.52232,49219000,FALSE
"KOR","South Korea","Asia","High income",2009,621.14247,12.57903,49379200,FALSE
"KOR","South Korea","Asia","High income",2010,682.95496,13.78234,49552900,FALSE
"KOR","South Korea","Asia","High income",2011,716.38967,14.40133,49744700,FALSE
"KOR","South Korea","Asia","High income",2012,715.60233,14.32574,49952200,FALSE
"KOR","South Korea","Asia","High income",2013,712.96238,14.21116,50169200,FALSE
"KOR","South Korea","Asia","High income",2014,702.55307,13.94353,50385600,FALSE
"KOR","South Korea","Asia","High income",2015,714.59377,14.12417,50593700,FALSE
"KOR","South Korea","Asia","High income",2016,719.52143,14.16607,50791900,FALSE
"KOR","South Korea","Asia","High income",2017,738.19124,14.47939,50982200,FALSE
"KOR","South Korea","Asia","High income",2018,754.52226,14.74701,51164435,FALSE
"KOR","South Korea","Asia","High income",2019,729.06957,14.20102,51339238,FALSE
"KOR","South Korea","Asia","High income",2020,695.12706,13.49579,51506975,FALSE
"KOR","South Korea","Asia","High income",2021,719.28057,13.92147,51667000,FALSE
"KOR","South Korea","Asia","High income",2022,694.87831,13.41024,51817000,FALSE
"KOR","South Korea","Asia","High income",2023,670.11456,12.89674,51960000,FALSE
"KOR","South Korea","Asia","High income",2024,668.24527,12.82793,52093000,FALSE
"KWT","Kuwait","Asia","High income",1970,80.6521,108.0017,746767,FALSE
"KWT","Kuwait","Asia","High income",1971,83.23532,103.89584,801142,FALSE
"KWT","Kuwait","Asia","High income",1972,86.66114,101.40502,854604,FALSE
"KWT","Kuwait","Asia","High income",1973,78.94917,86.89866,908520,FALSE
"KWT","Kuwait","Asia","High income",1974,66.05891,68.46661,964834,FALSE
"KWT","Kuwait","Asia","High income",1975,55.87964,54.51992,1024940,FALSE
"KWT","Kuwait","Asia","High income",1976,57.30631,52.61272,1089210,FALSE
"KWT","Kuwait","Asia","High income",1977,54.8192,47.37923,1157030,FALSE
"KWT","Kuwait","Asia","High income",1978,61.50107,50.09862,1227600,FALSE
"KWT","Kuwait","Asia","High income",1979,71.55702,55.05741,1299680,FALSE
"KWT","Kuwait","Asia","High income",1980,58.65382,42.74063,1372320,FALSE
"KWT","Kuwait","Asia","High income",1981,49.88447,34.57021,1442990,FALSE
"KWT","Kuwait","Asia","High income",1982,48.08815,31.81885,1511310,FALSE
"KWT","Kuwait","Asia","High income",1983,54.05832,34.20028,1580640,FALSE
"KWT","Kuwait","Asia","High income",1984,56.36889,34.04268,1655830,FALSE
"KWT","Kuwait","Asia","High income",1985,59.04885,33.95583,1738990,FALSE
"KWT","Kuwait","Asia","High income",1986,65.57495,35.71406,1836110,FALSE
"KWT","Kuwait","Asia","High income",1987,70.77855,36.43102,1942810,FALSE
"KWT","Kuwait","Asia","High income",1988,81.25999,39.85521,2038880,FALSE
"KWT","Kuwait","Asia","High income",1989,94.87604,45.24521,2096930,FALSE
"KWT","Kuwait","Asia","High income",1990,50.55485,24.07821,2099610,FALSE
"KWT","Kuwait","Asia","High income",1991,45.86308,22.52983,2035660,FALSE
"KWT","Kuwait","Asia","High income",1992,45.95094,23.97173,1916880,FALSE
"KWT","Kuwait","Asia","High income",1993,64.30919,36.1869,1777140,FALSE
"KWT","Kuwait","Asia","High income",1994,72.94654,43.83991,1663930,FALSE
"KWT","Kuwait","Asia","High income",1995,70.79082,43.95171,1610650,FALSE
"KWT","Kuwait","Asia","High income",1996,71.27081,43.6778,1631740,FALSE
"KWT","Kuwait","Asia","High income",1997,75.94107,44.27251,1715310,FALSE
"KWT","Kuwait","Asia","High income",1998,77.1943,42.03681,1836350,FALSE
"KWT","Kuwait","Asia","High income",1999,79.34279,40.54162,1957070,FALSE
"KWT","Kuwait","Asia","High income",2000,89.59591,43.68955,2050740,FALSE
"KWT","Kuwait","Asia","High income",2001,91.27291,43.27043,2109360,FALSE
"KWT","Kuwait","Asia","High income",2002,94.61774,44.13491,2143830,FALSE
"KWT","Kuwait","Asia","High income",2003,105.19341,48.49589,2169120,FALSE
"KWT","Kuwait","Asia","High income",2004,110.05422,49.84475,2207940,FALSE
"KWT","Kuwait","Asia","High income",2005,121.8014,53.50098,2276620,FALSE
"KWT","Kuwait","Asia","High income",2006,125.31017,52.71202,2377260,FALSE
"KWT","Kuwait","Asia","High income",2007,121.43701,48.50864,2503410,FALSE
"KWT","Kuwait","Asia","High income",2008,126.24872,47.599,2652340,FALSE
"KWT","Kuwait","Asia","High income",2009,124.53908,44.1794,2818940,FALSE
"KWT","Kuwait","Asia","High income",2010,126.71196,42.26437,2998080,FALSE
"KWT","Kuwait","Asia","High income",2011,135.48799,42.45875,3191050,FALSE
"KWT","Kuwait","Asia","High income",2012,138.79133,40.87436,3395560,FALSE
"KWT","Kuwait","Asia","High income",2013,140.765,39.11888,3598390,FALSE
"KWT","Kuwait","Asia","High income",2014,139.44183,36.86548,3782450,FALSE
"KWT","Kuwait","Asia","High income",2015,143.82433,36.54268,3935790,FALSE
"KWT","Kuwait","Asia","High income",2016,149.03978,36.77652,4052580,FALSE
"KWT","Kuwait","Asia","High income",2017,146.7045,35.4656,4136530,FALSE
"KWT","Kuwait","Asia","High income",2018,150.35301,35.82283,4197128,FALSE
"KWT","Kuwait","Asia","High income",2019,148.81552,35.02387,4248974,FALSE
"KWT","Kuwait","Asia","High income",2020,144.05274,33.47825,4302875,FALSE
"KWT","Kuwait","Asia","High income",2021,152.39256,34.94441,4361000,FALSE
"KWT","Kuwait","Asia","High income",2022,159.6228,36.09742,4422000,FALSE
"KWT","Kuwait","Asia","High income",2023,167.88767,37.4415,4484000,FALSE
"KWT","Kuwait","Asia","High income",2024,173.3307,38.13657,4545000,FALSE
"LAO","Laos","Asia","Lower middle income",1970,4.732,1.76013,2688430,FALSE
"LAO","Laos","Asia","Lower middle income",1971,4.59642,1.66401,2762260,FALSE
"LAO","Laos","Asia","Lower middle income",1972,4.53421,1.59608,2840840,FALSE
"LAO","Laos","Asia","Lower middle income",1973,4.55293,1.5596,2919290,FALSE
"LAO","Laos","Asia","Lower middle income",1974,4.64517,1.55306,2990970,FALSE
"LAO","Laos","Asia","Lower middle income",1975,4.52202,1.48186,3051580,FALSE
"LAO","Laos","Asia","Lower middle income",1976,4.05962,1.30999,3098970,FALSE
"LAO","Laos","Asia","Lower middle income",1977,4.28941,1.36786,3135840,FALSE
"LAO","Laos","Asia","Lower middle income",1978,4.46735,1.40977,3168840,FALSE
"LAO","Laos","Asia","Lower middle income",1979,4.90592,1.5296,3207330,FALSE
"LAO","Laos","Asia","Lower middle income",1980,5.47976,1.68187,3258140,FALSE
"LAO","Laos","Asia","Lower middle income",1981,5.36335,1.61382,3323380,FALSE
"LAO","Laos","Asia","Lower middle income",1982,5.60939,1.64922,3401240,FALSE
"LAO","Laos","Asia","Lower middle income",1983,5.48026,1.57028,3489980,FALSE
"LAO","Laos","Asia","Lower middle income",1984,5.75012,1.60332,3586380,FALSE
"LAO","Laos","Asia","Lower middle income",1985,5.76238,1.56251,3687900,FALSE
"LAO","Laos","Asia","Lower middle income",1986,5.91885,1.56004,3794040,FALSE
"LAO","Laos","Asia","Lower middle income",1987,5.86124,1.5009,3905160,FALSE
"LAO","Laos","Asia","Lower middle income",1988,5.88006,1.46259,4020300,FALSE
"LAO","Laos","Asia","Lower middle income",1989,6.22913,1.5052,4138410,FALSE
"LAO","Laos","Asia","Lower middle income",1990,6.77152,1.59013,4258470,FALSE
"LAO","Laos","Asia","Lower middle income",1991,6.79567,1.5515,4380070,FALSE
"LAO","Laos","Asia","Lower middle income",1992,7.16542,1.59148,4502360,FALSE
"LAO","Laos","Asia","Lower middle income",1993,7.2546,1.56915,4623280,FALSE
"LAO","Laos","Asia","Lower middle income",1994,7.66854,1.61771,4740380,FALSE
"LAO","Laos","Asia","Lower middle income",1995,7.7516,1.59764,4851920,FALSE
"LAO","Laos","Asia","Lower middle income",1996,8.0139,1.61662,4957180,FALSE
"LAO","Laos","Asia","Lower middle income",1997,8.24638,1.63084,5056520,FALSE
"LAO","Laos","Asia","Lower middle income",1998,7.92501,1.53861,5150760,FALSE
"LAO","Laos","Asia","Lower middle income",1999,7.85084,1.49789,5241280,FALSE
"LAO","Laos","Asia","Lower middle income",2000,8.89548,1.66916,5329300,FALSE
"LAO","Laos","Asia","Lower middle income",2001,9.25379,1.70905,5414570,FALSE
"LAO","Laos","Asia","Lower middle income",2002,9.58036,1.74275,5497270,FALSE
"LAO","Laos","Asia","Lower middle income",2003,9.87477,1.76978,5579660,FALSE
"LAO","Laos","Asia","Lower middle income",2004,10.45713,1.84605,5664600,FALSE
"LAO","Laos","Asia","Lower middle income",2005,10.29189,1.78864,5754030,FALSE
"LAO","Laos","Asia","Lower middle income",2006,10.84688,1.85437,5849360,FALSE
"LAO","Laos","Asia","Lower middle income",2007,11.47486,1.92862,5949790,FALSE
"LAO","Laos","Asia","Lower middle income",2008,12.002,1.98308,6052190,FALSE
"LAO","Laos","Asia","Lower middle income",2009,12.98939,2.1114,6152040,FALSE
"LAO","Laos","Asia","Lower middle income",2010,13.83494,2.21491,6246270,FALSE
"LAO","Laos","Asia","Lower middle income",2011,13.84274,2.18564,6333490,FALSE
"LAO","Laos","Asia","Lower middle income",2012,14.83973,2.31323,6415170,FALSE
"LAO","Laos","Asia","Lower middle income",2013,15.4801,2.38355,6494560,FALSE
"LAO","Laos","Asia","Lower middle income",2014,16.37522,2.49,6576400,FALSE
"LAO","Laos","Asia","Lower middle income",2015,21.37474,3.20751,6663970,FALSE
"LAO","Laos","Asia","Lower middle income",2016,29.04642,4.29786,6758350,FALSE
"LAO","Laos","Asia","Lower middle income",2017,32.41161,4.72599,6858160,FALSE
"LAO","Laos","Asia","Lower middle income",2018,33.11496,4.75707,6961210,FALSE
"LAO","Laos","Asia","Lower middle income",2019,32.96413,4.66634,7064242,FALSE
"LAO","Laos","Asia","Lower middle income",2020,33.5218,4.67866,7164822,FALSE
"LAO","Laos","Asia","Lower middle income",2021,37.85382,5.21187,7263000,FALSE
"LAO","Laos","Asia","Lower middle income",2022,38.49878,5.23223,7358000,FALSE
"LAO","Laos","Asia","Lower middle income",2023,41.1732,5.52735,7449000,FALSE
"LAO","Laos","Asia","Lower middle income",2024,41.54964,5.50983,7541000,FALSE
"LBN","Lebanon","Asia","Lower middle income",1970,6.72655,2.92791,2297390,FALSE
"LBN","Lebanon","Asia","Lower middle income",1971,6.89416,2.92926,2353550,FALSE
"LBN","Lebanon","Asia","Lower middle income",1972,7.45299,3.0839,2416740,FALSE
"LBN","Lebanon","Asia","Lower middle income",1973,8.8943,3.5858,2480420,FALSE
"LBN","Lebanon","Asia","Lower middle income",1974,8.94027,3.52604,2535500,FALSE
"LBN","Lebanon","Asia","Lower middle income",1975,8.03042,3.11777,2575690,FALSE
"LBN","Lebanon","Asia","Lower middle income",1976,7.65333,2.94546,2598350,FALSE
"LBN","Lebanon","Asia","Lower middle income",1977,6.81837,2.61619,2606220,FALSE
"LBN","Lebanon","Asia","Lower middle income",1978,8.10372,3.111,2604860,FALSE
"LBN","Lebanon","Asia","Lower middle income",1979,8.95676,3.44151,2602570,FALSE
"LBN","Lebanon","Asia","Lower middle income",1980,9.10736,3.49572,2605290,FALSE
"LBN","Lebanon","Asia","Lower middle income",1981,9.23185,3.52933,2615750,FALSE
"LBN","Lebanon","Asia","Lower middle income",1982,7.23687,2.74928,2632280,FALSE
"LBN","Lebanon","Asia","Lower middle income",1983,7.61248,2.87123,2651290,FALSE
"LBN","Lebanon","Asia","Lower middle income",1984,7.77226,2.91399,2667220,FALSE
"LBN","Lebanon","Asia","Lower middle income",1985,8.79391,3.2855,2676580,FALSE
"LBN","Lebanon","Asia","Lower middle income",1986,9.21113,3.44048,2677280,FALSE
"LBN","Lebanon","Asia","Lower middle income",1987,9.39744,3.51678,2672170,FALSE
"LBN","Lebanon","Asia","Lower middle income",1988,7.62034,2.85557,2668590,FALSE
"LBN","Lebanon","Asia","Lower middle income",1989,7.70721,2.87947,2676610,FALSE
"LBN","Lebanon","Asia","Lower middle income",1990,7.75213,2.86795,2703020,FALSE
"LBN","Lebanon","Asia","Lower middle income",1991,9.3703,3.40434,2752460,FALSE
"LBN","Lebanon","Asia","Lower middle income",1992,10.04823,3.56085,2821860,FALSE
"LBN","Lebanon","Asia","Lower middle income",1993,13.61551,4.69363,2900850,FALSE
"LBN","Lebanon","Asia","Lower middle income",1994,14.78244,4.96949,2974640,FALSE
"LBN","Lebanon","Asia","Lower middle income",1995,16.94085,5.58479,3033390,FALSE
"LBN","Lebanon","Asia","Lower middle income",1996,17.61811,5.73701,3070960,FALSE
"LBN","Lebanon","Asia","Lower middle income",1997,19.17613,6.20051,3092670,FALSE
"LBN","Lebanon","Asia","Lower middle income",1998,19.16182,6.15354,3113950,FALSE
"LBN","Lebanon","Asia","Lower middle income",1999,19.71776,6.24642,3156650,FALSE
"LBN","Lebanon","Asia","Lower middle income",2000,18.17235,5.61678,3235370,FALSE
"LBN","Lebanon","Asia","Lower middle income",2001,19.59374,5.83171,3359860,FALSE
"LBN","Lebanon","Asia","Lower middle income",2002,19.70737,5.59417,3522840,FALSE
"LBN","Lebanon","Asia","Lower middle income",2003,19.95967,5.39238,3701460,FALSE
"LBN","Lebanon","Asia","Lower middle income",2004,20.37161,5.27315,3863270,FALSE
"LBN","Lebanon","Asia","Lower middle income",2005,20.38089,5.11203,3986850,FALSE
"LBN","Lebanon","Asia","Lower middle income",2006,20.0335,4.93758,4057350,FALSE
"LBN","Lebanon","Asia","Lower middle income",2007,18.88828,4.62215,4086470,FALSE
"LBN","Lebanon","Asia","Lower middle income",2008,22.35035,5.43665,4111050,FALSE
"LBN","Lebanon","Asia","Lower middle income",2009,25.77852,6.16245,4183160,FALSE
"LBN","Lebanon","Asia","Lower middle income",2010,24.89902,5.74088,4337140,FALSE
"LBN","Lebanon","Asia","Lower middle income",2011,25.46597,5.55011,4588370,FALSE
"LBN","Lebanon","Asia","Lower middle income",2012,28.23025,5.74206,4916400,FALSE
"LBN","Lebanon","Asia","Lower middle income",2013,28.0727,5.32073,5276100,FALSE
"LBN","Lebanon","Asia","Lower middle income",2014,30.18202,5.38649,5603280,FALSE
"LBN","Lebanon","Asia","Lower middle income",2015,32.4173,5.54002,5851480,FALSE
"LBN","Lebanon","Asia","Lower middle income",2016,33.65451,5.60286,6006670,FALSE
"LBN","Lebanon","Asia","Lower middle income",2017,35.35268,5.81233,6082360,FALSE
"LBN","Lebanon","Asia","Lower middle income",2018,33.72511,5.5346,6093509,FALSE
"LBN","Lebanon","Asia","Lower middle income",2019,33.56323,5.53308,6065922,FALSE
"LBN","Lebanon","Asia","Lower middle income",2020,28.63076,4.7561,6019795,FALSE
"LBN","Lebanon","Asia","Lower middle income",2021,23.75798,3.98758,5958000,FALSE
"LBN","Lebanon","Asia","Lower middle income",2022,17.71029,3.01452,5875000,FALSE
"LBN","Lebanon","Asia","Lower middle income",2023,18.36003,3.17483,5783000,FALSE
"LBN","Lebanon","Asia","Lower middle income",2024,18.78631,3.30106,5691000,FALSE
"LBR","Liberia","Africa","Low income",1970,1.61267,1.13846,1416530,FALSE
"LBR","Liberia","Africa","Low income",1971,1.63334,1.12318,1454200,FALSE
"LBR","Liberia","Africa","Low income",1972,1.66023,1.11148,1493710,FALSE
"LBR","Liberia","Africa","Low income",1973,1.7189,1.11964,1535230,FALSE
"LBR","Liberia","Africa","Low income",1974,1.78868,1.13283,1578950,FALSE
"LBR","Liberia","Africa","Low income",1975,1.82483,1.12297,1625010,FALSE
"LBR","Liberia","Africa","Low income",1976,1.88044,1.12446,1672300,FALSE
"LBR","Liberia","Africa","Low income",1977,2.04608,1.18924,1720490,FALSE
"LBR","Liberia","Africa","Low income",1978,2.07912,1.17381,1771260,FALSE
"LBR","Liberia","Africa","Low income",1979,2.33405,1.27762,1826880,FALSE
"LBR","Liberia","Africa","Low income",1980,2.29803,1.21698,1888310,FALSE
"LBR","Liberia","Africa","Low income",1981,2.12582,1.08601,1957460,FALSE
"LBR","Liberia","Africa","Low income",1982,2.08117,1.02427,2031850,FALSE
"LBR","Liberia","Africa","Low income",1983,2.18505,1.03906,2102910,FALSE
"LBR","Liberia","Africa","Low income",1984,2.07764,0.96228,2159090,FALSE
"LBR","Liberia","Africa","Low income",1985,2.09352,0.95483,2192550,FALSE
"LBR","Liberia","Africa","Low income",1986,1.95888,0.88966,2201830,FALSE
"LBR","Liberia","Africa","Low income",1987,2.01478,0.91956,2191020,FALSE
"LBR","Liberia","Africa","Low income",1988,2.29237,1.05879,2165090,FALSE
"LBR","Liberia","Africa","Low income",1989,2.0537,0.96349,2131530,FALSE
"LBR","Liberia","Africa","Low income",1990,1.80857,0.86236,2097230,FALSE
"LBR","Liberia","Africa","Low income",1991,1.58648,0.77003,2060270,FALSE
"LBR","Liberia","Africa","Low income",1992,1.47417,0.7288,2022730,FALSE
"LBR","Liberia","Africa","Low income",1993,1.36499,0.68241,2000250,FALSE
"LBR","Liberia","Africa","Low income",1994,1.32685,0.65918,2012880,FALSE
"LBR","Liberia","Africa","Low income",1995,1.35656,0.65424,2073480,FALSE
"LBR","Liberia","Africa","Low income",1996,1.45961,0.66613,2191180,FALSE
"LBR","Liberia","Africa","Low income",1997,1.59178,0.67492,2358470,FALSE
"LBR","Liberia","Africa","Low income",1998,1.76935,0.69357,2551060,FALSE
"LBR","Liberia","Africa","Low income",1999,1.95501,0.71494,2734520,FALSE
"LBR","Liberia","Africa","Low income",2000,2.1897,0.75912,2884520,FALSE
"LBR","Liberia","Africa","Low income",2001,2.2299,0.7455,2991130,FALSE
"LBR","Liberia","Africa","Low income",2002,2.27954,0.74425,3062860,FALSE
"LBR","Liberia","Africa","Low income",2003,2.3642,0.75867,3116230,FALSE
"LBR","Liberia","Africa","Low income",2004,2.46808,0.777,3176410,FALSE
"LBR","Liberia","Africa","Low income",2005,2.70407,0.82916,3261230,FALSE
"LBR","Liberia","Africa","Low income",2006,2.98486,0.88418,3375840,FALSE
"LBR","Liberia","Africa","Low income",2007,2.88398,0.82096,3512930,FALSE
"LBR","Liberia","Africa","Low income",2008,2.89187,0.78948,3662990,FALSE
"LBR","Liberia","Africa","Low income",2009,3.06673,0.80459,3811530,FALSE
"LBR","Liberia","Africa","Low income",2010,3.39576,0.8601,3948120,FALSE
"LBR","Liberia","Africa","Low income",2011,3.56423,0.8757,4070170,FALSE
"LBR","Liberia","Africa","Low income",2012,3.71138,0.88756,4181560,FALSE
"LBR","Liberia","Africa","Low income",2013,3.71235,0.8661,4286290,FALSE
"LBR","Liberia","Africa","Low income",2014,4.1068,0.93533,4390740,FALSE
"LBR","Liberia","Africa","Low income",2015,4.28894,0.95318,4499620,FALSE
"LBR","Liberia","Africa","Low income",2016,4.50941,0.97737,4613820,FALSE
"LBR","Liberia","Africa","Low income",2017,4.3354,0.91621,4731910,FALSE
"LBR","Liberia","Africa","Low income",2018,3.81189,0.78539,4853516,FALSE
"LBR","Liberia","Africa","Low income",2019,4.33374,0.87063,4977720,FALSE
"LBR","Liberia","Africa","Low income",2020,4.21046,0.82496,5103853,FALSE
"LBR","Liberia","Africa","Low income",2021,4.21031,0.80472,5232000,FALSE
"LBR","Liberia","Africa","Low income",2022,4.36767,0.81441,5363000,FALSE
"LBR","Liberia","Africa","Low income",2023,4.41255,0.80287,5496000,FALSE
"LBR","Liberia","Africa","Low income",2024,4.45991,0.79189,5632000,FALSE
"LBY","Libya","Africa","Upper middle income",1970,137.62433,64.50546,2133530,FALSE
"LBY","Libya","Africa","Upper middle income",1971,125.67733,56.40434,2228150,FALSE
"LBY","Libya","Africa","Upper middle income",1972,101.82986,43.75094,2327490,FALSE
"LBY","Libya","Africa","Upper middle income",1973,98.71658,40.61141,2430760,FALSE
"LBY","Libya","Africa","Upper middle income",1974,69.92741,27.56423,2536890,FALSE
"LBY","Libya","Africa","Upper middle income",1975,72.16974,27.2839,2645140,FALSE
"LBY","Libya","Africa","Upper middle income",1976,93.38982,33.90199,2754700,FALSE
"LBY","Libya","Africa","Upper middle income",1977,98.99637,34.54599,2865640,FALSE
"LBY","Libya","Africa","Upper middle income",1978,97.9924,32.8934,2979090,FALSE
"LBY","Libya","Africa","Upper middle income",1979,105.28583,33.99904,3096730,FALSE
"LBY","Libya","Africa","Upper middle income",1980,97.1517,30.1763,3219470,FALSE
"LBY","Libya","Africa","Upper middle income",1981,70.83008,21.15733,3347780,FALSE
"LBY","Libya","Africa","Upper middle income",1982,74.19869,21.31871,3480450,FALSE
"LBY","Libya","Africa","Upper middle income",1983,71.08994,19.66695,3614690,FALSE
"LBY","Libya","Africa","Upper middle income",1984,71.15224,18.99054,3746720,FALSE
"LBY","Libya","Africa","Upper middle income",1985,67.8687,17.52002,3873780,FALSE
"LBY","Libya","Africa","Upper middle income",1986,70.45483,17.63756,3994590,FALSE
"LBY","Libya","Africa","Upper middle income",1987,67.84469,16.50843,4109700,FALSE
"LBY","Libya","Africa","Upper middle income",1988,75.87256,17.97749,4220420,FALSE
"LBY","Libya","Africa","Upper middle income",1989,74.78083,17.27475,4328910,FALSE
"LBY","Libya","Africa","Upper middle income",1990,87.03845,19.61801,4436660,FALSE
"LBY","Libya","Africa","Upper middle income",1991,84.67891,18.63414,4544290,FALSE
"LBY","Libya","Africa","Upper middle income",1992,79.30902,17.05204,4651000,FALSE
"LBY","Libya","Africa","Upper middle income",1993,75.44912,15.86635,4755290,FALSE
"LBY","Libya","Africa","Upper middle income",1994,91.46408,18.83915,4855000,FALSE
"LBY","Libya","Africa","Upper middle income",1995,101.45677,20.50129,4948800,FALSE
"LBY","Libya","Africa","Upper middle income",1996,105.89683,21.02847,5035880,FALSE
"LBY","Libya","Africa","Upper middle income",1997,93.32572,18.2374,5117270,FALSE
"LBY","Libya","Africa","Upper middle income",1998,89.33001,17.19373,5195500,FALSE
"LBY","Libya","Africa","Upper middle income",1999,87.51206,16.59261,5274160,FALSE
"LBY","Libya","Africa","Upper middle income",2000,91.7315,17.12767,5355750,FALSE
"LBY","Libya","Africa","Upper middle income",2001,88.27577,16.22546,5440570,FALSE
"LBY","Libya","Africa","Upper middle income",2002,88.51467,16.01345,5527520,FALSE
"LBY","Libya","Africa","Upper middle income",2003,98.30983,17.50547,5615950,FALSE
"LBY","Libya","Africa","Upper middle income",2004,96.93483,16.99192,5704760,FALSE
"LBY","Libya","Africa","Upper middle income",2005,104.47827,18.03623,5792690,FALSE
"LBY","Libya","Africa","Upper middle income",2006,102.79964,17.47865,5881440,FALSE
"LBY","Libya","Africa","Upper middle income",2007,96.25551,16.12223,5970360,FALSE
"LBY","Libya","Africa","Upper middle income",2008,100.57223,16.61505,6053080,FALSE
"LBY","Libya","Africa","Upper middle income",2009,100.24327,16.37681,6121050,FALSE
"LBY","Libya","Africa","Upper middle income",2010,106.05912,17.19188,6169140,FALSE
"LBY","Libya","Africa","Upper middle income",2011,62.5753,10.10338,6193500,FALSE
"LBY","Libya","Africa","Upper middle income",2012,99.5456,16.06025,6198260,FALSE
"LBY","Libya","Africa","Upper middle income",2013,90.63391,14.62788,6195970,FALSE
"LBY","Libya","Africa","Upper middle income",2014,80.39991,12.95914,6204110,FALSE
"LBY","Libya","Africa","Upper middle income",2015,71.7188,11.50271,6234950,FALSE
"LBY","Libya","Africa","Upper middle income",2016,68.15326,10.82958,6293250,FALSE
"LBY","Libya","Africa","Upper middle income",2017,82.06161,12.87318,6374620,FALSE
"LBY","Libya","Africa","Upper middle income",2018,88.5313,13.68133,6470956,FALSE
"LBY","Libya","Africa","Upper middle income",2019,91.63778,13.9482,6569864,FALSE
"LBY","Libya","Africa","Upper middle income",2020,64.44804,9.67373,6662173,FALSE
"LBY","Libya","Africa","Upper middle income",2021,92.61546,13.72894,6746000,FALSE
"LBY","Libya","Africa","Upper middle income",2022,89.94471,13.18257,6823000,FALSE
"LBY","Libya","Africa","Upper middle income",2023,97.95164,14.20618,6895000,FALSE
"LBY","Libya","Africa","Upper middle income",2024,98.17088,14.09691,6964000,FALSE
"LCA","Saint Lucia","America","Upper middle income",1970,0.07832,0.75196,104160,FALSE
"LCA","Saint Lucia","America","Upper middle income",1971,0.0805,0.76383,105390,FALSE
"LCA","Saint Lucia","America","Upper middle income",1972,0.08659,0.81338,106455,FALSE
"LCA","Saint Lucia","America","Upper middle income",1973,0.08717,0.81117,107466,FALSE
"LCA","Saint Lucia","America","Upper middle income",1974,0.08331,0.76765,108532,FALSE
"LCA","Saint Lucia","America","Upper middle income",1975,0.0908,0.82718,109769,FALSE
"LCA","Saint Lucia","America","Upper middle income",1976,0.08869,0.79751,111208,FALSE
"LCA","Saint Lucia","America","Upper middle income",1977,0.09441,0.83678,112831,FALSE
"LCA","Saint Lucia","America","Upper middle income",1978,0.09642,0.84176,114546,FALSE
"LCA","Saint Lucia","America","Upper middle income",1979,0.09797,0.84243,116290,FALSE
"LCA","Saint Lucia","America","Upper middle income",1980,0.09938,0.84233,117987,FALSE
"LCA","Saint Lucia","America","Upper middle income",1981,0.09129,0.76331,119594,FALSE
"LCA","Saint Lucia","America","Upper middle income",1982,0.10033,0.82815,121154,FALSE
"LCA","Saint Lucia","America","Upper middle income",1983,0.09737,0.79329,122740,FALSE
"LCA","Saint Lucia","America","Upper middle income",1984,0.10325,0.82952,124468,FALSE
"LCA","Saint Lucia","America","Upper middle income",1985,0.11397,0.90154,126418,FALSE
"LCA","Saint Lucia","America","Upper middle income",1986,0.11718,0.91106,128619,FALSE
"LCA","Saint Lucia","America","Upper middle income",1987,0.12526,0.95591,131034,FALSE
"LCA","Saint Lucia","America","Upper middle income",1988,0.14567,1.09087,133533,FALSE
"LCA","Saint Lucia","America","Upper middle income",1989,0.14863,1.0932,135956,FALSE
"LCA","Saint Lucia","America","Upper middle income",1990,0.14952,1.08201,138185,FALSE
"LCA","Saint Lucia","America","Upper middle income",1991,0.14933,1.06544,140156,FALSE
"LCA","Saint Lucia","America","Upper middle income",1992,0.14952,1.05354,141925,FALSE
"LCA","Saint Lucia","America","Upper middle income",1993,0.148,1.03088,143565,FALSE
"LCA","Saint Lucia","America","Upper middle income",1994,0.16314,1.12322,145247,FALSE
"LCA","Saint Lucia","America","Upper middle income",1995,0.16827,1.14433,147044,FALSE
"LCA","Saint Lucia","America","Upper middle income",1996,0.1709,1.14696,149004,FALSE
"LCA","Saint Lucia","America","Upper middle income",1997,0.17865,1.18245,151086,FALSE
"LCA","Saint Lucia","America","Upper middle income",1998,0.18842,1.23004,153183,FALSE
"LCA","Saint Lucia","America","Upper middle income",1999,0.20104,1.29557,155172,FALSE
"LCA","Saint Lucia","America","Upper middle income",2000,0.21371,1.36164,156949,FALSE
"LCA","Saint Lucia","America","Upper middle income",2001,0.21926,1.38366,158464,FALSE
"LCA","Saint Lucia","America","Upper middle income",2002,0.21199,1.3269,159763,FALSE
"LCA","Saint Lucia","America","Upper middle income",2003,0.22606,1.40437,160973,FALSE
"LCA","Saint Lucia","America","Upper middle income",2004,0.22153,1.36535,162251,FALSE
"LCA","Saint Lucia","America","Upper middle income",2005,0.22556,1.37774,163714,FALSE
"LCA","Saint Lucia","America","Upper middle income",2006,0.23693,1.43243,165407,FALSE
"LCA","Saint Lucia","America","Upper middle income",2007,0.2476,1.48009,167288,FALSE
"LCA","Saint Lucia","America","Upper middle income",2008,0.25759,1.52225,169220,FALSE
"LCA","Saint Lucia","America","Upper middle income",2009,0.26908,1.57335,171022,FALSE
"LCA","Saint Lucia","America","Upper middle income",2010,0.28898,1.67445,172580,FALSE
"LCA","Saint Lucia","America","Upper middle income",2011,0.25099,1.44386,173832,FALSE
"LCA","Saint Lucia","America","Upper middle income",2012,0.25984,1.48621,174835,FALSE
"LCA","Saint Lucia","America","Upper middle income",2013,0.28278,1.60982,175660,FALSE
"LCA","Saint Lucia","America","Upper middle income",2014,0.2995,1.69766,176421,FALSE
"LCA","Saint Lucia","America","Upper middle income",2015,0.3065,1.72962,177206,FALSE
"LCA","Saint Lucia","America","Upper middle income",2016,0.32298,1.81432,178015,FALSE
"LCA","Saint Lucia","America","Upper middle income",2017,0.33035,1.84714,178844,FALSE
"LCA","Saint Lucia","America","Upper middle income",2018,0.39615,2.20489,179667,FALSE
"LCA","Saint Lucia","America","Upper middle income",2019,0.43637,2.41818,180454,FALSE
"LCA","Saint Lucia","America","Upper middle income",2020,0.4232,2.33549,181203,FALSE
"LCA","Saint Lucia","America","Upper middle income",2021,0.42974,2.37426,181000,FALSE
"LCA","Saint Lucia","America","Upper middle income",2022,0.44976,2.45773,183000,FALSE
"LCA","Saint Lucia","America","Upper middle income",2023,0.45415,2.4817,183000,FALSE
"LCA","Saint Lucia","America","Upper middle income",2024,0.46852,2.56022,183000,FALSE
"LKA","Sri Lanka","Asia","Lower middle income",1970,9.87609,0.79099,12485800,FALSE
"LKA","Sri Lanka","Asia","Lower middle income",1971,10.15497,0.79661,12747800,FALSE
"LKA","Sri Lanka","Asia","Lower middle income",1972,10.87778,0.8366,13002300,FALSE
"LKA","Sri Lanka","Asia","Lower middle income",1973,11.1005,0.83764,13252100,FALSE
"LKA","Sri Lanka","Asia","Lower middle income",1974,10.81224,0.80079,13502000,FALSE
"LKA","Sri Lanka","Asia","Lower middle income",1975,10.48132,0.76199,13755200,FALSE
"LKA","Sri Lanka","Asia","Lower middle income",1976,10.80978,0.77142,14012800,FALSE
"LKA","Sri Lanka","Asia","Lower middle income",1977,10.96622,0.7683,14273300,FALSE
"LKA","Sri Lanka","Asia","Lower middle income",1978,11.5524,0.79489,14533400,FALSE
"LKA","Sri Lanka","Asia","Lower middle income",1979,12.08661,0.81729,14788600,FALSE
"LKA","Sri Lanka","Asia","Lower middle income",1980,12.26783,0.8159,15035900,FALSE
"LKA","Sri Lanka","Asia","Lower middle income",1981,12.58178,0.82377,15273400,FALSE
"LKA","Sri Lanka","Asia","Lower middle income",1982,13.3477,0.861,15502500,FALSE
"LKA","Sri Lanka","Asia","Lower middle income",1983,13.57312,0.86306,15726800,FALSE
"LKA","Sri Lanka","Asia","Lower middle income",1984,13.27816,0.83241,15951400,FALSE
"LKA","Sri Lanka","Asia","Lower middle income",1985,13.0068,0.80389,16179800,FALSE
"LKA","Sri Lanka","Asia","Lower middle income",1986,12.9846,0.79113,16412700,FALSE
"LKA","Sri Lanka","Asia","Lower middle income",1987,13.79959,0.82891,16647900,FALSE
"LKA","Sri Lanka","Asia","Lower middle income",1988,13.56674,0.80361,16882200,FALSE
"LKA","Sri Lanka","Asia","Lower middle income",1989,13.45342,0.78626,17110700,FALSE
"LKA","Sri Lanka","Asia","Lower middle income",1990,15.91839,0.91856,17329700,FALSE
"LKA","Sri Lanka","Asia","Lower middle income",1991,15.46952,0.88198,17539600,FALSE
"LKA","Sri Lanka","Asia","Lower middle income",1992,16.87614,0.95127,17740600,FALSE
"LKA","Sri Lanka","Asia","Lower middle income",1993,17.05343,0.95119,17928600,FALSE
"LKA","Sri Lanka","Asia","Lower middle income",1994,18.19588,1.00539,18098300,FALSE
"LKA","Sri Lanka","Asia","Lower middle income",1995,18.20742,0.99783,18247100,FALSE
"LKA","Sri Lanka","Asia","Lower middle income",1996,20.17341,1.09805,18372100,FALSE
"LKA","Sri Lanka","Asia","Lower middle income",1997,20.19942,1.09325,18476500,FALSE
"LKA","Sri Lanka","Asia","Lower middle income",1998,19.57375,1.05401,18570700,FALSE
"LKA","Sri Lanka","Asia","Lower middle income",1999,21.0197,1.12591,18669100,FALSE
"LKA","Sri Lanka","Asia","Lower middle income",2000,22.45427,1.19553,18781900,FALSE
"LKA","Sri Lanka","Asia","Lower middle income",2001,22.14222,1.17073,18913100,FALSE
"LKA","Sri Lanka","Asia","Lower middle income",2002,22.78429,1.19544,19059300,FALSE
"LKA","Sri Lanka","Asia","Lower middle income",2003,24.03849,1.25101,19215300,FALSE
"LKA","Sri Lanka","Asia","Lower middle income",2004,24.1301,1.24559,19372500,FALSE
"LKA","Sri Lanka","Asia","Lower middle income",2005,25.99189,1.33124,19524600,FALSE
"LKA","Sri Lanka","Asia","Lower middle income",2006,24.84002,1.26283,19670200,FALSE
"LKA","Sri Lanka","Asia","Lower middle income",2007,25.62072,1.29327,19810800,FALSE
"LKA","Sri Lanka","Asia","Lower middle income",2008,25.82539,1.29478,19945800,FALSE
"LKA","Sri Lanka","Asia","Lower middle income",2009,24.94812,1.24274,20075100,FALSE
"LKA","Sri Lanka","Asia","Lower middle income",2010,26.54878,1.3144,20198400,FALSE
"LKA","Sri Lanka","Asia","Lower middle income",2011,28.68088,1.41181,20315000,FALSE
"LKA","Sri Lanka","Asia","Lower middle income",2012,30.75236,1.50565,20424600,FALSE
"LKA","Sri Lanka","Asia","Lower middle income",2013,28.02057,1.36505,20527200,FALSE
"LKA","Sri Lanka","Asia","Lower middle income",2014,30.09075,1.45904,20623600,FALSE
"LKA","Sri Lanka","Asia","Lower middle income",2015,33.26533,1.60593,20714000,FALSE
"LKA","Sri Lanka","Asia","Lower middle income",2016,36.12685,1.73699,20798500,FALSE
"LKA","Sri Lanka","Asia","Lower middle income",2017,34.72436,1.66329,20876900,FALSE
"LKA","Sri Lanka","Asia","Lower middle income",2018,34.50109,1.64683,20950041,FALSE
"LKA","Sri Lanka","Asia","Lower middle income",2019,36.30456,1.72724,21018859,FALSE
"LKA","Sri Lanka","Asia","Lower middle income",2020,35.88284,1.7019,21084042,FALSE
"LKA","Sri Lanka","Asia","Lower middle income",2021,36.06527,1.70554,21146000,FALSE
"LKA","Sri Lanka","Asia","Lower middle income",2022,34.12591,1.60941,21204000,FALSE
"LKA","Sri Lanka","Asia","Lower middle income",2023,35.18536,1.65508,21259000,FALSE
"LKA","Sri Lanka","Asia","Lower middle income",2024,37.16653,1.74433,21307000,FALSE
"LSO","Lesotho","Africa","Lower middle income",1970,1.90772,1.84668,1033050,FALSE
"LSO","Lesotho","Africa","Lower middle income",1971,1.81243,1.71884,1054450,FALSE
"LSO","Lesotho","Africa","Lower middle income",1972,1.76897,1.64351,1076340,FALSE
"LSO","Lesotho","Africa","Lower middle income",1973,1.7468,1.58912,1099230,FALSE
"LSO","Lesotho","Africa","Lower middle income",1974,1.80525,1.6063,1123860,FALSE
"LSO","Lesotho","Africa","Lower middle income",1975,1.85691,1.61382,1150630,FALSE
"LSO","Lesotho","Africa","Lower middle income",1976,1.83381,1.55445,1179720,FALSE
"LSO","Lesotho","Africa","Lower middle income",1977,1.69657,1.4012,1210800,FALSE
"LSO","Lesotho","Africa","Lower middle income",1978,1.71767,1.38149,1243350,FALSE
"LSO","Lesotho","Africa","Lower middle income",1979,1.79655,1.40723,1276660,FALSE
"LSO","Lesotho","Africa","Lower middle income",1980,1.90429,1.45352,1310120,FALSE
"LSO","Lesotho","Africa","Lower middle income",1981,1.91668,1.42643,1343690,FALSE
"LSO","Lesotho","Africa","Lower middle income",1982,1.94488,1.41205,1377350,FALSE
"LSO","Lesotho","Africa","Lower middle income",1983,1.91286,1.35622,1410440,FALSE
"LSO","Lesotho","Africa","Lower middle income",1984,1.89097,1.31116,1442210,FALSE
"LSO","Lesotho","Africa","Lower middle income",1985,1.97144,1.33912,1472190,FALSE
"LSO","Lesotho","Africa","Lower middle income",1986,1.99999,1.33345,1499860,FALSE
"LSO","Lesotho","Africa","Lower middle income",1987,2.29515,1.50456,1525460,FALSE
"LSO","Lesotho","Africa","Lower middle income",1988,2.21761,1.43048,1550260,FALSE
"LSO","Lesotho","Africa","Lower middle income",1989,2.1511,1.36489,1576020,FALSE
"LSO","Lesotho","Africa","Lower middle income",1990,2.12855,1.32708,1603940,FALSE
"LSO","Lesotho","Africa","Lower middle income",1991,2.17164,1.32861,1634520,FALSE
"LSO","Lesotho","Africa","Lower middle income",1992,2.33476,1.40047,1667120,FALSE
"LSO","Lesotho","Africa","Lower middle income",1993,2.29573,1.35014,1700360,FALSE
"LSO","Lesotho","Africa","Lower middle income",1994,2.2417,1.29409,1732260,FALSE
"LSO","Lesotho","Africa","Lower middle income",1995,2.19468,1.24601,1761360,FALSE
"LSO","Lesotho","Africa","Lower middle income",1996,2.11236,1.18189,1787270,FALSE
"LSO","Lesotho","Africa","Lower middle income",1997,2.19194,1.21071,1810450,FALSE
"LSO","Lesotho","Africa","Lower middle income",1998,1.94446,1.06179,1831300,FALSE
"LSO","Lesotho","Africa","Lower middle income",1999,2.53111,1.36778,1850530,FALSE
"LSO","Lesotho","Africa","Lower middle income",2000,2.66805,1.42775,1868700,FALSE
"LSO","Lesotho","Africa","Lower middle income",2001,2.68111,1.42162,1885950,FALSE
"LSO","Lesotho","Africa","Lower middle income",2002,2.54556,1.33814,1902310,FALSE
"LSO","Lesotho","Africa","Lower middle income",2003,2.58171,1.34597,1918100,FALSE
"LSO","Lesotho","Africa","Lower middle income",2004,2.57502,1.33163,1933730,FALSE
"LSO","Lesotho","Africa","Lower middle income",2005,2.74513,1.40809,1949540,FALSE
"LSO","Lesotho","Africa","Lower middle income",2006,2.70289,1.37505,1965660,FALSE
"LSO","Lesotho","Africa","Lower middle income",2007,2.83941,1.43239,1982290,FALSE
"LSO","Lesotho","Africa","Lower middle income",2008,2.70335,1.35172,1999930,FALSE
"LSO","Lesotho","Africa","Lower middle income",2009,2.8015,1.38743,2019210,FALSE
"LSO","Lesotho","Africa","Lower middle income",2010,2.80692,1.37557,2040550,FALSE
"LSO","Lesotho","Africa","Lower middle income",2011,2.84357,1.37758,2064170,FALSE
"LSO","Lesotho","Africa","Lower middle income",2012,2.9068,1.39086,2089930,FALSE
"LSO","Lesotho","Africa","Lower middle income",2013,2.8103,1.32726,2117360,FALSE
"LSO","Lesotho","Africa","Lower middle income",2014,2.81809,1.31332,2145780,FALSE
"LSO","Lesotho","Africa","Lower middle income",2015,2.78456,1.28047,2174640,FALSE
"LSO","Lesotho","Africa","Lower middle income",2016,2.82099,1.28005,2203820,FALSE
"LSO","Lesotho","Africa","Lower middle income",2017,3.03136,1.35732,2233340,FALSE
"LSO","Lesotho","Africa","Lower middle income",2018,2.92975,1.29462,2263010,FALSE
"LSO","Lesotho","Africa","Lower middle income",2019,2.81195,1.22649,2292682,FALSE
"LSO","Lesotho","Africa","Lower middle income",2020,2.47494,1.06577,2322217,FALSE
"LSO","Lesotho","Africa","Lower middle income",2021,2.62138,1.11501,2351000,FALSE
"LSO","Lesotho","Africa","Lower middle income",2022,2.91149,1.2228,2381000,FALSE
"LSO","Lesotho","Africa","Lower middle income",2023,3.07096,1.27479,2409000,FALSE
"LSO","Lesotho","Africa","Lower middle income",2024,3.05497,1.25306,2438000,FALSE
"LTU","Lithuania","Europe","High income",1970,31.43097,10.02078,3136580,TRUE
"LTU","Lithuania","Europe","High income",1971,31.88587,10.05841,3170070,TRUE
"LTU","Lithuania","Europe","High income",1972,33.53798,10.46874,3203630,TRUE
"LTU","Lithuania","Europe","High income",1973,35.47894,10.96135,3236730,TRUE
"LTU","Lithuania","Europe","High income",1974,37.4381,11.45372,3268640,TRUE
"LTU","Lithuania","Europe","High income",1975,39.21294,11.88678,3298870,TRUE
"LTU","Lithuania","Europe","High income",1976,40.42373,12.14925,3327260,TRUE
"LTU","Lithuania","Europe","High income",1977,41.492,12.37068,3354060,TRUE
"LTU","Lithuania","Europe","High income",1978,42.79668,12.66249,3379800,TRUE
"LTU","Lithuania","Europe","High income",1979,43.89846,12.89167,3405180,TRUE
"LTU","Lithuania","Europe","High income",1980,45.17662,13.16811,3430760,TRUE
"LTU","Lithuania","Europe","High income",1981,45.45256,13.15125,3456140,TRUE
"LTU","Lithuania","Europe","High income",1982,45.52266,13.07698,3481130,TRUE
"LTU","Lithuania","Europe","High income",1983,45.78364,13.05664,3506540,TRUE
"LTU","Lithuania","Europe","High income",1984,46.55087,13.17423,3533480,TRUE
"LTU","Lithuania","Europe","High income",1985,46.55205,13.06761,3562400,TRUE
"LTU","Lithuania","Europe","High income",1986,47.05575,13.09264,3594060,TRUE
"LTU","Lithuania","Europe","High income",1987,47.50641,13.0968,3627330,TRUE
"LTU","Lithuania","Europe","High income",1988,47.29935,12.92865,3658490,TRUE
"LTU","Lithuania","Europe","High income",1989,46.91802,12.7406,3682560,TRUE
"LTU","Lithuania","Europe","High income",1990,48.61056,13.1521,3696030,TRUE
"LTU","Lithuania","Europe","High income",1991,50.1602,13.56616,3697450,TRUE
"LTU","Lithuania","Europe","High income",1992,33.01289,8.95119,3688100,TRUE
"LTU","Lithuania","Europe","High income",1993,26.64429,7.25874,3670650,TRUE
"LTU","Lithuania","Europe","High income",1994,25.06821,6.86964,3649130,TRUE
"LTU","Lithuania","Europe","High income",1995,23.92872,6.59812,3626600,TRUE
"LTU","Lithuania","Europe","High income",1996,24.44023,6.78191,3603740,TRUE
"LTU","Lithuania","Europe","High income",1997,23.98874,6.70095,3579900,TRUE
"LTU","Lithuania","Europe","High income",1998,24.95193,7.01857,3555130,TRUE
"LTU","Lithuania","Europe","High income",1999,22.03023,6.24231,3529180,TRUE
"LTU","Lithuania","Europe","High income",2000,20.41988,5.83119,3501840,TRUE
"LTU","Lithuania","Europe","High income",2001,21.10005,6.07437,3473620,TRUE
"LTU","Lithuania","Europe","High income",2002,21.60739,6.27256,3444750,TRUE
"LTU","Lithuania","Europe","High income",2003,21.68445,6.35097,3414350,TRUE
"LTU","Lithuania","Europe","High income",2004,22.55911,6.67208,3381120,TRUE
"LTU","Lithuania","Europe","High income",2005,23.57854,7.05047,3344250,TRUE
"LTU","Lithuania","Europe","High income",2006,23.86515,7.22383,3303670,TRUE
"LTU","Lithuania","Europe","High income",2007,25.95488,7.9614,3260090,TRUE
"LTU","Lithuania","Europe","High income",2008,26.42122,8.21905,3214630,TRUE
"LTU","Lithuania","Europe","High income",2009,23.31728,7.35846,3168770,TRUE
"LTU","Lithuania","Europe","High income",2010,24.2246,7.75485,3123800,TRUE
"LTU","Lithuania","Europe","High income",2011,25.11281,8.15383,3079880,TRUE
"LTU","Lithuania","Europe","High income",2012,25.43413,8.37407,3037250,TRUE
"LTU","Lithuania","Europe","High income",2013,23.90461,7.9753,2997330,TRUE
"LTU","Lithuania","Europe","High income",2014,23.94866,8.08571,2961850,TRUE
"LTU","Lithuania","Europe","High income",2015,24.72851,8.43421,2931930,TRUE
"LTU","Lithuania","Europe","High income",2016,24.46843,8.41346,2908250,TRUE
"LTU","Lithuania","Europe","High income",2017,24.90348,8.61623,2890300,TRUE
"LTU","Lithuania","Europe","High income",2018,24.45494,8.5017,2876475,TRUE
"LTU","Lithuania","Europe","High income",2019,24.65638,8.60769,2864459,TRUE
"LTU","Lithuania","Europe","High income",2020,24.4498,8.57142,2852478,TRUE
"LTU","Lithuania","Europe","High income",2021,24.28782,8.55205,2840000,TRUE
"LTU","Lithuania","Europe","High income",2022,22.29975,7.88534,2828000,TRUE
"LTU","Lithuania","Europe","High income",2023,21.57555,7.66722,2814000,TRUE
"LTU","Lithuania","Europe","High income",2024,21.53571,7.68858,2801000,TRUE
"LUX","Luxembourg","Europe","High income",1970,20.51825,60.40677,339668,TRUE
"LUX","Luxembourg","Europe","High income",1971,19.12264,55.87724,342226,TRUE
"LUX","Luxembourg","Europe","High income",1972,18.74906,54.32888,345103,TRUE
"LUX","Luxembourg","Europe","High income",1973,20.20792,58.03988,348173,TRUE
"LUX","Luxembourg","Europe","High income",1974,18.70152,53.25202,351189,TRUE
"LUX","Luxembourg","Europe","High income",1975,14.96916,42.2878,353983,TRUE
"LUX","Luxembourg","Europe","High income",1976,15.89942,44.59065,356564,TRUE
"LUX","Luxembourg","Europe","High income",1977,15.16712,42.25201,358968,TRUE
"LUX","Luxembourg","Europe","High income",1978,16.37528,45.35173,361073,TRUE
"LUX","Luxembourg","Europe","High income",1979,15.56545,42.90497,362789,TRUE
"LUX","Luxembourg","Europe","High income",1980,14.58579,40.06668,364038,TRUE
"LUX","Luxembourg","Europe","High income",1981,12.59484,34.52712,364781,TRUE
"LUX","Luxembourg","Europe","High income",1982,11.83097,32.40492,365098,TRUE
"LUX","Luxembourg","Europe","High income",1983,11.0549,30.26211,365305,TRUE
"LUX","Luxembourg","Europe","High income",1984,12.11076,33.10805,365795,TRUE
"LUX","Luxembourg","Europe","High income",1985,12.2408,33.36423,366884,TRUE
"LUX","Luxembourg","Europe","High income",1986,11.96723,32.4609,368666,TRUE
"LUX","Luxembourg","Europe","High income",1987,11.36647,30.63095,371078,TRUE
"LUX","Luxembourg","Europe","High income",1988,11.83207,31.62657,374118,TRUE
"LUX","Luxembourg","Europe","High income",1989,12.6437,33.47498,377706,TRUE
"LUX","Luxembourg","Europe","High income",1990,12.93073,33.86861,381791,TRUE
"LUX","Luxembourg","Europe","High income",1991,13.43983,34.78648,386352,TRUE
"LUX","Luxembourg","Europe","High income",1992,13.15976,33.6228,391394,TRUE
"LUX","Luxembourg","Europe","High income",1993,13.38081,33.72096,396810,TRUE
"LUX","Luxembourg","Europe","High income",1994,12.44555,30.92577,402433,TRUE
"LUX","Luxembourg","Europe","High income",1995,10.04829,24.61916,408149,TRUE
"LUX","Luxembourg","Europe","High income",1996,10.12242,24.45035,413999,TRUE
"LUX","Luxembourg","Europe","High income",1997,9.51072,22.64597,419974,TRUE
"LUX","Luxembourg","Europe","High income",1998,8.76181,20.57569,425833,TRUE
"LUX","Luxembourg","Europe","High income",1999,9.1579,21.23511,431262,TRUE
"LUX","Luxembourg","Europe","High income",2000,9.78204,22.43057,436103,TRUE
"LUX","Luxembourg","Europe","High income",2001,10.32593,23.45748,440198,TRUE
"LUX","Luxembourg","Europe","High income",2002,11.00899,24.81033,443726,TRUE
"LUX","Luxembourg","Europe","High income",2003,11.41967,25.52898,447322,TRUE
"LUX","Luxembourg","Europe","High income",2004,12.84729,28.4346,451819,TRUE
"LUX","Luxembourg","Europe","High income",2005,13.07661,28.56139,457842,TRUE
"LUX","Luxembourg","Europe","High income",2006,12.88146,27.6691,465554,TRUE
"LUX","Luxembourg","Europe","High income",2007,12.2979,25.90548,474722,TRUE
"LUX","Luxembourg","Europe","High income",2008,12.18225,25.1126,485105,TRUE
"LUX","Luxembourg","Europe","High income",2009,11.5846,23.34292,496279,TRUE
"LUX","Luxembourg","Europe","High income",2010,12.20472,24.03029,507889,TRUE
"LUX","Luxembourg","Europe","High income",2011,12.0611,23.19705,519941,TRUE
"LUX","Luxembourg","Europe","High income",2012,11.82263,22.20683,532387,TRUE
"LUX","Luxembourg","Europe","High income",2013,11.29158,20.72911,544721,TRUE
"LUX","Luxembourg","Europe","High income",2014,10.79799,19.40982,556316,TRUE
"LUX","Luxembourg","Europe","High income",2015,10.29643,18.16779,566741,TRUE
"LUX","Luxembourg","Europe","High income",2016,10.03611,17.43145,575747,TRUE
"LUX","Luxembourg","Europe","High income",2017,10.19405,17.47188,583455,TRUE
"LUX","Luxembourg","Europe","High income",2018,10.52938,17.83671,590321,TRUE
"LUX","Luxembourg","Europe","High income",2019,10.65993,17.85606,596992,TRUE
"LUX","Luxembourg","Europe","High income",2020,8.92458,14.77716,603944,TRUE
"LUX","Luxembourg","Europe","High income",2021,9.31791,15.25026,611000,TRUE
"LUX","Luxembourg","Europe","High income",2022,8.19244,13.23496,619000,TRUE
"LUX","Luxembourg","Europe","High income",2023,7.85247,12.52388,627000,TRUE
"LUX","Luxembourg","Europe","High income",2024,8.05367,12.70295,634000,TRUE
"LVA","Latvia","Europe","High income",1970,17.71244,7.4484,2378020,TRUE
"LVA","Latvia","Europe","High income",1971,17.95823,7.48765,2398380,TRUE
"LVA","Latvia","Europe","High income",1972,18.85484,7.79683,2418270,TRUE
"LVA","Latvia","Europe","High income",1973,19.93813,8.18082,2437180,TRUE
"LVA","Latvia","Europe","High income",1974,21.03523,8.57045,2454390,TRUE
"LVA","Latvia","Europe","High income",1975,22.15703,8.97249,2469440,TRUE
"LVA","Latvia","Europe","High income",1976,22.84156,9.20222,2482180,TRUE
"LVA","Latvia","Europe","High income",1977,23.37097,9.37471,2492980,TRUE
"LVA","Latvia","Europe","High income",1978,24.14428,9.64802,2502510,TRUE
"LVA","Latvia","Europe","High income",1979,24.7109,9.83816,2511740,TRUE
"LVA","Latvia","Europe","High income",1980,25.416,10.08015,2521390,TRUE
"LVA","Latvia","Europe","High income",1981,25.6434,10.13169,2531010,TRUE
"LVA","Latvia","Europe","High income",1982,26.10879,10.27727,2540440,TRUE
"LVA","Latvia","Europe","High income",1983,26.45296,10.36993,2550930,TRUE
"LVA","Latvia","Europe","High income",1984,26.66945,10.40105,2564110,TRUE
"LVA","Latvia","Europe","High income",1985,26.81035,10.38859,2580750,TRUE
"LVA","Latvia","Europe","High income",1986,27.20589,10.45516,2602150,TRUE
"LVA","Latvia","Europe","High income",1987,27.58685,10.50167,2626900,TRUE
"LVA","Latvia","Europe","High income",1988,27.42922,10.35135,2649820,TRUE
"LVA","Latvia","Europe","High income",1989,27.13455,10.18595,2663920,TRUE
"LVA","Latvia","Europe","High income",1990,27.54643,10.33858,2664430,TRUE
"LVA","Latvia","Europe","High income",1991,25.79783,9.73815,2649150,TRUE
"LVA","Latvia","Europe","High income",1992,21.7148,8.2873,2620250,TRUE
"LVA","Latvia","Europe","High income",1993,18.46457,7.14947,2582650,TRUE
"LVA","Latvia","Europe","High income",1994,15.29609,6.01351,2543620,TRUE
"LVA","Latvia","Europe","High income",1995,13.65812,5.4448,2508470,TRUE
"LVA","Latvia","Europe","High income",1996,13.63736,5.50155,2478820,TRUE
"LVA","Latvia","Europe","High income",1997,13.10064,5.34001,2453300,TRUE
"LVA","Latvia","Europe","High income",1998,12.55973,5.16744,2430550,TRUE
"LVA","Latvia","Europe","High income",1999,11.91644,4.9485,2408090,TRUE
"LVA","Latvia","Europe","High income",2000,11.09924,4.65541,2384160,TRUE
"LVA","Latvia","Europe","High income",2001,11.70186,4.96119,2358680,TRUE
"LVA","Latvia","Europe","High income",2002,11.75929,5.04152,2332490,TRUE
"LVA","Latvia","Europe","High income",2003,12.06166,5.23106,2305780,TRUE
"LVA","Latvia","Europe","High income",2004,12.13956,5.32703,2278860,TRUE
"LVA","Latvia","Europe","High income",2005,12.28622,5.45574,2251980,TRUE
"LVA","Latvia","Europe","High income",2006,12.87831,5.78743,2225220,TRUE
"LVA","Latvia","Europe","High income",2007,13.30895,6.0536,2198520,TRUE
"LVA","Latvia","Europe","High income",2008,12.91041,5.94435,2171880,TRUE
"LVA","Latvia","Europe","High income",2009,12.15672,5.66665,2145310,TRUE
"LVA","Latvia","Europe","High income",2010,13.22863,6.24331,2118850,TRUE
"LVA","Latvia","Europe","High income",2011,12.65092,6.04587,2092490,TRUE
"LVA","Latvia","Europe","High income",2012,12.57537,6.08573,2066370,TRUE
"LVA","Latvia","Europe","High income",2013,12.32916,6.0414,2040780,TRUE
"LVA","Latvia","Europe","High income",2014,12.20995,6.05613,2016130,TRUE
"LVA","Latvia","Europe","High income",2015,12.48076,6.26337,1992660,TRUE
"LVA","Latvia","Europe","High income",2016,12.4655,6.32597,1970530,TRUE
"LVA","Latvia","Europe","High income",2017,12.33246,6.32541,1949670,TRUE
"LVA","Latvia","Europe","High income",2018,12.91106,6.68989,1929938,TRUE
"LVA","Latvia","Europe","High income",2019,12.7841,6.68937,1911108,TRUE
"LVA","Latvia","Europe","High income",2020,12.18851,6.43875,1892993,TRUE
"LVA","Latvia","Europe","High income",2021,12.4485,6.6392,1875000,TRUE
"LVA","Latvia","Europe","High income",2022,11.82361,6.3602,1859000,TRUE
"LVA","Latvia","Europe","High income",2023,11.69802,6.35072,1842000,TRUE
"LVA","Latvia","Europe","High income",2024,11.64239,6.37241,1827000,TRUE
"MAC","Macao","Asia","High income",1970,0.3327,1.35138,246195,FALSE
"MAC","Macao","Asia","High income",1971,0.33366,1.3414,248739,FALSE
"MAC","Macao","Asia","High income",1972,0.3521,1.41539,248767,FALSE
"MAC","Macao","Asia","High income",1973,0.41821,1.6935,246947,FALSE
"MAC","Macao","Asia","High income",1974,0.5064,2.07299,244284,FALSE
"MAC","Macao","Asia","High income",1975,0.42376,1.75378,241628,FALSE
"MAC","Macao","Asia","High income",1976,0.41749,1.74619,239085,FALSE
"MAC","Macao","Asia","High income",1977,0.43919,1.85551,236695,FALSE
"MAC","Macao","Asia","High income",1978,0.43589,1.85329,235198,FALSE
"MAC","Macao","Asia","High income",1979,0.46759,1.98569,235479,FALSE
"MAC","Macao","Asia","High income",1980,0.50255,2.11052,238118,FALSE
"MAC","Macao","Asia","High income",1981,0.48372,1.98712,243427,FALSE
"MAC","Macao","Asia","High income",1982,0.50647,2.01605,251219,FALSE
"MAC","Macao","Asia","High income",1983,0.68651,2.63035,260997,FALSE
"MAC","Macao","Asia","High income",1984,0.66734,2.45353,271993,FALSE
"MAC","Macao","Asia","High income",1985,0.60832,2.14513,283581,FALSE
"MAC","Macao","Asia","High income",1986,0.74894,2.53295,295677,FALSE
"MAC","Macao","Asia","High income",1987,0.91769,2.97686,308275,FALSE
"MAC","Macao","Asia","High income",1988,0.89595,2.7922,320877,FALSE
"MAC","Macao","Asia","High income",1989,0.91799,2.75754,332901,FALSE
"MAC","Macao","Asia","High income",1990,1.00138,2.91153,343935,FALSE
"MAC","Macao","Asia","High income",1991,1.02681,2.90252,353764,FALSE
"MAC","Macao","Asia","High income",1992,1.15862,3.19656,362459,FALSE
"MAC","Macao","Asia","High income",1993,1.28172,3.46089,370345,FALSE
"MAC","Macao","Asia","High income",1994,1.39845,3.69999,377960,FALSE
"MAC","Macao","Asia","High income",1995,1.269,3.29024,385686,FALSE
"MAC","Macao","Asia","High income",1996,1.45839,3.70556,393567,FALSE
"MAC","Macao","Asia","High income",1997,1.54909,3.85763,401564,FALSE
"MAC","Macao","Asia","High income",1998,1.70202,4.15292,409837,FALSE
"MAC","Macao","Asia","High income",1999,1.79245,4.28198,418604,FALSE
"MAC","Macao","Asia","High income",2000,1.51847,3.548,427979,FALSE
"MAC","Macao","Asia","High income",2001,1.62654,3.71288,438081,FALSE
"MAC","Macao","Asia","High income",2002,1.78143,3.96847,448896,FALSE
"MAC","Macao","Asia","High income",2003,1.82943,3.97574,460147,FALSE
"MAC","Macao","Asia","High income",2004,2.11367,4.48331,471453,FALSE
"MAC","Macao","Asia","High income",2005,2.12597,4.40563,482559,FALSE
"MAC","Macao","Asia","High income",2006,2.11502,4.28732,493320,FALSE
"MAC","Macao","Asia","High income",2007,2.01087,3.99122,503823,FALSE
"MAC","Macao","Asia","High income",2008,1.6758,3.25811,514348,FALSE
"MAC","Macao","Asia","High income",2009,1.77563,3.38014,525313,FALSE
"MAC","Macao","Asia","High income",2010,1.79771,3.34789,536969,FALSE
"MAC","Macao","Asia","High income",2011,1.76888,3.21942,549439,FALSE
"MAC","Macao","Asia","High income",2012,1.82564,3.2454,562531,FALSE
"MAC","Macao","Asia","High income",2013,1.89517,3.29113,575841,FALSE
"MAC","Macao","Asia","High income",2014,2.17218,3.68929,588781,FALSE
"MAC","Macao","Asia","High income",2015,2.85543,4.75159,600942,FALSE
"MAC","Macao","Asia","High income",2016,2.72342,4.44882,612167,FALSE
"MAC","Macao","Asia","High income",2017,2.98013,4.78684,622567,FALSE
"MAC","Macao","Asia","High income",2018,2.21244,3.49838,632418,FALSE
"MAC","Macao","Asia","High income",2019,2.3356,3.6375,642090,FALSE
"MAC","Macao","Asia","High income",2020,2.31883,3.55717,651875,FALSE
"MAC","Macao","Asia","High income",2021,2.13228,3.22097,662000,FALSE
"MAC","Macao","Asia","High income",2022,1.76152,2.62131,672000,FALSE
"MAC","Macao","Asia","High income",2023,1.76391,2.58637,682000,FALSE
"MAC","Macao","Asia","High income",2024,1.82009,2.63019,692000,FALSE
"MAR","Morocco","Africa","Lower middle income",1970,22.2487,1.39054,1.6e+07,FALSE
"MAR","Morocco","Africa","Lower middle income",1971,22.93335,1.40289,16347200,FALSE
"MAR","Morocco","Africa","Lower middle income",1972,23.40606,1.40198,16695000,FALSE
"MAR","Morocco","Africa","Lower middle income",1973,24.8556,1.45787,17049200,FALSE
"MAR","Morocco","Africa","Lower middle income",1974,25.65487,1.47298,17417000,FALSE
"MAR","Morocco","Africa","Lower middle income",1975,26.64184,1.49642,17803700,FALSE
"MAR","Morocco","Africa","Lower middle income",1976,27.83,1.52821,18210800,FALSE
"MAR","Morocco","Africa","Lower middle income",1977,28.96121,1.55396,18637000,FALSE
"MAR","Morocco","Africa","Lower middle income",1978,30.66819,1.6072,19081700,FALSE
"MAR","Morocco","Africa","Lower middle income",1979,31.89867,1.6322,19543300,FALSE
"MAR","Morocco","Africa","Lower middle income",1980,33.16917,1.65682,20019800,FALSE
"MAR","Morocco","Africa","Lower middle income",1981,32.84532,1.6013,20511600,FALSE
"MAR","Morocco","Africa","Lower middle income",1982,31.53738,1.50058,21016800,FALSE
"MAR","Morocco","Africa","Lower middle income",1983,33.24028,1.54401,21528500,FALSE
"MAR","Morocco","Africa","Lower middle income",1984,33.20262,1.50664,22037600,FALSE
"MAR","Morocco","Africa","Lower middle income",1985,34.98141,1.55215,22537400,FALSE
"MAR","Morocco","Africa","Lower middle income",1986,36.90555,1.60292,23023900,FALSE
"MAR","Morocco","Africa","Lower middle income",1987,38.53112,1.63978,23497800,FALSE
"MAR","Morocco","Africa","Lower middle income",1988,39.19567,1.63576,23961800,FALSE
"MAR","Morocco","Africa","Lower middle income",1989,41.49097,1.69897,24421200,FALSE
"MAR","Morocco","Africa","Lower middle income",1990,42.48705,1.70774,24879100,FALSE
"MAR","Morocco","Africa","Lower middle income",1991,43.4255,1.71392,25336900,FALSE
"MAR","Morocco","Africa","Lower middle income",1992,44.97273,1.7437,25791500,FALSE
"MAR","Morocco","Africa","Lower middle income",1993,44.77917,1.70669,26237400,FALSE
"MAR","Morocco","Africa","Lower middle income",1994,47.68864,1.7883,26667000,FALSE
"MAR","Morocco","Africa","Lower middle income",1995,48.98051,1.80905,27075200,FALSE
"MAR","Morocco","Africa","Lower middle income",1996,49.42548,1.79987,27460600,FALSE
"MAR","Morocco","Africa","Lower middle income",1997,51.8499,1.86337,27825900,FALSE
"MAR","Morocco","Africa","Lower middle income",1998,52.89454,1.87734,28175300,FALSE
"MAR","Morocco","Africa","Lower middle income",1999,55.25296,1.93769,28514800,FALSE
"MAR","Morocco","Africa","Lower middle income",2000,56.66801,1.96426,28849600,FALSE
"MAR","Morocco","Africa","Lower middle income",2001,60.50772,2.07347,29181800,FALSE
"MAR","Morocco","Africa","Lower middle income",2002,62.07597,2.10339,29512400,FALSE
"MAR","Morocco","Africa","Lower middle income",2003,62.61994,2.09825,29843900,FALSE
"MAR","Morocco","Africa","Lower middle income",2004,68.50126,2.26981,30179300,FALSE
"MAR","Morocco","Africa","Lower middle income",2005,70.59978,2.31315,30521100,FALSE
"MAR","Morocco","Africa","Lower middle income",2006,72.02163,2.33312,30869300,FALSE
"MAR","Morocco","Africa","Lower middle income",2007,72.95203,2.33627,31225900,FALSE
"MAR","Morocco","Africa","Lower middle income",2008,76.87943,2.43313,31596900,FALSE
"MAR","Morocco","Africa","Lower middle income",2009,76.91931,2.40449,31989900,FALSE
"MAR","Morocco","Africa","Lower middle income",2010,80.73709,2.49115,32409600,FALSE
"MAR","Morocco","Africa","Lower middle income",2011,86.13032,2.62123,32858800,FALSE
"MAR","Morocco","Africa","Lower middle income",2012,88.91032,2.66727,33333800,FALSE
"MAR","Morocco","Africa","Lower middle income",2013,89.83415,2.65587,33824800,FALSE
"MAR","Morocco","Africa","Lower middle income",2014,91.37861,2.66269,34318100,FALSE
"MAR","Morocco","Africa","Lower middle income",2015,93.6738,2.69152,34803300,FALSE
"MAR","Morocco","Africa","Lower middle income",2016,94.05581,2.66622,35276800,FALSE
"MAR","Morocco","Africa","Lower middle income",2017,98.00564,2.74221,35739600,FALSE
"MAR","Morocco","Africa","Lower middle income",2018,100.02913,2.76386,36191805,FALSE
"MAR","Morocco","Africa","Lower middle income",2019,107.74718,2.94109,36635156,FALSE
"MAR","Morocco","Africa","Lower middle income",2020,104.2614,2.8125,37070718,FALSE
"MAR","Morocco","Africa","Lower middle income",2021,110.822,2.95541,37498000,FALSE
"MAR","Morocco","Africa","Lower middle income",2022,110.76092,2.92137,37914000,FALSE
"MAR","Morocco","Africa","Lower middle income",2023,108.35807,2.82779,38319000,FALSE
"MAR","Morocco","Africa","Lower middle income",2024,108.73642,2.80864,38715000,FALSE
"MDA","Moldova","Europe","Upper middle income",1970,23.41182,6.5132,3594520,FALSE
"MDA","Moldova","Europe","Upper middle income",1971,23.6373,6.48393,3645520,FALSE
"MDA","Moldova","Europe","Upper middle income",1972,24.88511,6.73089,3697150,FALSE
"MDA","Moldova","Europe","Upper middle income",1973,26.32031,7.02263,3747930,FALSE
"MDA","Moldova","Europe","Upper middle income",1974,27.67816,7.29207,3795650,FALSE
"MDA","Moldova","Europe","Upper middle income",1975,29.43079,7.66644,3838910,FALSE
"MDA","Moldova","Europe","Upper middle income",1976,30.25808,7.80461,3876950,FALSE
"MDA","Moldova","Europe","Upper middle income",1977,30.92412,7.90769,3910640,FALSE
"MDA","Moldova","Europe","Upper middle income",1978,32.04321,8.12838,3942140,FALSE
"MDA","Moldova","Europe","Upper middle income",1979,32.76493,8.24377,3974510,FALSE
"MDA","Moldova","Europe","Upper middle income",1980,33.94298,8.46492,4009840,FALSE
"MDA","Moldova","Europe","Upper middle income",1981,33.87343,8.36666,4048620,FALSE
"MDA","Moldova","Europe","Upper middle income",1982,34.26247,8.37742,4089860,FALSE
"MDA","Moldova","Europe","Upper middle income",1983,34.57487,8.36668,4132450,FALSE
"MDA","Moldova","Europe","Upper middle income",1984,34.91387,8.36336,4174620,FALSE
"MDA","Moldova","Europe","Upper middle income",1985,35.18622,8.34802,4214920,FALSE
"MDA","Moldova","Europe","Upper middle income",1986,36.05223,8.47658,4253160,FALSE
"MDA","Moldova","Europe","Upper middle income",1987,36.86295,8.59457,4289100,FALSE
"MDA","Moldova","Europe","Upper middle income",1988,37.06113,8.57712,4320930,FALSE
"MDA","Moldova","Europe","Upper middle income",1989,36.9752,8.50699,4346450,FALSE
"MDA","Moldova","Europe","Upper middle income",1990,37.41958,8.57437,4364120,FALSE
"MDA","Moldova","Europe","Upper middle income",1991,30.93855,7.07397,4373580,FALSE
"MDA","Moldova","Europe","Upper middle income",1992,25.3404,5.79168,4375310,FALSE
"MDA","Moldova","Europe","Upper middle income",1993,21.64108,4.95259,4369650,FALSE
"MDA","Moldova","Europe","Upper middle income",1994,18.58201,4.26459,4357280,FALSE
"MDA","Moldova","Europe","Upper middle income",1995,16.5447,3.81295,4339080,FALSE
"MDA","Moldova","Europe","Upper middle income",1996,14.67194,3.40045,4314700,FALSE
"MDA","Moldova","Europe","Upper middle income",1997,13.32521,3.10978,4284930,FALSE
"MDA","Moldova","Europe","Upper middle income",1998,12.09087,2.84272,4253280,FALSE
"MDA","Moldova","Europe","Upper middle income",1999,10.61245,2.51226,4224270,FALSE
"MDA","Moldova","Europe","Upper middle income",2000,9.91285,2.35959,4201090,FALSE
"MDA","Moldova","Europe","Upper middle income",2001,10.10445,2.41415,4185510,FALSE
"MDA","Moldova","Europe","Upper middle income",2002,10.33443,2.47435,4176620,FALSE
"MDA","Moldova","Europe","Upper middle income",2003,10.92047,2.61778,4171650,FALSE
"MDA","Moldova","Europe","Upper middle income",2004,10.92445,2.62207,4166340,FALSE
"MDA","Moldova","Europe","Upper middle income",2005,11.25519,2.70707,4157700,FALSE
"MDA","Moldova","Europe","Upper middle income",2006,11.0688,2.67057,4144730,FALSE
"MDA","Moldova","Europe","Upper middle income",2007,10.93327,2.64815,4128650,FALSE
"MDA","Moldova","Europe","Upper middle income",2008,10.61496,2.58181,4111440,FALSE
"MDA","Moldova","Europe","Upper middle income",2009,10.42864,2.54603,4096040,FALSE
"MDA","Moldova","Europe","Upper middle income",2010,11.5058,2.81695,4084480,FALSE
"MDA","Moldova","Europe","Upper middle income",2011,11.71266,2.8726,4077370,FALSE
"MDA","Moldova","Europe","Upper middle income",2012,11.33663,2.78288,4073700,FALSE
"MDA","Moldova","Europe","Upper middle income",2013,10.77087,2.64513,4071960,FALSE
"MDA","Moldova","Europe","Upper middle income",2014,11.33146,2.78418,4069940,FALSE
"MDA","Moldova","Europe","Upper middle income",2015,11.61741,2.85722,4065980,FALSE
"MDA","Moldova","Europe","Upper middle income",2016,11.89974,2.93125,4059610,FALSE
"MDA","Moldova","Europe","Upper middle income",2017,11.92695,2.94405,4051210,FALSE
"MDA","Moldova","Europe","Upper middle income",2018,12.62037,3.12303,4041065,FALSE
"MDA","Moldova","Europe","Upper middle income",2019,12.6926,3.14972,4029750,FALSE
"MDA","Moldova","Europe","Upper middle income",2020,12.38485,3.08258,4017687,FALSE
"MDA","Moldova","Europe","Upper middle income",2021,13.21424,3.29943,4005000,FALSE
"MDA","Moldova","Europe","Upper middle income",2022,11.64924,2.91888,3991000,FALSE
"MDA","Moldova","Europe","Upper middle income",2023,11.65065,2.92951,3977000,FALSE
"MDA","Moldova","Europe","Upper middle income",2024,11.65832,2.94328,3961000,FALSE
"MDG","Madagascar","Africa","Low income",1970,18.29691,2.78224,6576310,FALSE
"MDG","Madagascar","Africa","Low income",1971,17.30297,2.56042,6757850,FALSE
"MDG","Madagascar","Africa","Low income",1972,17.73001,2.55232,6946620,FALSE
"MDG","Madagascar","Africa","Low income",1973,18.04483,2.52636,7142630,FALSE
"MDG","Madagascar","Africa","Low income",1974,18.48024,2.51576,7345780,FALSE
"MDG","Madagascar","Africa","Low income",1975,18.73591,2.4796,7556030,FALSE
"MDG","Madagascar","Africa","Low income",1976,18.86157,2.42641,7773450,FALSE
"MDG","Madagascar","Africa","Low income",1977,19.40352,2.426,7998160,FALSE
"MDG","Madagascar","Africa","Low income",1978,20.66106,2.51039,8230220,FALSE
"MDG","Madagascar","Africa","Low income",1979,20.81115,2.45714,8469670,FALSE
"MDG","Madagascar","Africa","Low income",1980,21.52718,2.46969,8716550,FALSE
"MDG","Madagascar","Africa","Low income",1981,21.44912,2.39085,8971340,FALSE
"MDG","Madagascar","Africa","Low income",1982,21.65025,2.34459,9234130,FALSE
"MDG","Madagascar","Africa","Low income",1983,21.91238,2.30553,9504280,FALSE
"MDG","Madagascar","Africa","Low income",1984,22.26169,2.27604,9780870,FALSE
"MDG","Madagascar","Africa","Low income",1985,22.00313,2.18643,10063500,FALSE
"MDG","Madagascar","Africa","Low income",1986,22.14202,2.13889,10352100,FALSE
"MDG","Madagascar","Africa","Low income",1987,22.18836,2.08384,10647800,FALSE
"MDG","Madagascar","Africa","Low income",1988,22.32479,2.03835,10952400,FALSE
"MDG","Madagascar","Africa","Low income",1989,22.40422,1.98818,11268700,FALSE
"MDG","Madagascar","Africa","Low income",1990,22.88231,1.97285,11598600,FALSE
"MDG","Madagascar","Africa","Low income",1991,22.95529,1.9221,11942800,FALSE
"MDG","Madagascar","Africa","Low income",1992,23.32878,1.89645,12301300,FALSE
"MDG","Madagascar","Africa","Low income",1993,23.85846,1.88225,12675500,FALSE
"MDG","Madagascar","Africa","Low income",1994,23.52693,1.80055,13066500,FALSE
"MDG","Madagascar","Africa","Low income",1995,24.11918,1.78987,13475400,FALSE
"MDG","Madagascar","Africa","Low income",1996,24.27675,1.74619,13902700,FALSE
"MDG","Madagascar","Africa","Low income",1997,24.48585,1.70658,14347900,FALSE
"MDG","Madagascar","Africa","Low income",1998,24.86234,1.67889,14808800,FALSE
"MDG","Madagascar","Africa","Low income",1999,25.15252,1.64584,15282500,FALSE
"MDG","Madagascar","Africa","Low income",2000,25.31584,1.60564,15766800,FALSE
"MDG","Madagascar","Africa","Low income",2001,23.49425,1.44483,16260900,FALSE
"MDG","Madagascar","Africa","Low income",2002,21.64292,1.29095,16765100,FALSE
"MDG","Madagascar","Africa","Low income",2003,22.82815,1.32114,17279100,FALSE
"MDG","Madagascar","Africa","Low income",2004,23.51319,1.32074,17803000,FALSE
"MDG","Madagascar","Africa","Low income",2005,26.18489,1.428,18336700,FALSE
"MDG","Madagascar","Africa","Low income",2006,26.47838,1.40243,18880300,FALSE
"MDG","Madagascar","Africa","Low income",2007,27.11665,1.39536,19433500,FALSE
"MDG","Madagascar","Africa","Low income",2008,27.73858,1.38717,19996500,FALSE
"MDG","Madagascar","Africa","Low income",2009,28.36728,1.37912,20569100,FALSE
"MDG","Madagascar","Africa","Low income",2010,29.01632,1.37183,21151600,FALSE
"MDG","Madagascar","Africa","Low income",2011,29.07071,1.33696,21743900,FALSE
"MDG","Madagascar","Africa","Low income",2012,30.39388,1.36011,22346600,FALSE
"MDG","Madagascar","Africa","Low income",2013,29.60327,1.28928,22961100,FALSE
"MDG","Madagascar","Africa","Low income",2014,31.10253,1.31847,23589800,FALSE
"MDG","Madagascar","Africa","Low income",2015,31.46103,1.29821,24234100,FALSE
"MDG","Madagascar","Africa","Low income",2016,31.42545,1.26234,24894600,FALSE
"MDG","Madagascar","Africa","Low income",2017,31.82552,1.2446,25570900,FALSE
"MDG","Madagascar","Africa","Low income",2018,30.38603,1.157,26262810,FALSE
"MDG","Madagascar","Africa","Low income",2019,32.24789,1.19571,26969642,FALSE
"MDG","Madagascar","Africa","Low income",2020,31.86937,1.1509,27690798,FALSE
"MDG","Madagascar","Africa","Low income",2021,33.59694,1.18191,28426000,FALSE
"MDG","Madagascar","Africa","Low income",2022,34.45766,1.18103,29176000,FALSE
"MDG","Madagascar","Africa","Low income",2023,35.70544,1.19265,29938000,FALSE
"MDG","Madagascar","Africa","Low income",2024,35.78997,1.1653,30713000,FALSE
"MDV","Maldives","Asia","Upper middle income",1970,0.02105,0.18183,115768,FALSE
"MDV","Maldives","Asia","Upper middle income",1971,0.02213,0.18537,119378,FALSE
"MDV","Maldives","Asia","Upper middle income",1972,0.02384,0.1931,123441,FALSE
"MDV","Maldives","Asia","Upper middle income",1973,0.02738,0.21429,127791,FALSE
"MDV","Maldives","Asia","Upper middle income",1974,0.03142,0.23764,132195,FALSE
"MDV","Maldives","Asia","Upper middle income",1975,0.03021,0.22131,136519,FALSE
"MDV","Maldives","Asia","Upper middle income",1976,0.03126,0.22223,140665,FALSE
"MDV","Maldives","Asia","Upper middle income",1977,0.03319,0.22928,144736,FALSE
"MDV","Maldives","Asia","Upper middle income",1978,0.03464,0.23262,148892,FALSE
"MDV","Maldives","Asia","Upper middle income",1979,0.03704,0.24148,153386,FALSE
"MDV","Maldives","Asia","Upper middle income",1980,0.03972,0.25076,158385,FALSE
"MDV","Maldives","Asia","Upper middle income",1981,0.04114,0.25092,163935,FALSE
"MDV","Maldives","Asia","Upper middle income",1982,0.04233,0.24904,169960,FALSE
"MDV","Maldives","Asia","Upper middle income",1983,0.04399,0.24943,176356,FALSE
"MDV","Maldives","Asia","Upper middle income",1984,0.08259,0.45144,182953,FALSE
"MDV","Maldives","Asia","Upper middle income",1985,0.0898,0.47355,189637,FALSE
"MDV","Maldives","Asia","Upper middle income",1986,0.09086,0.46271,196357,FALSE
"MDV","Maldives","Asia","Upper middle income",1987,0.0997,0.49085,203124,FALSE
"MDV","Maldives","Asia","Upper middle income",1988,0.11541,0.54986,209885,FALSE
"MDV","Maldives","Asia","Upper middle income",1989,0.113,0.52173,216595,FALSE
"MDV","Maldives","Asia","Upper middle income",1990,0.13501,0.60484,223215,FALSE
"MDV","Maldives","Asia","Upper middle income",1991,0.13912,0.6055,229754,FALSE
"MDV","Maldives","Asia","Upper middle income",1992,0.15009,0.63546,236190,FALSE
"MDV","Maldives","Asia","Upper middle income",1993,0.17078,0.70436,242459,FALSE
"MDV","Maldives","Asia","Upper middle income",1994,0.32198,1.29603,248433,FALSE
"MDV","Maldives","Asia","Upper middle income",1995,0.38642,1.52084,254082,FALSE
"MDV","Maldives","Asia","Upper middle income",1996,0.39378,1.51846,259327,FALSE
"MDV","Maldives","Asia","Upper middle income",1997,0.35762,1.35322,264275,FALSE
"MDV","Maldives","Asia","Upper middle income",1998,0.40053,1.4878,269206,FALSE
"MDV","Maldives","Asia","Upper middle income",1999,0.40177,1.46374,274484,FALSE
"MDV","Maldives","Asia","Upper middle income",2000,0.69497,2.47865,280384,FALSE
"MDV","Maldives","Asia","Upper middle income",2001,0.62204,2.16717,287027,FALSE
"MDV","Maldives","Asia","Upper middle income",2002,0.74616,2.53501,294341,FALSE
"MDV","Maldives","Asia","Upper middle income",2003,0.65302,2.16084,302209,FALSE
"MDV","Maldives","Asia","Upper middle income",2004,0.82223,2.64875,310423,FALSE
"MDV","Maldives","Asia","Upper middle income",2005,0.76939,2.41313,318836,FALSE
"MDV","Maldives","Asia","Upper middle income",2006,0.93031,2.84176,327371,FALSE
"MDV","Maldives","Asia","Upper middle income",2007,0.97772,2.90929,336070,FALSE
"MDV","Maldives","Asia","Upper middle income",2008,1.06407,3.08379,345054,FALSE
"MDV","Maldives","Asia","Upper middle income",2009,1.09678,3.09386,354501,FALSE
"MDV","Maldives","Asia","Upper middle income",2010,1.17377,3.22012,364511,FALSE
"MDV","Maldives","Asia","Upper middle income",2011,1.26971,3.38472,375131,FALSE
"MDV","Maldives","Asia","Upper middle income",2012,1.5807,4.09293,386203,FALSE
"MDV","Maldives","Asia","Upper middle income",2013,1.76628,4.44463,397397,FALSE
"MDV","Maldives","Asia","Upper middle income",2014,2.3553,5.76929,408247,FALSE
"MDV","Maldives","Asia","Upper middle income",2015,1.7411,4.16131,418403,FALSE
"MDV","Maldives","Asia","Upper middle income",2016,1.89373,4.42712,427756,FALSE
"MDV","Maldives","Asia","Upper middle income",2017,1.76873,4.05365,436330,FALSE
"MDV","Maldives","Asia","Upper middle income",2018,1.54577,3.47943,444259,FALSE
"MDV","Maldives","Asia","Upper middle income",2019,1.68547,3.73108,451738,FALSE
"MDV","Maldives","Asia","Upper middle income",2020,1.37954,3.00614,458909,FALSE
"MDV","Maldives","Asia","Upper middle income",2021,1.86948,4.02038,465000,FALSE
"MDV","Maldives","Asia","Upper middle income",2022,1.98959,4.21523,472000,FALSE
"MDV","Maldives","Asia","Upper middle income",2023,1.99854,4.17232,479000,FALSE
"MDV","Maldives","Asia","Upper middle income",2024,2.09337,4.32515,484000,FALSE
"MEX","Mexico","America","Upper middle income",1970,205.38908,3.94752,52029900,FALSE
"MEX","Mexico","America","Upper middle income",1971,206.97038,3.85286,53718700,FALSE
"MEX","Mexico","America","Upper middle income",1972,220.87037,3.98121,55478200,FALSE
"MEX","Mexico","America","Upper middle income",1973,232.83496,4.06481,57280600,FALSE
"MEX","Mexico","America","Upper middle income",1974,252.24061,4.26888,59088200,FALSE
"MEX","Mexico","America","Upper middle income",1975,266.22186,4.37344,60872400,FALSE
"MEX","Mexico","America","Upper middle income",1976,281.59247,4.49657,62623800,FALSE
"MEX","Mexico","America","Upper middle income",1977,291.33666,4.52766,64345900,FALSE
"MEX","Mexico","America","Upper middle income",1978,316.59845,4.79408,66039500,FALSE
"MEX","Mexico","America","Upper middle income",1979,332.20388,4.9063,67709700,FALSE
"MEX","Mexico","America","Upper middle income",1980,362.11661,5.22076,69360900,FALSE
"MEX","Mexico","America","Upper middle income",1981,387.45829,5.45776,70992200,FALSE
"MEX","Mexico","America","Upper middle income",1982,410.85303,5.65894,72602500,FALSE
"MEX","Mexico","America","Upper middle income",1983,396.37839,5.34228,74196500,FALSE
"MEX","Mexico","America","Upper middle income",1984,402.9559,5.3174,75780600,FALSE
"MEX","Mexico","America","Upper middle income",1985,416.55708,5.38461,77360700,FALSE
"MEX","Mexico","America","Upper middle income",1986,413.95161,5.24427,78934100,FALSE
"MEX","Mexico","America","Upper middle income",1987,426.26957,5.29507,80503100,FALSE
"MEX","Mexico","America","Upper middle income",1988,424.94086,5.17691,82083900,FALSE
"MEX","Mexico","America","Upper middle income",1989,443.90249,5.30363,83697900,FALSE
"MEX","Mexico","America","Upper middle income",1990,440.47084,5.16028,85357900,FALSE
"MEX","Mexico","America","Upper middle income",1991,458.44726,5.26518,87071500,FALSE
"MEX","Mexico","America","Upper middle income",1992,461.02106,5.19002,88828300,FALSE
"MEX","Mexico","America","Upper middle income",1993,474.75507,5.24009,90600500,FALSE
"MEX","Mexico","America","Upper middle income",1994,501.24103,5.42768,92349100,FALSE
"MEX","Mexico","America","Upper middle income",1995,482.1835,5.12712,94045600,FALSE
"MEX","Mexico","America","Upper middle income",1996,502.17126,5.24803,95687500,FALSE
"MEX","Mexico","America","Upper middle income",1997,528.15714,5.42915,97281700,FALSE
"MEX","Mexico","America","Upper middle income",1998,554.86551,5.61483,98821500,FALSE
"MEX","Mexico","America","Upper middle income",1999,541.78252,5.40157,100301000,FALSE
"MEX","Mexico","America","Upper middle income",2000,566.25136,5.56677,101720000,FALSE
"MEX","Mexico","America","Upper middle income",2001,562.64288,5.459,103067000,FALSE
"MEX","Mexico","America","Upper middle income",2002,568.83829,5.45094,104356000,FALSE
"MEX","Mexico","America","Upper middle income",2003,593.06315,5.614,105640000,FALSE
"MEX","Mexico","America","Upper middle income",2004,602.65549,5.6325,106996000,FALSE
"MEX","Mexico","America","Upper middle income",2005,624.67925,5.7589,108472000,FALSE
"MEX","Mexico","America","Upper middle income",2006,646.27618,5.87033,110092000,FALSE
"MEX","Mexico","America","Upper middle income",2007,656.98215,5.87451,111836000,FALSE
"MEX","Mexico","America","Upper middle income",2008,663.53801,5.83782,113662000,FALSE
"MEX","Mexico","America","Upper middle income",2009,649.97575,5.62725,115505000,FALSE
"MEX","Mexico","America","Upper middle income",2010,665.5725,5.67319,117319000,FALSE
"MEX","Mexico","America","Upper middle income",2011,677.10257,5.68564,119090000,FALSE
"MEX","Mexico","America","Upper middle income",2012,692.87524,5.73439,120828000,FALSE
"MEX","Mexico","America","Upper middle income",2013,684.55988,5.5866,122536000,FALSE
"MEX","Mexico","America","Upper middle income",2014,673.04734,5.4181,124222000,FALSE
"MEX","Mexico","America","Upper middle income",2015,682.14786,5.41856,125891000,FALSE
"MEX","Mexico","America","Upper middle income",2016,691.49089,5.42176,127540000,FALSE
"MEX","Mexico","America","Upper middle income",2017,695.75277,5.38663,129163000,FALSE
"MEX","Mexico","America","Upper middle income",2018,675.05151,5.16256,130759074,FALSE
"MEX","Mexico","America","Upper middle income",2019,692.13339,5.23044,132328035,FALSE
"MEX","Mexico","America","Upper middle income",2020,640.12724,4.78171,133870027,FALSE
"MEX","Mexico","America","Upper middle income",2021,656.28904,4.84761,135384000,FALSE
"MEX","Mexico","America","Upper middle income",2022,660.28561,4.82422,136869000,FALSE
"MEX","Mexico","America","Upper middle income",2023,685.65123,4.95689,138323000,FALSE
"MEX","Mexico","America","Upper middle income",2024,686.77937,4.91455,139744000,FALSE
"MKD","North Macedonia","Europe","Upper middle income",1970,12.34526,7.17414,1720800,FALSE
"MKD","North Macedonia","Europe","Upper middle income",1971,11.78922,6.77728,1739520,FALSE
"MKD","North Macedonia","Europe","Upper middle income",1972,11.79344,6.72006,1754960,FALSE
"MKD","North Macedonia","Europe","Upper middle income",1973,13.17252,7.44635,1768990,FALSE
"MKD","North Macedonia","Europe","Upper middle income",1974,13.57099,7.60535,1784400,FALSE
"MKD","North Macedonia","Europe","Upper middle income",1975,11.53004,6.39488,1803010,FALSE
"MKD","North Macedonia","Europe","Upper middle income",1976,11.918,6.52844,1825550,FALSE
"MKD","North Macedonia","Europe","Upper middle income",1977,12.19845,6.58994,1851070,FALSE
"MKD","North Macedonia","Europe","Upper middle income",1978,11.88866,6.33153,1877690,FALSE
"MKD","North Macedonia","Europe","Upper middle income",1979,13.05547,6.86148,1902720,FALSE
"MKD","North Macedonia","Europe","Upper middle income",1980,12.16029,6.31966,1924200,FALSE
"MKD","North Macedonia","Europe","Upper middle income",1981,12.97966,6.68528,1941530,FALSE
"MKD","North Macedonia","Europe","Upper middle income",1982,11.6219,5.94398,1955240,FALSE
"MKD","North Macedonia","Europe","Upper middle income",1983,11.07167,5.63188,1965890,FALSE
"MKD","North Macedonia","Europe","Upper middle income",1984,12.53324,6.34784,1974410,FALSE
"MKD","North Macedonia","Europe","Upper middle income",1985,13.00778,6.56451,1981530,FALSE
"MKD","North Macedonia","Europe","Upper middle income",1986,13.24163,6.66232,1987540,FALSE
"MKD","North Macedonia","Europe","Upper middle income",1987,12.87472,6.46234,1992270,FALSE
"MKD","North Macedonia","Europe","Upper middle income",1988,12.99742,6.51333,1995510,FALSE
"MKD","North Macedonia","Europe","Upper middle income",1989,13.17793,6.59929,1996870,FALSE
"MKD","North Macedonia","Europe","Upper middle income",1990,14.36124,7.19418,1996230,FALSE
"MKD","North Macedonia","Europe","Upper middle income",1991,12.8666,6.45493,1993300,FALSE
"MKD","North Macedonia","Europe","Upper middle income",1992,11.54179,5.8038,1988660,FALSE
"MKD","North Macedonia","Europe","Upper middle income",1993,11.74634,5.92044,1984030,FALSE
"MKD","North Macedonia","Europe","Upper middle income",1994,11.52103,5.81371,1981700,FALSE
"MKD","North Macedonia","Europe","Upper middle income",1995,11.38622,5.74119,1983250,FALSE
"MKD","North Macedonia","Europe","Upper middle income",1996,12.9766,6.52274,1989440,FALSE
"MKD","North Macedonia","Europe","Upper middle income",1997,11.82035,5.91136,1999600,FALSE
"MKD","North Macedonia","Europe","Upper middle income",1998,12.66689,6.29548,2012060,FALSE
"MKD","North Macedonia","Europe","Upper middle income",1999,11.74412,5.80131,2024390,FALSE
"MKD","North Macedonia","Europe","Upper middle income",2000,11.40005,5.60249,2034820,FALSE
"MKD","North Macedonia","Europe","Upper middle income",2001,11.51249,5.63553,2042840,FALSE
"MKD","North Macedonia","Europe","Upper middle income",2002,10.96187,5.35004,2048930,FALSE
"MKD","North Macedonia","Europe","Upper middle income",2003,11.72834,5.71159,2053430,FALSE
"MKD","North Macedonia","Europe","Upper middle income",2004,11.89248,5.78133,2057050,FALSE
"MKD","North Macedonia","Europe","Upper middle income",2005,12.35374,5.99618,2060270,FALSE
"MKD","North Macedonia","Europe","Upper middle income",2006,12.05655,5.84378,2063140,FALSE
"MKD","North Macedonia","Europe","Upper middle income",2007,12.8175,6.20564,2065460,FALSE
"MKD","North Macedonia","Europe","Upper middle income",2008,12.66193,6.12463,2067380,FALSE
"MKD","North Macedonia","Europe","Upper middle income",2009,11.57088,5.59226,2069090,FALSE
"MKD","North Macedonia","Europe","Upper middle income",2010,11.73531,5.6672,2070740,FALSE
"MKD","North Macedonia","Europe","Upper middle income",2011,12.92036,6.23455,2072380,FALSE
"MKD","North Macedonia","Europe","Upper middle income",2012,12.29313,5.92714,2074040,FALSE
"MKD","North Macedonia","Europe","Upper middle income",2013,11.39252,5.48842,2075740,FALSE
"MKD","North Macedonia","Europe","Upper middle income",2014,10.96411,5.27758,2077490,FALSE
"MKD","North Macedonia","Europe","Upper middle income",2015,10.54792,5.0728,2079310,FALSE
"MKD","North Macedonia","Europe","Upper middle income",2016,10.25045,4.92523,2081210,FALSE
"MKD","North Macedonia","Europe","Upper middle income",2017,10.70224,5.1375,2083160,FALSE
"MKD","North Macedonia","Europe","Upper middle income",2018,10.24139,4.91182,2085051,FALSE
"MKD","North Macedonia","Europe","Upper middle income",2019,11.33721,5.43303,2086720,FALSE
"MKD","North Macedonia","Europe","Upper middle income",2020,10.28854,4.92738,2088035,FALSE
"MKD","North Macedonia","Europe","Upper middle income",2021,10.22442,4.89441,2089000,FALSE
"MKD","North Macedonia","Europe","Upper middle income",2022,10.81588,5.17754,2089000,FALSE
"MKD","North Macedonia","Europe","Upper middle income",2023,10.56913,5.057,2090000,FALSE
"MKD","North Macedonia","Europe","Upper middle income",2024,9.8121,4.69703,2089000,FALSE
"MLI","Mali","Africa","Low income",1970,10.86848,1.82693,5949050,FALSE
"MLI","Mali","Africa","Low income",1971,11.10338,1.83693,6044530,FALSE
"MLI","Mali","Africa","Low income",1972,9.83115,1.59922,6147460,FALSE
"MLI","Mali","Africa","Low income",1973,9.13553,1.46024,6256190,FALSE
"MLI","Mali","Africa","Low income",1974,8.31567,1.30578,6368350,FALSE
"MLI","Mali","Africa","Low income",1975,9.04956,1.39605,6482280,FALSE
"MLI","Mali","Africa","Low income",1976,9.41414,1.42708,6596770,FALSE
"MLI","Mali","Africa","Low income",1977,9.51574,1.41764,6712400,FALSE
"MLI","Mali","Africa","Low income",1978,10.13981,1.48432,6831300,FALSE
"MLI","Mali","Africa","Low income",1979,10.82628,1.55626,6956580,FALSE
"MLI","Mali","Africa","Low income",1980,12.20172,1.72094,7090130,FALSE
"MLI","Mali","Africa","Low income",1981,12.93237,1.78765,7234300,FALSE
"MLI","Mali","Africa","Low income",1982,13.34986,1.80705,7387660,FALSE
"MLI","Mali","Africa","Low income",1983,11.85582,1.57161,7543740,FALSE
"MLI","Mali","Africa","Low income",1984,10.59648,1.3773,7693670,FALSE
"MLI","Mali","Africa","Low income",1985,9.89289,1.26315,7831890,FALSE
"MLI","Mali","Africa","Low income",1986,10.12466,1.27272,7955160,FALSE
"MLI","Mali","Africa","Low income",1987,10.51764,1.30366,8067760,FALSE
"MLI","Mali","Africa","Low income",1988,10.8485,1.3261,8180730,FALSE
"MLI","Mali","Africa","Low income",1989,11.37147,1.36849,8309530,FALSE
"MLI","Mali","Africa","Low income",1990,11.98184,1.41543,8465190,FALSE
"MLI","Mali","Africa","Low income",1991,12.01394,1.38849,8652510,FALSE
"MLI","Mali","Africa","Low income",1992,11.98779,1.35176,8868260,FALSE
"MLI","Mali","Africa","Low income",1993,12.14532,1.33385,9105470,FALSE
"MLI","Mali","Africa","Low income",1994,12.47567,1.33381,9353390,FALSE
"MLI","Mali","Africa","Low income",1995,12.84642,1.33755,9604450,FALSE
"MLI","Mali","Africa","Low income",1996,13.23036,1.34226,9856810,FALSE
"MLI","Mali","Africa","Low income",1997,13.36537,1.32146,10114100,FALSE
"MLI","Mali","Africa","Low income",1998,14.15728,1.36379,10380800,FALSE
"MLI","Mali","Africa","Low income",1999,14.85646,1.39318,10663700,FALSE
"MLI","Mali","Africa","Low income",2000,15.75713,1.43668,10967700,FALSE
"MLI","Mali","Africa","Low income",2001,16.48375,1.4596,11293300,FALSE
"MLI","Mali","Africa","Low income",2002,17.65851,1.5172,11638900,FALSE
"MLI","Mali","Africa","Low income",2003,18.54004,1.54435,12005100,FALSE
"MLI","Mali","Africa","Low income",2004,19.34507,1.56111,12391900,FALSE
"MLI","Mali","Africa","Low income",2005,20.24161,1.58152,12798800,FALSE
"MLI","Mali","Africa","Low income",2006,20.47834,1.54821,13227100,FALSE
"MLI","Mali","Africa","Low income",2007,21.86752,1.59902,13675600,FALSE
"MLI","Mali","Africa","Low income",2008,23.08966,1.63314,14138200,FALSE
"MLI","Mali","Africa","Low income",2009,24.32198,1.66514,14606600,FALSE
"MLI","Mali","Africa","Low income",2010,25.51451,1.69249,15075100,FALSE
"MLI","Mali","Africa","Low income",2011,26.53777,1.7076,15541000,FALSE
"MLI","Mali","Africa","Low income",2012,27.61369,1.72513,16006700,FALSE
"MLI","Mali","Africa","Low income",2013,29.1823,1.77101,16477800,FALSE
"MLI","Mali","Africa","Low income",2014,30.25253,1.78346,16962800,FALSE
"MLI","Mali","Africa","Low income",2015,32.20937,1.84392,17467900,FALSE
"MLI","Mali","Africa","Low income",2016,35.58928,1.97775,17994800,FALSE
"MLI","Mali","Africa","Low income",2017,38.30745,2.06598,18542000,FALSE
"MLI","Mali","Africa","Low income",2018,40.08312,2.09775,19107706,FALSE
"MLI","Mali","Africa","Low income",2019,40.84782,2.07464,19689140,FALSE
"MLI","Mali","Africa","Low income",2020,42.54026,2.09721,20284180,FALSE
"MLI","Mali","Africa","Low income",2021,44.99043,2.15348,20892000,FALSE
"MLI","Mali","Africa","Low income",2022,44.50536,2.06857,21515000,FALSE
"MLI","Mali","Africa","Low income",2023,46.61132,2.10406,22153000,FALSE
"MLI","Mali","Africa","Low income",2024,48.00851,2.10508,22806000,FALSE
"MLT","Malta","Europe","High income",1970,0.81517,2.54674,320086,TRUE
"MLT","Malta","Europe","High income",1971,0.8221,2.56843,320078,TRUE
"MLT","Malta","Europe","High income",1972,0.99359,3.10188,320317,TRUE
"MLT","Malta","Europe","High income",1973,0.96074,2.99433,320854,TRUE
"MLT","Malta","Europe","High income",1974,0.88877,2.76287,321683,TRUE
"MLT","Malta","Europe","High income",1975,0.81685,2.53036,322821,TRUE
"MLT","Malta","Europe","High income",1976,0.91459,2.8204,324279,TRUE
"MLT","Malta","Europe","High income",1977,0.96277,2.95256,326079,TRUE
"MLT","Malta","Europe","High income",1978,1.09601,3.33946,328201,TRUE
"MLT","Malta","Europe","High income",1979,1.07194,3.24231,330611,TRUE
"MLT","Malta","Europe","High income",1980,1.16887,3.50723,333274,TRUE
"MLT","Malta","Europe","High income",1981,1.30366,3.87772,336193,TRUE
"MLT","Malta","Europe","High income",1982,1.47432,4.34464,339342,TRUE
"MLT","Malta","Europe","High income",1983,1.13682,3.31793,342628,TRUE
"MLT","Malta","Europe","High income",1984,1.504,4.34749,345948,TRUE
"MLT","Malta","Europe","High income",1985,1.33541,3.82424,349196,TRUE
"MLT","Malta","Europe","High income",1986,2.06383,5.85757,352336,TRUE
"MLT","Malta","Europe","High income",1987,2.15873,6.07429,355387,TRUE
"MLT","Malta","Europe","High income",1988,2.3361,6.51854,358378,TRUE
"MLT","Malta","Europe","High income",1989,2.52132,6.97692,361381,TRUE
"MLT","Malta","Europe","High income",1990,2.51987,6.91455,364431,TRUE
"MLT","Malta","Europe","High income",1991,2.42532,6.59901,367528,TRUE
"MLT","Malta","Europe","High income",1992,2.39661,6.46612,370642,TRUE
"MLT","Malta","Europe","High income",1993,3.04714,8.15214,373784,TRUE
"MLT","Malta","Europe","High income",1994,2.75401,7.30496,377006,TRUE
"MLT","Malta","Europe","High income",1995,2.62587,6.90464,380305,TRUE
"MLT","Malta","Europe","High income",1996,2.5765,6.7147,383710,TRUE
"MLT","Malta","Europe","High income",1997,2.73392,7.06104,387184,TRUE
"MLT","Malta","Europe","High income",1998,2.64252,6.76519,390605,TRUE
"MLT","Malta","Europe","High income",1999,2.68878,6.82768,393805,TRUE
"MLT","Malta","Europe","High income",2000,2.41483,6.08778,396668,TRUE
"MLT","Malta","Europe","High income",2001,2.79046,6.99093,399155,TRUE
"MLT","Malta","Europe","High income",2002,2.6176,6.52274,401303,TRUE
"MLT","Malta","Europe","High income",2003,2.92121,7.24486,403211,TRUE
"MLT","Malta","Europe","High income",2004,2.91961,7.2088,405007,TRUE
"MLT","Malta","Europe","High income",2005,2.97631,7.31662,406787,TRUE
"MLT","Malta","Europe","High income",2006,3.03546,7.42961,408563,TRUE
"MLT","Malta","Europe","High income",2007,3.11319,7.58716,410324,TRUE
"MLT","Malta","Europe","High income",2008,3.13322,7.60253,412128,TRUE
"MLT","Malta","Europe","High income",2009,2.89917,7.00207,414045,TRUE
"MLT","Malta","Europe","High income",2010,2.94941,7.08806,416110,TRUE
"MLT","Malta","Europe","High income",2011,2.93874,7.02431,418367,TRUE
"MLT","Malta","Europe","High income",2012,3.11785,7.40953,420789,TRUE
"MLT","Malta","Europe","High income",2013,2.78298,6.57533,423246,TRUE
"MLT","Malta","Europe","High income",2014,2.78785,6.55087,425570,TRUE
"MLT","Malta","Europe","High income",2015,2.1102,4.9348,427616,TRUE
"MLT","Malta","Europe","High income",2016,1.82778,4.25696,429362,TRUE
"MLT","Malta","Europe","High income",2017,2.01642,4.68026,430835,TRUE
"MLT","Malta","Europe","High income",2018,2.0118,4.65598,432089,TRUE
"MLT","Malta","Europe","High income",2019,2.11526,4.88237,433245,TRUE
"MLT","Malta","Europe","High income",2020,2.06094,4.74474,434363,TRUE
"MLT","Malta","Europe","High income",2021,2.06815,4.74346,436000,TRUE
"MLT","Malta","Europe","High income",2022,2.235,5.12616,436000,TRUE
"MLT","Malta","Europe","High income",2023,2.22522,5.09204,437000,TRUE
"MLT","Malta","Europe","High income",2024,2.24362,5.12242,438000,TRUE
"MMR","Myanmar/Burma","Asia","Lower middle income",1970,50.25031,1.90476,26381400,FALSE
"MMR","Myanmar/Burma","Asia","Lower middle income",1971,50.62643,1.87332,27025000,FALSE
"MMR","Myanmar/Burma","Asia","Lower middle income",1972,49.26433,1.77977,27680100,FALSE
"MMR","Myanmar/Burma","Asia","Lower middle income",1973,51.47064,1.81572,28347300,FALSE
"MMR","Myanmar/Burma","Asia","Lower middle income",1974,52.15016,1.79657,29027700,FALSE
"MMR","Myanmar/Burma","Asia","Lower middle income",1975,53.64916,1.80503,29722000,FALSE
"MMR","Myanmar/Burma","Asia","Lower middle income",1976,54.16735,1.78018,30428000,FALSE
"MMR","Myanmar/Burma","Asia","Lower middle income",1977,55.03557,1.76712,31144300,FALSE
"MMR","Myanmar/Burma","Asia","Lower middle income",1978,57.54234,1.80541,31872200,FALSE
"MMR","Myanmar/Burma","Asia","Lower middle income",1979,56.82424,1.74233,32613900,FALSE
"MMR","Myanmar/Burma","Asia","Lower middle income",1980,61.52042,1.8436,33369700,FALSE
"MMR","Myanmar/Burma","Asia","Lower middle income",1981,63.25065,1.85273,34139100,FALSE
"MMR","Myanmar/Burma","Asia","Lower middle income",1982,64.01357,1.83326,34917900,FALSE
"MMR","Myanmar/Burma","Asia","Lower middle income",1983,64.92206,1.81865,35697900,FALSE
"MMR","Myanmar/Burma","Asia","Lower middle income",1984,65.74156,1.80267,36468900,FALSE
"MMR","Myanmar/Burma","Asia","Lower middle income",1985,67.25781,1.80692,37222300,FALSE
"MMR","Myanmar/Burma","Asia","Lower middle income",1986,67.33771,1.77404,37957300,FALSE
"MMR","Myanmar/Burma","Asia","Lower middle income",1987,64.7569,1.67446,38673200,FALSE
"MMR","Myanmar/Burma","Asia","Lower middle income",1988,64.6073,1.64136,39362100,FALSE
"MMR","Myanmar/Burma","Asia","Lower middle income",1989,63.65046,1.59067,40014900,FALSE
"MMR","Myanmar/Burma","Asia","Lower middle income",1990,63.22332,1.55622,40626200,FALSE
"MMR","Myanmar/Burma","Asia","Lower middle income",1991,61.99523,1.5051,41190200,FALSE
"MMR","Myanmar/Burma","Asia","Lower middle income",1992,66.05071,1.58351,41711500,FALSE
"MMR","Myanmar/Burma","Asia","Lower middle income",1993,69.21542,1.6398,42209800,FALSE
"MMR","Myanmar/Burma","Asia","Lower middle income",1994,72.74649,1.70318,42712200,FALSE
"MMR","Myanmar/Burma","Asia","Lower middle income",1995,75.79091,1.75289,43237800,FALSE
"MMR","Myanmar/Burma","Asia","Lower middle income",1996,75.70924,1.72879,43793300,FALSE
"MMR","Myanmar/Burma","Asia","Lower middle income",1997,74.1805,1.67181,44371500,FALSE
"MMR","Myanmar/Burma","Asia","Lower middle income",1998,76.02594,1.69097,44959900,FALSE
"MMR","Myanmar/Burma","Asia","Lower middle income",1999,82.40001,1.80942,45539400,FALSE
"MMR","Myanmar/Burma","Asia","Lower middle income",2000,85.45949,1.85397,46095500,FALSE
"MMR","Myanmar/Burma","Asia","Lower middle income",2001,86.15182,1.84764,46628000,FALSE
"MMR","Myanmar/Burma","Asia","Lower middle income",2002,88.04669,1.86776,47140200,FALSE
"MMR","Myanmar/Burma","Asia","Lower middle income",2003,94.16565,1.97724,47624900,FALSE
"MMR","Myanmar/Burma","Asia","Lower middle income",2004,97.5714,2.02962,48073700,FALSE
"MMR","Myanmar/Burma","Asia","Lower middle income",2005,103.18577,2.12831,48482600,FALSE
"MMR","Myanmar/Burma","Asia","Lower middle income",2006,107.94089,2.2098,48846500,FALSE
"MMR","Myanmar/Burma","Asia","Lower middle income",2007,110.21679,2.24147,49171600,FALSE
"MMR","Myanmar/Burma","Asia","Lower middle income",2008,108.91423,2.20119,49479800,FALSE
"MMR","Myanmar/Burma","Asia","Lower middle income",2009,109.62835,2.20134,49800700,FALSE
"MMR","Myanmar/Burma","Asia","Lower middle income",2010,111.66662,2.22639,50155900,FALSE
"MMR","Myanmar/Burma","Asia","Lower middle income",2011,109.51384,2.16632,50553000,FALSE
"MMR","Myanmar/Burma","Asia","Lower middle income",2012,111.46832,2.18623,50986500,FALSE
"MMR","Myanmar/Burma","Asia","Lower middle income",2013,114.82548,2.23187,51448200,FALSE
"MMR","Myanmar/Burma","Asia","Lower middle income",2014,120.41976,2.31915,51924200,FALSE
"MMR","Myanmar/Burma","Asia","Lower middle income",2015,124.2529,2.37107,52403700,FALSE
"MMR","Myanmar/Burma","Asia","Lower middle income",2016,129.54421,2.44954,52885200,FALSE
"MMR","Myanmar/Burma","Asia","Lower middle income",2017,145.4856,2.72595,53370600,FALSE
"MMR","Myanmar/Burma","Asia","Lower middle income",2018,121.77578,2.26115,53855735,FALSE
"MMR","Myanmar/Burma","Asia","Lower middle income",2019,121.64549,2.23876,54336138,FALSE
"MMR","Myanmar/Burma","Asia","Lower middle income",2020,123.03466,2.24482,54808276,FALSE
"MMR","Myanmar/Burma","Asia","Lower middle income",2021,121.28196,2.19439,55269000,FALSE
"MMR","Myanmar/Burma","Asia","Lower middle income",2022,121.08004,2.17305,55719000,FALSE
"MMR","Myanmar/Burma","Asia","Lower middle income",2023,118.23847,2.10554,56156000,FALSE
"MMR","Myanmar/Burma","Asia","Lower middle income",2024,117.78754,2.08164,56584000,FALSE
"MNG","Mongolia","Asia","Upper middle income",1970,19.94829,15.59886,1278830,FALSE
"MNG","Mongolia","Asia","Upper middle income",1971,20.32807,15.43455,1317050,FALSE
"MNG","Mongolia","Asia","Upper middle income",1972,19.95983,14.71237,1356670,FALSE
"MNG","Mongolia","Asia","Upper middle income",1973,20.47538,14.65353,1397300,FALSE
"MNG","Mongolia","Asia","Upper middle income",1974,21.22902,14.75857,1438420,FALSE
"MNG","Mongolia","Asia","Upper middle income",1975,21.89494,14.79738,1479650,FALSE
"MNG","Mongolia","Asia","Upper middle income",1976,22.2282,14.61545,1520870,FALSE
"MNG","Mongolia","Asia","Upper middle income",1977,23.01025,14.7293,1562210,FALSE
"MNG","Mongolia","Asia","Upper middle income",1978,23.41596,14.5993,1603910,FALSE
"MNG","Mongolia","Asia","Upper middle income",1979,24.27862,14.74748,1646290,FALSE
"MNG","Mongolia","Asia","Upper middle income",1980,25.11862,14.86643,1689620,FALSE
"MNG","Mongolia","Asia","Upper middle income",1981,24.24241,13.9849,1733470,FALSE
"MNG","Mongolia","Asia","Upper middle income",1982,25.17187,14.15956,1777730,FALSE
"MNG","Mongolia","Asia","Upper middle income",1983,25.60791,14.04543,1823220,FALSE
"MNG","Mongolia","Asia","Upper middle income",1984,25.98815,13.88931,1871090,FALSE
"MNG","Mongolia","Asia","Upper middle income",1985,27.59967,14.36077,1921880,FALSE
"MNG","Mongolia","Asia","Upper middle income",1986,28.84079,14.59325,1976310,FALSE
"MNG","Mongolia","Asia","Upper middle income",1987,29.90214,14.70592,2033340,FALSE
"MNG","Mongolia","Asia","Upper middle income",1988,30.90866,14.79089,2089710,FALSE
"MNG","Mongolia","Asia","Upper middle income",1989,30.27592,14.14095,2141010,FALSE
"MNG","Mongolia","Asia","Upper middle income",1990,29.93006,13.70336,2184140,FALSE
"MNG","Mongolia","Asia","Upper middle income",1991,32.89379,14.83092,2217920,FALSE
"MNG","Mongolia","Asia","Upper middle income",1992,30.61759,13.64724,2243500,FALSE
"MNG","Mongolia","Asia","Upper middle income",1993,29.31372,12.95233,2263200,FALSE
"MNG","Mongolia","Asia","Upper middle income",1994,27.33505,11.98643,2280500,FALSE
"MNG","Mongolia","Asia","Upper middle income",1995,28.17433,12.26016,2298040,FALSE
"MNG","Mongolia","Asia","Upper middle income",1996,26.88714,11.60644,2316570,FALSE
"MNG","Mongolia","Asia","Upper middle income",1997,27.17232,11.63348,2335700,FALSE
"MNG","Mongolia","Asia","Upper middle income",1998,27.90696,11.84712,2355590,FALSE
"MNG","Mongolia","Asia","Upper middle income",1999,28.59259,12.03311,2376160,FALSE
"MNG","Mongolia","Asia","Upper middle income",2000,29.33086,12.23424,2397440,FALSE
"MNG","Mongolia","Asia","Upper middle income",2001,27.10868,11.20295,2419780,FALSE
"MNG","Mongolia","Asia","Upper middle income",2002,25.0085,10.23403,2443660,FALSE
"MNG","Mongolia","Asia","Upper middle income",2003,24.35022,9.86122,2469290,FALSE
"MNG","Mongolia","Asia","Upper middle income",2004,24.29631,9.73086,2496830,FALSE
"MNG","Mongolia","Asia","Upper middle income",2005,28.85696,11.42194,2526450,FALSE
"MNG","Mongolia","Asia","Upper middle income",2006,32.18077,12.58039,2558010,FALSE
"MNG","Mongolia","Asia","Upper middle income",2007,34.93377,13.47925,2591670,FALSE
"MNG","Mongolia","Asia","Upper middle income",2008,35.92427,13.66914,2628130,FALSE
"MNG","Mongolia","Asia","Upper middle income",2009,39.35451,14.74896,2668290,FALSE
"MNG","Mongolia","Asia","Upper middle income",2010,42.45514,15.6508,2712650,FALSE
"MNG","Mongolia","Asia","Upper middle income",2011,48.04502,17.39804,2761520,FALSE
"MNG","Mongolia","Asia","Upper middle income",2012,49.28637,17.51327,2814230,FALSE
"MNG","Mongolia","Asia","Upper middle income",2013,51.76273,18.04139,2869110,FALSE
"MNG","Mongolia","Asia","Upper middle income",2014,54.98664,18.80592,2923900,FALSE
"MNG","Mongolia","Asia","Upper middle income",2015,52.93395,17.78169,2976880,FALSE
"MNG","Mongolia","Asia","Upper middle income",2016,60.76377,20.07127,3027400,FALSE
"MNG","Mongolia","Asia","Upper middle income",2017,67.84744,22.05955,3075650,FALSE
"MNG","Mongolia","Asia","Upper middle income",2018,71.03011,22.75314,3121772,FALSE
"MNG","Mongolia","Asia","Upper middle income",2019,76.09639,24.03365,3166244,FALSE
"MNG","Mongolia","Asia","Upper middle income",2020,69.78087,21.74263,3209404,FALSE
"MNG","Mongolia","Asia","Upper middle income",2021,70.9277,21.81719,3251000,FALSE
"MNG","Mongolia","Asia","Upper middle income",2022,74.70826,22.69388,3292000,FALSE
"MNG","Mongolia","Asia","Upper middle income",2023,93.71583,28.15135,3329000,FALSE
"MNG","Mongolia","Asia","Upper middle income",2024,104.35497,30.99346,3367000,FALSE
"MOZ","Mozambique","Africa","Low income",1970,9.24801,1.00944,9161530,FALSE
"MOZ","Mozambique","Africa","Low income",1971,9.38893,1.00147,9375140,FALSE
"MOZ","Mozambique","Africa","Low income",1972,8.99336,0.93722,9595760,FALSE
"MOZ","Mozambique","Africa","Low income",1973,9.3222,0.94858,9827580,FALSE
"MOZ","Mozambique","Africa","Low income",1974,9.20621,0.91366,10076200,FALSE
"MOZ","Mozambique","Africa","Low income",1975,8.8405,0.85461,10344500,FALSE
"MOZ","Mozambique","Africa","Low income",1976,8.67013,0.81541,10632900,FALSE
"MOZ","Mozambique","Africa","Low income",1977,8.52641,0.7796,10936900,FALSE
"MOZ","Mozambique","Africa","Low income",1978,8.15948,0.72542,11248000,FALSE
"MOZ","Mozambique","Africa","Low income",1979,8.09506,0.70057,11555000,FALSE
"MOZ","Mozambique","Africa","Low income",1980,8.56969,0.72328,11848300,FALSE
"MOZ","Mozambique","Africa","Low income",1981,8.34411,0.68771,12133100,FALSE
"MOZ","Mozambique","Africa","Low income",1982,9.78806,0.78877,12409200,FALSE
"MOZ","Mozambique","Africa","Low income",1983,9.62736,0.76059,12657700,FALSE
"MOZ","Mozambique","Africa","Low income",1984,8.68912,0.676,12853800,FALSE
"MOZ","Mozambique","Africa","Low income",1985,9.18541,0.70742,12984400,FALSE
"MOZ","Mozambique","Africa","Low income",1986,9.00032,0.6905,13034400,FALSE
"MOZ","Mozambique","Africa","Low income",1987,8.57024,0.65819,13020900,FALSE
"MOZ","Mozambique","Africa","Low income",1988,8.31248,0.63929,13002600,FALSE
"MOZ","Mozambique","Africa","Low income",1989,8.69038,0.66544,13059600,FALSE
"MOZ","Mozambique","Africa","Low income",1990,8.61391,0.65022,13247600,FALSE
"MOZ","Mozambique","Africa","Low income",1991,8.2923,0.61009,13592000,FALSE
"MOZ","Mozambique","Africa","Low income",1992,8.60877,0.6118,14071200,FALSE
"MOZ","Mozambique","Africa","Low income",1993,8.78327,0.60007,14637000,FALSE
"MOZ","Mozambique","Africa","Low income",1994,9.11843,0.59923,15217000,FALSE
"MOZ","Mozambique","Africa","Low income",1995,9.36535,0.59428,15759100,FALSE
"MOZ","Mozambique","Africa","Low income",1996,9.54515,0.58746,16248200,FALSE
"MOZ","Mozambique","Africa","Low income",1997,8.21679,0.49198,16701400,FALSE
"MOZ","Mozambique","Africa","Low income",1998,10.20745,0.59565,17136800,FALSE
"MOZ","Mozambique","Africa","Low income",1999,9.74311,0.55406,17584900,FALSE
"MOZ","Mozambique","Africa","Low income",2000,10.49885,0.58108,18067700,FALSE
"MOZ","Mozambique","Africa","Low income",2001,11.22591,0.60391,18588800,FALSE
"MOZ","Mozambique","Africa","Low income",2002,11.7042,0.61151,19139700,FALSE
"MOZ","Mozambique","Africa","Low income",2003,12.91987,0.65528,19716600,FALSE
"MOZ","Mozambique","Africa","Low income",2004,13.58717,0.6689,20312700,FALSE
"MOZ","Mozambique","Africa","Low income",2005,14.04156,0.6711,20923100,FALSE
"MOZ","Mozambique","Africa","Low income",2006,13.77136,0.63912,21547500,FALSE
"MOZ","Mozambique","Africa","Low income",2007,14.3982,0.64891,22188400,FALSE
"MOZ","Mozambique","Africa","Low income",2008,14.12526,0.61826,22846800,FALSE
"MOZ","Mozambique","Africa","Low income",2009,13.73149,0.58372,23524100,FALSE
"MOZ","Mozambique","Africa","Low income",2010,14.31226,0.59089,24221400,FALSE
"MOZ","Mozambique","Africa","Low income",2011,19.12122,0.76672,24939000,FALSE
"MOZ","Mozambique","Africa","Low income",2012,21.97199,0.85572,25676600,FALSE
"MOZ","Mozambique","Africa","Low income",2013,23.30622,0.88166,26434400,FALSE
"MOZ","Mozambique","Africa","Low income",2014,24.74709,0.9094,27212400,FALSE
"MOZ","Mozambique","Africa","Low income",2015,24.55051,0.87647,28010700,FALSE
"MOZ","Mozambique","Africa","Low income",2016,27.00617,0.93675,28829500,FALSE
"MOZ","Mozambique","Africa","Low income",2017,29.48525,0.99381,29668800,FALSE
"MOZ","Mozambique","Africa","Low income",2018,32.5121,1.06497,30528673,FALSE
"MOZ","Mozambique","Africa","Low income",2019,30.17408,0.96069,31408823,FALSE
"MOZ","Mozambique","Africa","Low income",2020,27.92733,0.86438,32309195,FALSE
"MOZ","Mozambique","Africa","Low income",2021,31.13712,0.93702,33230000,FALSE
"MOZ","Mozambique","Africa","Low income",2022,35.68364,1.04427,34171000,FALSE
"MOZ","Mozambique","Africa","Low income",2023,34.31802,0.97683,35132000,FALSE
"MOZ","Mozambique","Africa","Low income",2024,33.62559,0.9311,36114000,FALSE
"MRT","Mauritania","Africa","Lower middle income",1970,5.64566,4.91393,1148910,FALSE
"MRT","Mauritania","Africa","Lower middle income",1971,5.50018,4.64954,1182950,FALSE
"MRT","Mauritania","Africa","Lower middle income",1972,5.06099,4.15537,1217940,FALSE
"MRT","Mauritania","Africa","Lower middle income",1973,4.9621,3.95743,1253870,FALSE
"MRT","Mauritania","Africa","Lower middle income",1974,4.31327,3.34158,1290790,FALSE
"MRT","Mauritania","Africa","Lower middle income",1975,4.4389,3.34081,1328690,FALSE
"MRT","Mauritania","Africa","Lower middle income",1976,4.66284,3.4096,1367560,FALSE
"MRT","Mauritania","Africa","Lower middle income",1977,4.85233,3.44763,1407440,FALSE
"MRT","Mauritania","Africa","Lower middle income",1978,4.94601,3.41478,1448410,FALSE
"MRT","Mauritania","Africa","Lower middle income",1979,5.11579,3.43204,1490600,FALSE
"MRT","Mauritania","Africa","Lower middle income",1980,5.22748,3.40754,1534090,FALSE
"MRT","Mauritania","Africa","Lower middle income",1981,5.5152,3.49298,1578940,FALSE
"MRT","Mauritania","Africa","Lower middle income",1982,5.63761,3.46905,1625120,FALSE
"MRT","Mauritania","Africa","Lower middle income",1983,5.16653,3.0891,1672500,FALSE
"MRT","Mauritania","Africa","Lower middle income",1984,5.12999,2.98115,1720810,FALSE
"MRT","Mauritania","Africa","Lower middle income",1985,5.40224,3.05221,1769940,FALSE
"MRT","Mauritania","Africa","Lower middle income",1986,5.29535,2.90961,1819950,FALSE
"MRT","Mauritania","Africa","Lower middle income",1987,5.75335,3.07504,1870980,FALSE
"MRT","Mauritania","Africa","Lower middle income",1988,6.10107,3.17268,1923000,FALSE
"MRT","Mauritania","Africa","Lower middle income",1989,6.39491,3.23624,1976030,FALSE
"MRT","Mauritania","Africa","Lower middle income",1990,6.66413,3.2826,2030140,FALSE
"MRT","Mauritania","Africa","Lower middle income",1991,7.04371,3.37795,2085200,FALSE
"MRT","Mauritania","Africa","Lower middle income",1992,8.27001,3.86187,2141450,FALSE
"MRT","Mauritania","Africa","Lower middle income",1993,8.3928,3.81528,2199790,FALSE
"MRT","Mauritania","Africa","Lower middle income",1994,8.36352,3.69838,2261400,FALSE
"MRT","Mauritania","Africa","Lower middle income",1995,8.51478,3.65901,2327070,FALSE
"MRT","Mauritania","Africa","Lower middle income",1996,8.86686,3.69878,2397240,FALSE
"MRT","Mauritania","Africa","Lower middle income",1997,9.26973,3.7505,2471600,FALSE
"MRT","Mauritania","Africa","Lower middle income",1998,9.66021,3.78948,2549220,FALSE
"MRT","Mauritania","Africa","Lower middle income",1999,10.37557,3.94688,2628800,FALSE
"MRT","Mauritania","Africa","Lower middle income",2000,9.17825,3.38761,2709360,FALSE
"MRT","Mauritania","Africa","Lower middle income",2001,9.55585,3.42414,2790730,FALSE
"MRT","Mauritania","Africa","Lower middle income",2002,9.97425,3.47144,2873230,FALSE
"MRT","Mauritania","Africa","Lower middle income",2003,10.25064,3.46643,2957120,FALSE
"MRT","Mauritania","Africa","Lower middle income",2004,10.24265,3.36617,3042820,FALSE
"MRT","Mauritania","Africa","Lower middle income",2005,10.48197,3.3481,3130720,FALSE
"MRT","Mauritania","Africa","Lower middle income",2006,11.13401,3.45707,3220650,FALSE
"MRT","Mauritania","Africa","Lower middle income",2007,10.89862,3.28999,3312660,FALSE
"MRT","Mauritania","Africa","Lower middle income",2008,10.69283,3.13799,3407540,FALSE
"MRT","Mauritania","Africa","Lower middle income",2009,11.2322,3.20344,3506290,FALSE
"MRT","Mauritania","Africa","Lower middle income",2010,11.49737,3.18527,3609540,FALSE
"MRT","Mauritania","Africa","Lower middle income",2011,11.90686,3.20278,3717670,FALSE
"MRT","Mauritania","Africa","Lower middle income",2012,12.45729,3.25235,3830240,FALSE
"MRT","Mauritania","Africa","Lower middle income",2013,12.52882,3.17493,3946170,FALSE
"MRT","Mauritania","Africa","Lower middle income",2014,13.2658,3.26429,4063920,FALSE
"MRT","Mauritania","Africa","Lower middle income",2015,13.65067,3.26388,4182340,FALSE
"MRT","Mauritania","Africa","Lower middle income",2016,13.55945,3.15261,4301020,FALSE
"MRT","Mauritania","Africa","Lower middle income",2017,14.87171,3.3645,4420180,FALSE
"MRT","Mauritania","Africa","Lower middle income",2018,15.68226,3.45419,4540068,FALSE
"MRT","Mauritania","Africa","Lower middle income",2019,16.13304,3.46117,4661149,FALSE
"MRT","Mauritania","Africa","Lower middle income",2020,16.48301,3.44561,4783767,FALSE
"MRT","Mauritania","Africa","Lower middle income",2021,16.3643,3.33421,4908000,FALSE
"MRT","Mauritania","Africa","Lower middle income",2022,17.118,3.40115,5033000,FALSE
"MRT","Mauritania","Africa","Lower middle income",2023,17.18268,3.32998,5160000,FALSE
"MRT","Mauritania","Africa","Lower middle income",2024,17.50862,3.31101,5288000,FALSE
"MTQ","Martinique","America",NA,1970,0.36314,1.11733,325011,FALSE
"MTQ","Martinique","America",NA,1971,0.37286,1.14258,326333,FALSE
"MTQ","Martinique","America",NA,1972,0.41726,1.27486,327300,FALSE
"MTQ","Martinique","America",NA,1973,0.42297,1.28995,327897,FALSE
"MTQ","Martinique","America",NA,1974,0.40066,1.22125,328072,FALSE
"MTQ","Martinique","America",NA,1975,0.44135,1.34623,327838,FALSE
"MTQ","Martinique","America",NA,1976,0.42569,1.30114,327166,FALSE
"MTQ","Martinique","America",NA,1977,0.45168,1.3847,326190,FALSE
"MTQ","Martinique","America",NA,1978,0.45468,1.39779,325286,FALSE
"MTQ","Martinique","America",NA,1979,0.45618,1.40394,324929,FALSE
"MTQ","Martinique","America",NA,1980,0.47061,1.446,325454,FALSE
"MTQ","Martinique","America",NA,1981,0.48056,1.46963,326993,FALSE
"MTQ","Martinique","America",NA,1982,0.47369,1.43784,329445,FALSE
"MTQ","Martinique","America",NA,1983,0.45501,1.36801,332605,FALSE
"MTQ","Martinique","America",NA,1984,0.44875,1.33489,336167,FALSE
"MTQ","Martinique","America",NA,1985,0.49762,1.46411,339876,FALSE
"MTQ","Martinique","America",NA,1986,0.51857,1.50861,343743,FALSE
"MTQ","Martinique","America",NA,1987,0.56859,1.63498,347763,FALSE
"MTQ","Martinique","America",NA,1988,0.67014,1.90534,351716,FALSE
"MTQ","Martinique","America",NA,1989,0.84023,2.36457,355340,FALSE
"MTQ","Martinique","America",NA,1990,0.899,2.50803,358449,FALSE
"MTQ","Martinique","America",NA,1991,0.80371,2.22696,360900,FALSE
"MTQ","Martinique","America",NA,1992,0.8364,2.3057,362755,FALSE
"MTQ","Martinique","America",NA,1993,0.99242,2.7236,364377,FALSE
"MTQ","Martinique","America",NA,1994,0.99793,2.72473,366248,FALSE
"MTQ","Martinique","America",NA,1995,0.99139,2.68864,368732,FALSE
"MTQ","Martinique","America",NA,1996,0.97988,2.63467,371918,FALSE
"MTQ","Martinique","America",NA,1997,1.00305,2.67015,375654,FALSE
"MTQ","Martinique","America",NA,1998,1.01497,2.67335,379663,FALSE
"MTQ","Martinique","America",NA,1999,1.02362,2.66882,383547,FALSE
"MTQ","Martinique","America",NA,2000,0.82967,2.14383,387004,FALSE
"MTQ","Martinique","America",NA,2001,0.83385,2.13823,389973,FALSE
"MTQ","Martinique","America",NA,2002,0.86487,2.20356,392485,FALSE
"MTQ","Martinique","America",NA,2003,0.87404,2.21553,394508,FALSE
"MTQ","Martinique","America",NA,2004,0.86535,2.18509,396024,FALSE
"MTQ","Martinique","America",NA,2005,0.8566,2.15743,397047,FALSE
"MTQ","Martinique","America",NA,2006,0.92631,2.32995,397565,FALSE
"MTQ","Martinique","America",NA,2007,0.97111,2.44257,397577,FALSE
"MTQ","Martinique","America",NA,2008,0.98714,2.48583,397107,FALSE
"MTQ","Martinique","America",NA,2009,1.06575,2.6899,396204,FALSE
"MTQ","Martinique","America",NA,2010,1.13365,2.87066,394910,FALSE
"MTQ","Martinique","America",NA,2011,1.17229,2.98134,393209,FALSE
"MTQ","Martinique","America",NA,2012,1.17101,2.99364,391164,FALSE
"MTQ","Martinique","America",NA,2013,1.16917,3.0052,389050,FALSE
"MTQ","Martinique","America",NA,2014,1.17057,3.02314,387204,FALSE
"MTQ","Martinique","America",NA,2015,1.17022,3.03289,385842,FALSE
"MTQ","Martinique","America",NA,2016,1.17131,3.04155,385103,FALSE
"MTQ","Martinique","America",NA,2017,1.17202,3.04503,384896,FALSE
"MTQ","Martinique","America",NA,2018,1.16753,3.03204,385065,FALSE
"MTQ","Martinique","America",NA,2019,1.16453,3.02225,385320,FALSE
"MTQ","Martinique","America",NA,2020,1.16357,3.01868,385457,FALSE
"MTQ","Martinique","America",NA,2021,1.16513,3.01847,386000,FALSE
"MTQ","Martinique","America",NA,2022,1.16419,3.02386,385000,FALSE
"MTQ","Martinique","America",NA,2023,1.16568,3.02775,385000,FALSE
"MTQ","Martinique","America",NA,2024,1.20181,3.12158,385000,FALSE
"MUS","Mauritius","Africa","Upper middle income",1970,0.82273,0.99551,826441,FALSE
"MUS","Mauritius","Africa","Upper middle income",1971,0.86165,1.02627,839598,FALSE
"MUS","Mauritius","Africa","Upper middle income",1972,0.90351,1.05996,852400,FALSE
"MUS","Mauritius","Africa","Upper middle income",1973,0.94543,1.09277,865169,FALSE
"MUS","Mauritius","Africa","Upper middle income",1974,0.99944,1.13786,878355,FALSE
"MUS","Mauritius","Africa","Upper middle income",1975,1.01003,1.13205,892211,FALSE
"MUS","Mauritius","Africa","Upper middle income",1976,1.07642,1.18689,906929,FALSE
"MUS","Mauritius","Africa","Upper middle income",1977,1.1833,1.28296,922320,FALSE
"MUS","Mauritius","Africa","Upper middle income",1978,1.19475,1.27397,937821,FALSE
"MUS","Mauritius","Africa","Upper middle income",1979,1.20462,1.26457,952588,FALSE
"MUS","Mauritius","Africa","Upper middle income",1980,1.16111,1.20193,966031,FALSE
"MUS","Mauritius","Africa","Upper middle income",1981,1.18151,1.208,978069,FALSE
"MUS","Mauritius","Africa","Upper middle income",1982,1.14597,1.15884,988892,FALSE
"MUS","Mauritius","Africa","Upper middle income",1983,1.2199,1.22157,998631,FALSE
"MUS","Mauritius","Africa","Upper middle income",1984,1.27144,1.26198,1007500,FALSE
"MUS","Mauritius","Africa","Upper middle income",1985,1.24479,1.22548,1015760,FALSE
"MUS","Mauritius","Africa","Upper middle income",1986,1.40716,1.37515,1023280,FALSE
"MUS","Mauritius","Africa","Upper middle income",1987,1.47409,1.4309,1030180,FALSE
"MUS","Mauritius","Africa","Upper middle income",1988,1.5577,1.50175,1037260,FALSE
"MUS","Mauritius","Africa","Upper middle income",1989,1.68535,1.61186,1045590,FALSE
"MUS","Mauritius","Africa","Upper middle income",1990,1.84396,1.74639,1055870,FALSE
"MUS","Mauritius","Africa","Upper middle income",1991,1.92278,1.79961,1068440,FALSE
"MUS","Mauritius","Africa","Upper middle income",1992,2.00434,1.8508,1082960,FALSE
"MUS","Mauritius","Africa","Upper middle income",1993,2.13697,1.94519,1098590,FALSE
"MUS","Mauritius","Africa","Upper middle income",1994,2.18752,1.96341,1114140,FALSE
"MUS","Mauritius","Africa","Upper middle income",1995,2.25342,1.99653,1128670,FALSE
"MUS","Mauritius","Africa","Upper middle income",1996,2.3401,2.04921,1141950,FALSE
"MUS","Mauritius","Africa","Upper middle income",1997,2.35703,2.04224,1154140,FALSE
"MUS","Mauritius","Africa","Upper middle income",1998,2.54003,2.17976,1165280,FALSE
"MUS","Mauritius","Africa","Upper middle income",1999,2.95506,2.51372,1175570,FALSE
"MUS","Mauritius","Africa","Upper middle income",2000,3.24085,2.73457,1185140,FALSE
"MUS","Mauritius","Africa","Upper middle income",2001,3.39293,2.84184,1193920,FALSE
"MUS","Mauritius","Africa","Upper middle income",2002,3.38451,2.81617,1201810,FALSE
"MUS","Mauritius","Africa","Upper middle income",2003,3.47094,2.87094,1208990,FALSE
"MUS","Mauritius","Africa","Upper middle income",2004,3.52125,2.89652,1215680,FALSE
"MUS","Mauritius","Africa","Upper middle income",2005,3.67912,3.01074,1222000,FALSE
"MUS","Mauritius","Africa","Upper middle income",2006,4.43502,3.61129,1228100,FALSE
"MUS","Mauritius","Africa","Upper middle income",2007,4.56958,3.70333,1233910,FALSE
"MUS","Mauritius","Africa","Upper middle income",2008,4.69266,3.78657,1239290,FALSE
"MUS","Mauritius","Africa","Upper middle income",2009,4.69199,3.77163,1244020,FALSE
"MUS","Mauritius","Africa","Upper middle income",2010,4.9832,3.99311,1247950,FALSE
"MUS","Mauritius","Africa","Upper middle income",2011,5.01035,4.00501,1251020,FALSE
"MUS","Mauritius","Africa","Upper middle income",2012,5.12197,4.08656,1253370,FALSE
"MUS","Mauritius","Africa","Upper middle income",2013,5.27053,4.19866,1255290,FALSE
"MUS","Mauritius","Africa","Upper middle income",2014,5.48351,4.36162,1257220,FALSE
"MUS","Mauritius","Africa","Upper middle income",2015,5.48164,4.35238,1259460,FALSE
"MUS","Mauritius","Africa","Upper middle income",2016,5.59666,4.43429,1262130,FALSE
"MUS","Mauritius","Africa","Upper middle income",2017,5.84974,4.62379,1265140,FALSE
"MUS","Mauritius","Africa","Upper middle income",2018,5.84945,4.61198,1268315,FALSE
"MUS","Mauritius","Africa","Upper middle income",2019,5.94702,4.67765,1271368,FALSE
"MUS","Mauritius","Africa","Upper middle income",2020,5.53468,4.34395,1274114,FALSE
"MUS","Mauritius","Africa","Upper middle income",2021,5.8421,4.57845,1276000,FALSE
"MUS","Mauritius","Africa","Upper middle income",2022,5.98132,4.67656,1279000,FALSE
"MUS","Mauritius","Africa","Upper middle income",2023,6.32307,4.9399,1280000,FALSE
"MUS","Mauritius","Africa","Upper middle income",2024,6.4716,5.04805,1282000,FALSE
"MWI","Malawi","Africa","Low income",1970,2.29568,0.49866,4603720,FALSE
"MWI","Malawi","Africa","Low income",1971,2.3299,0.49272,4728700,FALSE
"MWI","Malawi","Africa","Low income",1972,2.45641,0.50548,4859610,FALSE
"MWI","Malawi","Africa","Low income",1973,2.53551,0.50741,4996940,FALSE
"MWI","Malawi","Africa","Low income",1974,2.65506,0.51643,5141200,FALSE
"MWI","Malawi","Africa","Low income",1975,2.76639,0.52267,5292810,FALSE
"MWI","Malawi","Africa","Low income",1976,2.89252,0.53028,5454700,FALSE
"MWI","Malawi","Africa","Low income",1977,2.95471,0.52505,5627530,FALSE
"MWI","Malawi","Africa","Low income",1978,3.02287,0.52057,5806850,FALSE
"MWI","Malawi","Africa","Low income",1979,3.0578,0.5108,5986330,FALSE
"MWI","Malawi","Africa","Low income",1980,3.13799,0.50916,6163080,FALSE
"MWI","Malawi","Africa","Low income",1981,3.31996,0.52468,6327570,FALSE
"MWI","Malawi","Africa","Low income",1982,3.419,0.52726,6484450,FALSE
"MWI","Malawi","Africa","Low income",1983,3.45555,0.51874,6661360,FALSE
"MWI","Malawi","Africa","Low income",1984,3.53438,0.51253,6895930,FALSE
"MWI","Malawi","Africa","Low income",1985,3.79705,0.52656,7211100,FALSE
"MWI","Malawi","Africa","Low income",1986,3.85703,0.50582,7625310,FALSE
"MWI","Malawi","Africa","Low income",1987,4.13422,0.50913,8120090,FALSE
"MWI","Malawi","Africa","Low income",1988,3.7769,0.4373,8636930,FALSE
"MWI","Malawi","Africa","Low income",1989,3.90805,0.42971,9094670,FALSE
"MWI","Malawi","Africa","Low income",1990,5.87468,0.62248,9437550,FALSE
"MWI","Malawi","Africa","Low income",1991,6.10811,0.63355,9641150,FALSE
"MWI","Malawi","Africa","Low income",1992,6.2923,0.64671,9729720,FALSE
"MWI","Malawi","Africa","Low income",1993,6.28524,0.64425,9755860,FALSE
"MWI","Malawi","Africa","Low income",1994,6.29384,0.64243,9796980,FALSE
"MWI","Malawi","Africa","Low income",1995,6.37434,0.64328,9909090,FALSE
"MWI","Malawi","Africa","Low income",1996,6.56941,0.64981,10109800,FALSE
"MWI","Malawi","Africa","Low income",1997,6.74982,0.65015,10381900,FALSE
"MWI","Malawi","Africa","Low income",1998,7.26128,0.67833,10704700,FALSE
"MWI","Malawi","Africa","Low income",1999,7.53406,0.68216,11044400,FALSE
"MWI","Malawi","Africa","Low income",2000,8.14145,0.71566,11376200,FALSE
"MWI","Malawi","Africa","Low income",2001,8.08916,0.69162,11695900,FALSE
"MWI","Malawi","Africa","Low income",2002,8.0994,0.67418,12013700,FALSE
"MWI","Malawi","Africa","Low income",2003,8.29921,0.67273,12336700,FALSE
"MWI","Malawi","Africa","Low income",2004,8.3477,0.65854,12676000,FALSE
"MWI","Malawi","Africa","Low income",2005,8.95209,0.68653,13039700,FALSE
"MWI","Malawi","Africa","Low income",2006,9.39841,0.69984,13429300,FALSE
"MWI","Malawi","Africa","Low income",2007,10.01854,0.72383,13841000,FALSE
"MWI","Malawi","Africa","Low income",2008,10.57239,0.74082,14271200,FALSE
"MWI","Malawi","Africa","Low income",2009,10.72833,0.72909,14714600,FALSE
"MWI","Malawi","Africa","Low income",2010,11.46185,0.7557,15167100,FALSE
"MWI","Malawi","Africa","Low income",2011,13.07235,0.83649,15627600,FALSE
"MWI","Malawi","Africa","Low income",2012,13.3876,0.83167,16097300,FALSE
"MWI","Malawi","Africa","Low income",2013,13.08937,0.78961,16577100,FALSE
"MWI","Malawi","Africa","Low income",2014,13.39886,0.78499,17068800,FALSE
"MWI","Malawi","Africa","Low income",2015,13.73057,0.78132,17573600,FALSE
"MWI","Malawi","Africa","Low income",2016,14.15537,0.78243,18091600,FALSE
"MWI","Malawi","Africa","Low income",2017,15.05615,0.80851,18622100,FALSE
"MWI","Malawi","Africa","Low income",2018,16.20496,0.84556,19164728,FALSE
"MWI","Malawi","Africa","Low income",2019,17.7177,0.89852,19718743,FALSE
"MWI","Malawi","Africa","Low income",2020,17.61119,0.86824,20283691,FALSE
"MWI","Malawi","Africa","Low income",2021,18.67716,0.8954,20859000,FALSE
"MWI","Malawi","Africa","Low income",2022,18.63932,0.86913,21446000,FALSE
"MWI","Malawi","Africa","Low income",2023,18.35384,0.8326,22044000,FALSE
"MWI","Malawi","Africa","Low income",2024,19.02356,0.83978,22653000,FALSE
"MYS","Malaysia","Asia","Upper middle income",1970,36.93794,3.41891,10804000,FALSE
"MYS","Malaysia","Asia","Upper middle income",1971,37.57446,3.39662,11062300,FALSE
"MYS","Malaysia","Asia","Upper middle income",1972,24.90222,2.19901,11324300,FALSE
"MYS","Malaysia","Asia","Upper middle income",1973,25.46811,2.19691,11592700,FALSE
"MYS","Malaysia","Asia","Upper middle income",1974,28.34729,2.3879,11871200,FALSE
"MYS","Malaysia","Asia","Upper middle income",1975,30.27975,2.48962,12162400,FALSE
"MYS","Malaysia","Asia","Upper middle income",1976,33.33476,2.67343,12468900,FALSE
"MYS","Malaysia","Asia","Upper middle income",1977,33.34163,2.60675,12790500,FALSE
"MYS","Malaysia","Asia","Upper middle income",1978,39.74682,3.02877,13123100,FALSE
"MYS","Malaysia","Asia","Upper middle income",1979,45.53694,3.38308,13460200,FALSE
"MYS","Malaysia","Asia","Upper middle income",1980,46.79827,3.39165,13798100,FALSE
"MYS","Malaysia","Asia","Upper middle income",1981,47.30451,3.34691,14133800,FALSE
"MYS","Malaysia","Asia","Upper middle income",1982,50.64376,3.49977,14470600,FALSE
"MYS","Malaysia","Asia","Upper middle income",1983,56.68085,3.82498,14818600,FALSE
"MYS","Malaysia","Asia","Upper middle income",1984,60.21906,3.96397,15191600,FALSE
"MYS","Malaysia","Asia","Upper middle income",1985,60.05899,3.85021,15598900,FALSE
"MYS","Malaysia","Asia","Upper middle income",1986,62.1803,3.87537,16045000,FALSE
"MYS","Malaysia","Asia","Upper middle income",1987,63.30384,3.83077,16525100,FALSE
"MYS","Malaysia","Asia","Upper middle income",1988,67.32053,3.95361,17027600,FALSE
"MYS","Malaysia","Asia","Upper middle income",1989,77.14679,4.39934,17536000,FALSE
"MYS","Malaysia","Asia","Upper middle income",1990,85.74539,4.75352,18038300,FALSE
"MYS","Malaysia","Asia","Upper middle income",1991,96.91133,5.23011,18529500,FALSE
"MYS","Malaysia","Asia","Upper middle income",1992,101.60799,5.34422,19012700,FALSE
"MYS","Malaysia","Asia","Upper middle income",1993,102.4776,5.25661,19495000,FALSE
"MYS","Malaysia","Asia","Upper middle income",1994,111.20595,5.56394,19986900,FALSE
"MYS","Malaysia","Asia","Upper middle income",1995,113.6029,5.54279,20495600,FALSE
"MYS","Malaysia","Asia","Upper middle income",1996,128.27705,6.10166,21023300,FALSE
"MYS","Malaysia","Asia","Upper middle income",1997,141.26783,6.5507,21565300,FALSE
"MYS","Malaysia","Asia","Upper middle income",1998,136.05343,6.15251,22113500,FALSE
"MYS","Malaysia","Asia","Upper middle income",1999,145.36927,6.41628,22656300,FALSE
"MYS","Malaysia","Asia","Upper middle income",2000,157.85645,6.80838,23185600,FALSE
"MYS","Malaysia","Asia","Upper middle income",2001,166.00383,7.00471,23698900,FALSE
"MYS","Malaysia","Asia","Upper middle income",2002,175.18487,7.2394,24198800,FALSE
"MYS","Malaysia","Asia","Upper middle income",2003,188.34161,7.62866,24688700,FALSE
"MYS","Malaysia","Asia","Upper middle income",2004,203.15971,8.07019,25174100,FALSE
"MYS","Malaysia","Asia","Upper middle income",2005,215.21263,8.38728,25659400,FALSE
"MYS","Malaysia","Asia","Upper middle income",2006,223.02747,8.53086,26143600,FALSE
"MYS","Malaysia","Asia","Upper middle income",2007,240.60257,9.03644,26625800,FALSE
"MYS","Malaysia","Asia","Upper middle income",2008,252.88526,9.32774,27111100,FALSE
"MYS","Malaysia","Asia","Upper middle income",2009,235.84263,8.54335,27605400,FALSE
"MYS","Malaysia","Asia","Upper middle income",2010,250.79028,8.92102,28112300,FALSE
"MYS","Malaysia","Asia","Upper middle income",2011,252.93466,8.83303,28635100,FALSE
"MYS","Malaysia","Asia","Upper middle income",2012,254.60507,8.72817,29170500,FALSE
"MYS","Malaysia","Asia","Upper middle income",2013,272.7485,9.18138,29706700,FALSE
"MYS","Malaysia","Asia","Upper middle income",2014,287.41156,9.50812,30228000,FALSE
"MYS","Malaysia","Asia","Upper middle income",2015,290.14808,9.44394,30723200,FALSE
"MYS","Malaysia","Asia","Upper middle income",2016,286.50239,9.18651,31187300,FALSE
"MYS","Malaysia","Asia","Upper middle income",2017,274.6473,8.68469,31624300,FALSE
"MYS","Malaysia","Asia","Upper middle income",2018,291.02157,9.08237,32042458,FALSE
"MYS","Malaysia","Asia","Upper middle income",2019,292.13343,9.00134,32454455,FALSE
"MYS","Malaysia","Asia","Upper middle income",2020,288.85838,8.78808,32869323,FALSE
"MYS","Malaysia","Asia","Upper middle income",2021,293.31161,8.81107,33289000,FALSE
"MYS","Malaysia","Asia","Upper middle income",2022,312.7472,9.2773,33711000,FALSE
"MYS","Malaysia","Asia","Upper middle income",2023,318.37254,9.32796,34131000,FALSE
"MYS","Malaysia","Asia","Upper middle income",2024,332.16683,9.61548,34545000,FALSE
"NAM","Namibia","Africa","Lower middle income",1970,6.4685,8.28887,780384,FALSE
"NAM","Namibia","Africa","Lower middle income",1971,6.56932,8.16921,804157,FALSE
"NAM","Namibia","Africa","Lower middle income",1972,6.66935,8.04077,829441,FALSE
"NAM","Namibia","Africa","Lower middle income",1973,6.77651,7.92223,855380,FALSE
"NAM","Namibia","Africa","Lower middle income",1974,7.41903,8.4232,880785,FALSE
"NAM","Namibia","Africa","Lower middle income",1975,5.5584,6.14297,904839,FALSE
"NAM","Namibia","Africa","Lower middle income",1976,5.58734,6.02407,927503,FALSE
"NAM","Namibia","Africa","Lower middle income",1977,6.32767,6.66636,949193,FALSE
"NAM","Namibia","Africa","Lower middle income",1978,6.383,6.57866,970258,FALSE
"NAM","Namibia","Africa","Lower middle income",1979,6.80868,6.86895,991226,FALSE
"NAM","Namibia","Africa","Lower middle income",1980,7.05387,6.96561,1012670,FALSE
"NAM","Namibia","Africa","Lower middle income",1981,5.98711,5.78878,1034260,FALSE
"NAM","Namibia","Africa","Lower middle income",1982,5.48033,5.18789,1056370,FALSE
"NAM","Namibia","Africa","Lower middle income",1983,5.43055,5.02326,1081080,FALSE
"NAM","Namibia","Africa","Lower middle income",1984,5.50496,4.95438,1111130,FALSE
"NAM","Namibia","Africa","Lower middle income",1985,5.57592,4.8558,1148300,FALSE
"NAM","Namibia","Africa","Lower middle income",1986,5.97455,5.00553,1193590,FALSE
"NAM","Namibia","Africa","Lower middle income",1987,6.35842,5.10311,1245990,FALSE
"NAM","Namibia","Africa","Lower middle income",1988,6.74699,5.17907,1302740,FALSE
"NAM","Namibia","Africa","Lower middle income",1989,6.68149,4.91312,1359930,FALSE
"NAM","Namibia","Africa","Lower middle income",1990,6.59516,4.66191,1414690,FALSE
"NAM","Namibia","Africa","Lower middle income",1991,6.67076,4.55112,1465740,FALSE
"NAM","Namibia","Africa","Lower middle income",1992,6.66817,4.40516,1513720,FALSE
"NAM","Namibia","Africa","Lower middle income",1993,6.74113,4.32129,1559980,FALSE
"NAM","Namibia","Africa","Lower middle income",1994,6.75002,4.20112,1606720,FALSE
"NAM","Namibia","Africa","Lower middle income",1995,6.85677,4.14216,1655360,FALSE
"NAM","Namibia","Africa","Lower middle income",1996,7.0396,4.12519,1706490,FALSE
"NAM","Namibia","Africa","Lower middle income",1997,7.29193,4.14552,1758990,FALSE
"NAM","Namibia","Africa","Lower middle income",1998,7.61004,4.20312,1810570,FALSE
"NAM","Namibia","Africa","Lower middle income",1999,7.81955,4.2085,1858040,FALSE
"NAM","Namibia","Africa","Lower middle income",2000,8.74456,4.60419,1899260,FALSE
"NAM","Namibia","Africa","Lower middle income",2001,8.9491,4.6282,1933600,FALSE
"NAM","Namibia","Africa","Lower middle income",2002,8.45479,4.30894,1962150,FALSE
"NAM","Namibia","Africa","Lower middle income",2003,8.71572,4.38739,1986540,FALSE
"NAM","Namibia","Africa","Lower middle income",2004,8.86043,4.40986,2009230,FALSE
"NAM","Namibia","Africa","Lower middle income",2005,10.64024,5.23582,2032200,FALSE
"NAM","Namibia","Africa","Lower middle income",2006,9.29531,4.52166,2055730,FALSE
"NAM","Namibia","Africa","Lower middle income",2007,9.28117,4.46227,2079920,FALSE
"NAM","Namibia","Africa","Lower middle income",2008,10.04185,4.76735,2106380,FALSE
"NAM","Namibia","Africa","Lower middle income",2009,10.18646,4.76662,2137040,FALSE
"NAM","Namibia","Africa","Lower middle income",2010,9.461,4.35355,2173170,FALSE
"NAM","Namibia","Africa","Lower middle income",2011,9.8545,4.44774,2215620,FALSE
"NAM","Namibia","Africa","Lower middle income",2012,11.13106,4.9167,2263930,FALSE
"NAM","Namibia","Africa","Lower middle income",2013,10.22556,4.41419,2316520,FALSE
"NAM","Namibia","Africa","Lower middle income",2014,10.87433,4.58641,2370990,FALSE
"NAM","Namibia","Africa","Lower middle income",2015,11.12551,4.58678,2425560,FALSE
"NAM","Namibia","Africa","Lower middle income",2016,12.35184,4.98117,2479710,FALSE
"NAM","Namibia","Africa","Lower middle income",2017,11.77402,4.6468,2533790,FALSE
"NAM","Namibia","Africa","Lower middle income",2018,11.59672,4.4813,2587801,FALSE
"NAM","Namibia","Africa","Lower middle income",2019,11.77452,4.45668,2641996,FALSE
"NAM","Namibia","Africa","Lower middle income",2020,11.12461,4.12552,2696537,FALSE
"NAM","Namibia","Africa","Lower middle income",2021,12.13447,4.41093,2751000,FALSE
"NAM","Namibia","Africa","Lower middle income",2022,12.26919,4.37248,2806000,FALSE
"NAM","Namibia","Africa","Lower middle income",2023,13.8899,4.85491,2861000,FALSE
"NAM","Namibia","Africa","Lower middle income",2024,14.21213,4.87384,2916000,FALSE
"NCL","New Caledonia","Oceania","High income",1970,1.38095,13.11141,105324,FALSE
"NCL","New Caledonia","Oceania","High income",1971,1.38196,12.58272,109830,FALSE
"NCL","New Caledonia","Oceania","High income",1972,1.41763,12.32896,114984,FALSE
"NCL","New Caledonia","Oceania","High income",1973,1.63996,13.61731,120432,FALSE
"NCL","New Caledonia","Oceania","High income",1974,1.9072,15.17963,125642,FALSE
"NCL","New Caledonia","Oceania","High income",1975,1.66878,12.81078,130264,FALSE
"NCL","New Caledonia","Oceania","High income",1976,1.65046,12.30116,134171,FALSE
"NCL","New Caledonia","Oceania","High income",1977,1.73559,12.62548,137467,FALSE
"NCL","New Caledonia","Oceania","High income",1978,1.75877,12.53892,140265,FALSE
"NCL","New Caledonia","Oceania","High income",1979,1.85291,12.97917,142760,FALSE
"NCL","New Caledonia","Oceania","High income",1980,1.95668,13.48097,145144,FALSE
"NCL","New Caledonia","Oceania","High income",1981,1.90418,12.91713,147415,FALSE
"NCL","New Caledonia","Oceania","High income",1982,1.38999,9.29387,149560,FALSE
"NCL","New Caledonia","Oceania","High income",1983,1.33695,8.81572,151655,FALSE
"NCL","New Caledonia","Oceania","High income",1984,1.40733,9.1522,153770,FALSE
"NCL","New Caledonia","Oceania","High income",1985,1.78213,11.42524,155982,FALSE
"NCL","New Caledonia","Oceania","High income",1986,1.72499,10.8961,158313,FALSE
"NCL","New Caledonia","Oceania","High income",1987,1.86474,11.59753,160788,FALSE
"NCL","New Caledonia","Oceania","High income",1988,1.83448,11.22118,163484,FALSE
"NCL","New Caledonia","Oceania","High income",1989,1.93249,11.60897,166465,FALSE
"NCL","New Caledonia","Oceania","High income",1990,1.91849,11.29941,169787,FALSE
"NCL","New Caledonia","Oceania","High income",1991,2.06846,11.9228,173488,FALSE
"NCL","New Caledonia","Oceania","High income",1992,2.08751,11.75898,177525,FALSE
"NCL","New Caledonia","Oceania","High income",1993,2.12809,11.70408,181825,FALSE
"NCL","New Caledonia","Oceania","High income",1994,2.19073,11.76141,186264,FALSE
"NCL","New Caledonia","Oceania","High income",1995,2.03229,10.65521,190732,FALSE
"NCL","New Caledonia","Oceania","High income",1996,2.24488,11.49948,195216,FALSE
"NCL","New Caledonia","Oceania","High income",1997,2.10492,10.53963,199715,FALSE
"NCL","New Caledonia","Oceania","High income",1998,2.05572,10.06815,204180,FALSE
"NCL","New Caledonia","Oceania","High income",1999,1.99772,9.5776,208582,FALSE
"NCL","New Caledonia","Oceania","High income",2000,2.48598,11.67835,212871,FALSE
"NCL","New Caledonia","Oceania","High income",2001,2.53005,11.65705,217040,FALSE
"NCL","New Caledonia","Oceania","High income",2002,2.785,12.59681,221088,FALSE
"NCL","New Caledonia","Oceania","High income",2003,3.05275,13.5662,225026,FALSE
"NCL","New Caledonia","Oceania","High income",2004,2.76621,12.08568,228883,FALSE
"NCL","New Caledonia","Oceania","High income",2005,3.00953,12.93386,232686,FALSE
"NCL","New Caledonia","Oceania","High income",2006,3.00802,12.72239,236435,FALSE
"NCL","New Caledonia","Oceania","High income",2007,3.08658,12.85383,240129,FALSE
"NCL","New Caledonia","Oceania","High income",2008,2.99299,12.27711,243786,FALSE
"NCL","New Caledonia","Oceania","High income",2009,3.0023,12.13476,247413,FALSE
"NCL","New Caledonia","Oceania","High income",2010,3.81793,15.20865,251037,FALSE
"NCL","New Caledonia","Oceania","High income",2011,3.84263,15.08942,254657,FALSE
"NCL","New Caledonia","Oceania","High income",2012,3.88622,15.04684,258275,FALSE
"NCL","New Caledonia","Oceania","High income",2013,4.2663,16.29049,261889,FALSE
"NCL","New Caledonia","Oceania","High income",2014,5.15631,19.42134,265497,FALSE
"NCL","New Caledonia","Oceania","High income",2015,4.94014,18.35861,269091,FALSE
"NCL","New Caledonia","Oceania","High income",2016,5.27186,19.33373,272677,FALSE
"NCL","New Caledonia","Oceania","High income",2017,4.77307,17.27775,276255,FALSE
"NCL","New Caledonia","Oceania","High income",2018,6.46598,23.10756,279821,FALSE
"NCL","New Caledonia","Oceania","High income",2019,6.22995,21.98475,283376,FALSE
"NCL","New Caledonia","Oceania","High income",2020,6.08066,21.1934,286913,FALSE
"NCL","New Caledonia","Oceania","High income",2021,5.03275,17.29468,291000,FALSE
"NCL","New Caledonia","Oceania","High income",2022,4.98415,16.9529,294000,FALSE
"NCL","New Caledonia","Oceania","High income",2023,5.24479,17.65922,297000,FALSE
"NCL","New Caledonia","Oceania","High income",2024,5.38161,17.87911,301000,FALSE
"NER","Niger","Africa","Low income",1970,11.02187,2.44361,4510480,FALSE
"NER","Niger","Africa","Low income",1971,11.34028,2.44517,4637830,FALSE
"NER","Niger","Africa","Low income",1972,11.54921,2.42219,4768080,FALSE
"NER","Niger","Africa","Low income",1973,8.8031,1.79581,4902010,FALSE
"NER","Niger","Africa","Low income",1974,8.86213,1.75813,5040660,FALSE
"NER","Niger","Africa","Low income",1975,9.4856,1.8295,5184810,FALSE
"NER","Niger","Africa","Low income",1976,10.22595,1.91679,5334920,FALSE
"NER","Niger","Africa","Low income",1977,11.24503,2.04793,5490920,FALSE
"NER","Niger","Africa","Low income",1978,11.65364,2.06173,5652350,FALSE
"NER","Niger","Africa","Low income",1979,12.07398,2.0751,5818510,FALSE
"NER","Niger","Africa","Low income",1980,12.60044,2.10397,5988900,FALSE
"NER","Niger","Africa","Low income",1981,13.25401,2.15022,6164010,FALSE
"NER","Niger","Africa","Low income",1982,13.85824,2.18433,6344380,FALSE
"NER","Niger","Africa","Low income",1983,14.58885,2.23417,6529890,FALSE
"NER","Niger","Africa","Low income",1984,10.63274,1.58217,6720340,FALSE
"NER","Niger","Africa","Low income",1985,9.18439,1.32801,6915930,FALSE
"NER","Niger","Africa","Low income",1986,9.48821,1.33322,7116740,FALSE
"NER","Niger","Africa","Low income",1987,9.779,1.33521,7323970,FALSE
"NER","Niger","Africa","Low income",1988,10.15016,1.34613,7540250,FALSE
"NER","Niger","Africa","Low income",1989,10.53126,1.35555,7768990,FALSE
"NER","Niger","Africa","Low income",1990,10.73868,1.34018,8012860,FALSE
"NER","Niger","Africa","Low income",1991,11.15652,1.34855,8272980,FALSE
"NER","Niger","Africa","Low income",1992,11.58628,1.35521,8549420,FALSE
"NER","Niger","Africa","Low income",1993,12.27121,1.38777,8842420,FALSE
"NER","Niger","Africa","Low income",1994,12.65019,1.38227,9151760,FALSE
"NER","Niger","Africa","Low income",1995,13.18439,1.39115,9477330,FALSE
"NER","Niger","Africa","Low income",1996,13.83658,1.40903,9819960,FALSE
"NER","Niger","Africa","Low income",1997,14.58093,1.4323,10180100,FALSE
"NER","Niger","Africa","Low income",1998,15.24614,1.44424,10556500,FALSE
"NER","Niger","Africa","Low income",1999,15.8446,1.44729,10947800,FALSE
"NER","Niger","Africa","Low income",2000,16.20645,1.4275,11353000,FALSE
"NER","Niger","Africa","Low income",2001,16.95435,1.44023,11772000,FALSE
"NER","Niger","Africa","Low income",2002,17.6999,1.4501,12206000,FALSE
"NER","Niger","Africa","Low income",2003,18.49915,1.46159,12656900,FALSE
"NER","Niger","Africa","Low income",2004,19.31625,1.47149,13127000,FALSE
"NER","Niger","Africa","Low income",2005,20.04333,1.47178,13618400,FALSE
"NER","Niger","Africa","Low income",2006,20.75466,1.46862,14132100,FALSE
"NER","Niger","Africa","Low income",2007,21.61205,1.47339,14668300,FALSE
"NER","Niger","Africa","Low income",2008,22.50706,1.47796,15228500,FALSE
"NER","Niger","Africa","Low income",2009,23.53828,1.48846,15813900,FALSE
"NER","Niger","Africa","Low income",2010,23.31883,1.41966,16425600,FALSE
"NER","Niger","Africa","Low income",2011,24.12019,1.41346,17064600,FALSE
"NER","Niger","Africa","Low income",2012,25.89047,1.46013,17731600,FALSE
"NER","Niger","Africa","Low income",2013,27.24257,1.47845,18426400,FALSE
"NER","Niger","Africa","Low income",2014,28.53871,1.49041,19148200,FALSE
"NER","Niger","Africa","Low income",2015,29.58802,1.48706,19897000,FALSE
"NER","Niger","Africa","Low income",2016,30.93885,1.49658,20673000,FALSE
"NER","Niger","Africa","Low income",2017,32.15033,1.49694,21477300,FALSE
"NER","Niger","Africa","Low income",2018,33.65283,1.50833,22311375,FALSE
"NER","Niger","Africa","Low income",2019,35.51736,1.53246,23176691,FALSE
"NER","Niger","Africa","Low income",2020,37.19471,1.54497,24074693,FALSE
"NER","Niger","Africa","Low income",2021,39.19397,1.56738,25006000,FALSE
"NER","Niger","Africa","Low income",2022,41.35873,1.59244,25972000,FALSE
"NER","Niger","Africa","Low income",2023,40.07225,1.4857,26972000,FALSE
"NER","Niger","Africa","Low income",2024,41.14615,1.46914,28007000,FALSE
"NGA","Nigeria","Africa","Lower middle income",1970,172.3708,3.07907,55981400,FALSE
"NGA","Nigeria","Africa","Lower middle income",1971,187.21195,3.2675,57295200,FALSE
"NGA","Nigeria","Africa","Lower middle income",1972,222.29914,3.78945,58662600,FALSE
"NGA","Nigeria","Africa","Lower middle income",1973,252.43637,4.19955,60110400,FALSE
"NGA","Nigeria","Africa","Lower middle income",1974,286.0673,4.63841,61673600,FALSE
"NGA","Nigeria","Africa","Lower middle income",1975,232.04538,3.66155,63373600,FALSE
"NGA","Nigeria","Africa","Lower middle income",1976,266.28582,4.0825,65226200,FALSE
"NGA","Nigeria","Africa","Lower middle income",1977,260.75089,3.87931,67215800,FALSE
"NGA","Nigeria","Africa","Lower middle income",1978,250.1125,3.60946,69293600,FALSE
"NGA","Nigeria","Africa","Lower middle income",1979,312.14314,4.37229,71391300,FALSE
"NGA","Nigeria","Africa","Lower middle income",1980,286.54986,3.90072,73460700,FALSE
"NGA","Nigeria","Africa","Lower middle income",1981,224.5372,2.97469,75482600,FALSE
"NGA","Nigeria","Africa","Lower middle income",1982,211.61142,2.73143,77472900,FALSE
"NGA","Nigeria","Africa","Lower middle income",1983,208.1702,2.61974,79462300,FALSE
"NGA","Nigeria","Africa","Lower middle income",1984,220.16524,2.70149,81497700,FALSE
"NGA","Nigeria","Africa","Lower middle income",1985,232.29099,2.77816,83613300,FALSE
"NGA","Nigeria","Africa","Lower middle income",1986,229.04848,2.66899,85818500,FALSE
"NGA","Nigeria","Africa","Lower middle income",1987,216.49066,2.45728,88101600,FALSE
"NGA","Nigeria","Africa","Lower middle income",1988,235.37656,2.60228,90450300,FALSE
"NGA","Nigeria","Africa","Lower middle income",1989,259.93086,2.79964,92844400,FALSE
"NGA","Nigeria","Africa","Lower middle income",1990,260.81563,2.73765,95270000,FALSE
"NGA","Nigeria","Africa","Lower middle income",1991,275.41426,2.81822,97726300,FALSE
"NGA","Nigeria","Africa","Lower middle income",1992,299.39379,2.98731,100222000,FALSE
"NGA","Nigeria","Africa","Lower middle income",1993,303.00044,2.94857,102762000,FALSE
"NGA","Nigeria","Africa","Lower middle income",1994,326.77502,3.10163,105356000,FALSE
"NGA","Nigeria","Africa","Lower middle income",1995,358.62625,3.32028,108011000,FALSE
"NGA","Nigeria","Africa","Lower middle income",1996,417.04055,3.76618,110733000,FALSE
"NGA","Nigeria","Africa","Lower middle income",1997,391.03885,3.44458,113523000,FALSE
"NGA","Nigeria","Africa","Lower middle income",1998,358.9155,3.08384,116386000,FALSE
"NGA","Nigeria","Africa","Lower middle income",1999,346.03131,2.89986,119327000,FALSE
"NGA","Nigeria","Africa","Lower middle income",2000,379.86785,3.10471,122352000,FALSE
"NGA","Nigeria","Africa","Lower middle income",2001,385.88774,3.07571,125463000,FALSE
"NGA","Nigeria","Africa","Lower middle income",2002,332.82739,2.58673,128667000,FALSE
"NGA","Nigeria","Africa","Lower middle income",2003,369.18643,2.79744,131973000,FALSE
"NGA","Nigeria","Africa","Lower middle income",2004,359.99113,2.65884,135394000,FALSE
"NGA","Nigeria","Africa","Lower middle income",2005,351.60432,2.53064,138939000,FALSE
"NGA","Nigeria","Africa","Lower middle income",2006,324.01093,2.27194,142614000,FALSE
"NGA","Nigeria","Africa","Lower middle income",2007,298.67144,2.03987,146417000,FALSE
"NGA","Nigeria","Africa","Lower middle income",2008,303.82146,2.0208,150347000,FALSE
"NGA","Nigeria","Africa","Lower middle income",2009,287.38886,1.8613,154402000,FALSE
"NGA","Nigeria","Africa","Lower middle income",2010,309.51953,1.95184,158578000,FALSE
"NGA","Nigeria","Africa","Lower middle income",2011,330.19522,2.02727,162877000,FALSE
"NGA","Nigeria","Africa","Lower middle income",2012,331.6927,1.98266,167297000,FALSE
"NGA","Nigeria","Africa","Lower middle income",2013,335.40482,1.95197,171829000,FALSE
"NGA","Nigeria","Africa","Lower middle income",2014,346.61759,1.96427,176461000,FALSE
"NGA","Nigeria","Africa","Lower middle income",2015,342.39752,1.8898,181182000,FALSE
"NGA","Nigeria","Africa","Lower middle income",2016,336.75008,1.81058,185990000,FALSE
"NGA","Nigeria","Africa","Lower middle income",2017,334.53415,1.75253,190886000,FALSE
"NGA","Nigeria","Africa","Lower middle income",2018,346.52871,1.76913,195875237,FALSE
"NGA","Nigeria","Africa","Lower middle income",2019,360.0857,1.79181,200962417,FALSE
"NGA","Nigeria","Africa","Lower middle income",2020,333.68468,1.61863,206152701,FALSE
"NGA","Nigeria","Africa","Lower middle income",2021,342.74709,1.62096,211447000,FALSE
"NGA","Nigeria","Africa","Lower middle income",2022,334.76991,1.54383,216844000,FALSE
"NGA","Nigeria","Africa","Lower middle income",2023,337.77675,1.51913,222349000,FALSE
"NGA","Nigeria","Africa","Lower middle income",2024,350.55535,1.53777,227963000,FALSE
"NIC","Nicaragua","America","Lower middle income",1970,7.908,3.29761,2398100,FALSE
"NIC","Nicaragua","America","Lower middle income",1971,7.49621,3.03164,2472660,FALSE
"NIC","Nicaragua","America","Lower middle income",1972,7.56431,2.96666,2549770,FALSE
"NIC","Nicaragua","America","Lower middle income",1973,7.9879,3.03779,2629510,FALSE
"NIC","Nicaragua","America","Lower middle income",1974,8.45979,3.11956,2711850,FALSE
"NIC","Nicaragua","America","Lower middle income",1975,8.68607,3.10577,2796750,FALSE
"NIC","Nicaragua","America","Lower middle income",1976,9.19207,3.18709,2884160,FALSE
"NIC","Nicaragua","America","Lower middle income",1977,9.98143,3.35644,2973810,FALSE
"NIC","Nicaragua","America","Lower middle income",1978,9.70829,3.16734,3065120,FALSE
"NIC","Nicaragua","America","Lower middle income",1979,8.15544,2.58299,3157360,FALSE
"NIC","Nicaragua","America","Lower middle income",1980,7.87104,2.42193,3249910,FALSE
"NIC","Nicaragua","America","Lower middle income",1981,8.06726,2.41342,3342670,FALSE
"NIC","Nicaragua","America","Lower middle income",1982,8.14495,2.3708,3435530,FALSE
"NIC","Nicaragua","America","Lower middle income",1983,7.95094,2.25371,3527940,FALSE
"NIC","Nicaragua","America","Lower middle income",1984,8.13442,2.24754,3619250,FALSE
"NIC","Nicaragua","America","Lower middle income",1985,8.22823,2.2184,3709090,FALSE
"NIC","Nicaragua","America","Lower middle income",1986,8.12321,2.13942,3796920,FALSE
"NIC","Nicaragua","America","Lower middle income",1987,7.60628,1.9589,3882940,FALSE
"NIC","Nicaragua","America","Lower middle income",1988,7.81641,1.96964,3968450,FALSE
"NIC","Nicaragua","America","Lower middle income",1989,8.16216,2.01273,4055260,FALSE
"NIC","Nicaragua","America","Lower middle income",1990,9.01035,2.17402,4144560,FALSE
"NIC","Nicaragua","America","Lower middle income",1991,7.89626,1.86373,4236800,FALSE
"NIC","Nicaragua","America","Lower middle income",1992,8.77249,2.02538,4331280,FALSE
"NIC","Nicaragua","America","Lower middle income",1993,9.4067,2.12505,4426580,FALSE
"NIC","Nicaragua","America","Lower middle income",1994,9.75571,2.15799,4520730,FALSE
"NIC","Nicaragua","America","Lower middle income",1995,9.26213,2.00817,4612230,FALSE
"NIC","Nicaragua","America","Lower middle income",1996,9.29983,1.97836,4700780,FALSE
"NIC","Nicaragua","America","Lower middle income",1997,9.97353,2.08362,4786640,FALSE
"NIC","Nicaragua","America","Lower middle income",1998,10.36192,2.12787,4869630,FALSE
"NIC","Nicaragua","America","Lower middle income",1999,11.37654,2.29845,4949660,FALSE
"NIC","Nicaragua","America","Lower middle income",2000,11.79606,2.34663,5026800,FALSE
"NIC","Nicaragua","America","Lower middle income",2001,12.04459,2.36134,5100750,FALSE
"NIC","Nicaragua","America","Lower middle income",2002,12.31967,2.38212,5171730,FALSE
"NIC","Nicaragua","America","Lower middle income",2003,13.05554,2.4911,5240880,FALSE
"NIC","Nicaragua","America","Lower middle income",2004,13.00011,2.44837,5309700,FALSE
"NIC","Nicaragua","America","Lower middle income",2005,13.0271,2.42169,5379330,FALSE
"NIC","Nicaragua","America","Lower middle income",2006,13.63267,2.50131,5450210,FALSE
"NIC","Nicaragua","America","Lower middle income",2007,13.90046,2.51724,5522110,FALSE
"NIC","Nicaragua","America","Lower middle income",2008,13.75605,2.45885,5594510,FALSE
"NIC","Nicaragua","America","Lower middle income",2009,13.82094,2.43903,5666580,FALSE
"NIC","Nicaragua","America","Lower middle income",2010,14.20219,2.47523,5737720,FALSE
"NIC","Nicaragua","America","Lower middle income",2011,15.17147,2.61225,5807820,FALSE
"NIC","Nicaragua","America","Lower middle income",2012,15.63205,2.65982,5877110,FALSE
"NIC","Nicaragua","America","Lower middle income",2013,15.75114,2.64914,5945750,FALSE
"NIC","Nicaragua","America","Lower middle income",2014,16.4768,2.73974,6014000,FALSE
"NIC","Nicaragua","America","Lower middle income",2015,17.6959,2.90954,6082030,FALSE
"NIC","Nicaragua","America","Lower middle income",2016,17.93558,2.91639,6149930,FALSE
"NIC","Nicaragua","America","Lower middle income",2017,17.97107,2.89036,6217580,FALSE
"NIC","Nicaragua","America","Lower middle income",2018,17.44427,2.77565,6284757,FALSE
"NIC","Nicaragua","America","Lower middle income",2019,17.90722,2.81952,6351157,FALSE
"NIC","Nicaragua","America","Lower middle income",2020,17.82267,2.7776,6416568,FALSE
"NIC","Nicaragua","America","Lower middle income",2021,18.44101,2.8454,6481000,FALSE
"NIC","Nicaragua","America","Lower middle income",2022,18.7064,2.85856,6544000,FALSE
"NIC","Nicaragua","America","Lower middle income",2023,18.96095,2.86983,6607000,FALSE
"NIC","Nicaragua","America","Lower middle income",2024,19.15862,2.87279,6669000,FALSE
"NLD","Netherlands","Europe","High income",1970,179.52832,13.80785,13001900,TRUE
"NLD","Netherlands","Europe","High income",1971,181.07275,13.77199,13147900,TRUE
"NLD","Netherlands","Europe","High income",1972,199.18493,14.98544,13291900,TRUE
"NLD","Netherlands","Europe","High income",1973,208.09108,15.49311,13431200,TRUE
"NLD","Netherlands","Europe","High income",1974,203.48141,15.00335,13562400,TRUE
"NLD","Netherlands","Europe","High income",1975,195.40079,14.28024,13683300,TRUE
"NLD","Netherlands","Europe","High income",1976,206.49417,14.97083,13793100,TRUE
"NLD","Netherlands","Europe","High income",1977,204.48301,14.71853,13892900,TRUE
"NLD","Netherlands","Europe","High income",1978,210.27394,15.03664,13984100,TRUE
"NLD","Netherlands","Europe","High income",1979,220.83151,15.69677,14068600,TRUE
"NLD","Netherlands","Europe","High income",1980,213.79078,15.1106,14148400,TRUE
"NLD","Netherlands","Europe","High income",1981,212.46785,14.93749,14223800,TRUE
"NLD","Netherlands","Europe","High income",1982,201.29053,14.08099,14295200,TRUE
"NLD","Netherlands","Europe","High income",1983,197.62378,13.75693,14365400,TRUE
"NLD","Netherlands","Europe","High income",1984,204.99907,14.19907,14437500,TRUE
"NLD","Netherlands","Europe","High income",1985,209.14654,14.41009,14513900,TRUE
"NLD","Netherlands","Europe","High income",1986,212.06904,14.52946,14595800,TRUE
"NLD","Netherlands","Europe","High income",1987,216.70755,14.75948,14682600,TRUE
"NLD","Netherlands","Europe","High income",1988,216.2172,14.63498,14774000,TRUE
"NLD","Netherlands","Europe","High income",1989,219.09941,14.73561,14868700,TRUE
"NLD","Netherlands","Europe","High income",1990,223.81716,14.95564,14965400,TRUE
"NLD","Netherlands","Europe","High income",1991,229.2153,15.21559,15064500,TRUE
"NLD","Netherlands","Europe","High income",1992,228.11887,15.04157,15165900,TRUE
"NLD","Netherlands","Europe","High income",1993,231.4813,15.16121,15268000,TRUE
"NLD","Netherlands","Europe","High income",1994,233.43073,15.18832,15369100,TRUE
"NLD","Netherlands","Europe","High income",1995,236.58164,15.29501,15467900,TRUE
"NLD","Netherlands","Europe","High income",1996,247.75842,15.9194,15563300,TRUE
"NLD","Netherlands","Europe","High income",1997,238.00085,15.20238,15655500,TRUE
"NLD","Netherlands","Europe","High income",1998,237.92377,15.11049,15745600,TRUE
"NLD","Netherlands","Europe","High income",1999,227.53393,14.3686,15835500,TRUE
"NLD","Netherlands","Europe","High income",2000,225.8801,14.18293,15926200,TRUE
"NLD","Netherlands","Europe","High income",2001,224.85657,14.03766,16018100,TRUE
"NLD","Netherlands","Europe","High income",2002,223.52633,13.87466,16110400,TRUE
"NLD","Netherlands","Europe","High income",2003,226.07664,13.95449,16201000,TRUE
"NLD","Netherlands","Europe","High income",2004,228.46537,14.0273,16287200,TRUE
"NLD","Netherlands","Europe","High income",2005,222.29971,13.58202,16367200,TRUE
"NLD","Netherlands","Europe","High income",2006,218.483,13.28956,16440200,TRUE
"NLD","Netherlands","Europe","High income",2007,218.60476,13.24307,16507100,TRUE
"NLD","Netherlands","Europe","High income",2008,214.11059,12.92259,16568700,TRUE
"NLD","Netherlands","Europe","High income",2009,208.24356,12.5245,16626900,TRUE
"NLD","Netherlands","Europe","High income",2010,219.86847,13.17927,16682900,TRUE
"NLD","Netherlands","Europe","High income",2011,206.76095,12.35353,16737000,TRUE
"NLD","Netherlands","Europe","High income",2012,203.88544,12.14392,16789100,TRUE
"NLD","Netherlands","Europe","High income",2013,201.67828,11.97636,16839700,TRUE
"NLD","Netherlands","Europe","High income",2014,193.57407,11.46128,16889400,TRUE
"NLD","Netherlands","Europe","High income",2015,201.52961,11.89772,16938500,TRUE
"NLD","Netherlands","Europe","High income",2016,202.6787,11.93119,16987300,TRUE
"NLD","Netherlands","Europe","High income",2017,198.73096,11.66542,17035900,TRUE
"NLD","Netherlands","Europe","High income",2018,191.88391,11.23149,17084459,TRUE
"NLD","Netherlands","Europe","High income",2019,186.70003,10.89716,17132908,TRUE
"NLD","Netherlands","Europe","High income",2020,170.34359,9.91451,17181248,TRUE
"NLD","Netherlands","Europe","High income",2021,173.58959,10.07485,17230000,TRUE
"NLD","Netherlands","Europe","High income",2022,160.28356,9.27728,17277000,TRUE
"NLD","Netherlands","Europe","High income",2023,149.48838,8.62848,17325000,TRUE
"NLD","Netherlands","Europe","High income",2024,145.00667,8.34811,17370000,TRUE
"NOR","Norway","Europe","High income",1970,55.0576,14.20453,3876060,FALSE
"NOR","Norway","Europe","High income",1971,53.60534,13.72641,3905270,FALSE
"NOR","Norway","Europe","High income",1972,57.15066,14.5284,3933720,FALSE
"NOR","Norway","Europe","High income",1973,58.84298,14.85634,3960800,FALSE
"NOR","Norway","Europe","High income",1974,57.81697,14.50596,3985740,FALSE
"NOR","Norway","Europe","High income",1975,56.24754,14.03371,4008030,FALSE
"NOR","Norway","Europe","High income",1976,58.92251,14.63016,4027470,FALSE
"NOR","Norway","Europe","High income",1977,60.08144,14.85572,4044330,FALSE
"NOR","Norway","Europe","High income",1978,58.91147,14.51315,4059180,FALSE
"NOR","Norway","Europe","High income",1979,62.18754,15.26873,4072870,FALSE
"NOR","Norway","Europe","High income",1980,60.22673,14.73949,4086080,FALSE
"NOR","Norway","Europe","High income",1981,56.54709,13.79544,4098970,FALSE
"NOR","Norway","Europe","High income",1982,52.45373,12.75731,4111660,FALSE
"NOR","Norway","Europe","High income",1983,52.55873,12.74281,4124580,FALSE
"NOR","Norway","Europe","High income",1984,55.21814,13.34329,4138270,FALSE
"NOR","Norway","Europe","High income",1985,55.38856,13.33668,4153100,FALSE
"NOR","Norway","Europe","High income",1986,57.12666,13.70167,4169320,FALSE
"NOR","Norway","Europe","High income",1987,55.55835,13.26935,4186970,FALSE
"NOR","Norway","Europe","High income",1988,57.00963,13.55445,4205970,FALSE
"NOR","Norway","Europe","High income",1989,55.53421,13.14071,4226120,FALSE
"NOR","Norway","Europe","High income",1990,55.35051,13.03199,4247280,FALSE
"NOR","Norway","Europe","High income",1991,51.82144,12.13768,4269470,FALSE
"NOR","Norway","Europe","High income",1992,51.51877,12.00154,4292680,FALSE
"NOR","Norway","Europe","High income",1993,54.17303,12.54938,4316790,FALSE
"NOR","Norway","Europe","High income",1994,56.61669,13.04048,4341610,FALSE
"NOR","Norway","Europe","High income",1995,56.13028,12.85331,4366990,FALSE
"NOR","Norway","Europe","High income",1996,56.60471,12.88459,4393210,FALSE
"NOR","Norway","Europe","High income",1997,59.28957,13.41314,4420260,FALSE
"NOR","Norway","Europe","High income",1998,60.78398,13.66703,4447490,FALSE
"NOR","Norway","Europe","High income",1999,62.47123,13.96317,4474000,FALSE
"NOR","Norway","Europe","High income",2000,57.66914,12.81716,4499370,FALSE
"NOR","Norway","Europe","High income",2001,58.57855,12.95083,4523150,FALSE
"NOR","Norway","Europe","High income",2002,57.57039,12.66391,4546020,FALSE
"NOR","Norway","Europe","High income",2003,61.34252,13.42255,4570110,FALSE
"NOR","Norway","Europe","High income",2004,62.04599,13.49351,4598210,FALSE
"NOR","Norway","Europe","High income",2005,59.49318,12.84295,4632360,FALSE
"NOR","Norway","Europe","High income",2006,60.35869,12.91628,4673070,FALSE
"NOR","Norway","Europe","High income",2007,61.66994,13.06663,4719650,FALSE
"NOR","Norway","Europe","High income",2008,63.34876,13.27674,4771410,FALSE
"NOR","Norway","Europe","High income",2009,60.28464,12.48858,4827180,FALSE
"NOR","Norway","Europe","High income",2010,63.38775,12.97366,4885880,FALSE
"NOR","Norway","Europe","High income",2011,61.84699,12.5004,4947600,FALSE
"NOR","Norway","Europe","High income",2012,61.3578,12.24215,5012010,FALSE
"NOR","Norway","Europe","High income",2013,62.16659,12.24451,5077100,FALSE
"NOR","Norway","Europe","High income",2014,61.9543,12.05264,5140310,FALSE
"NOR","Norway","Europe","High income",2015,62.89321,12.09522,5199840,FALSE
"NOR","Norway","Europe","High income",2016,62.21384,11.83968,5254690,FALSE
"NOR","Norway","Europe","High income",2017,61.99131,11.68461,5305380,FALSE
"NOR","Norway","Europe","High income",2018,61.11876,11.41689,5353363,FALSE
"NOR","Norway","Europe","High income",2019,59.54966,11.02584,5400916,FALSE
"NOR","Norway","Europe","High income",2020,57.83214,10.612,5449693,FALSE
"NOR","Norway","Europe","High income",2021,58.7091,10.67438,5500000,FALSE
"NOR","Norway","Europe","High income",2022,57.65145,10.38391,5552000,FALSE
"NOR","Norway","Europe","High income",2023,55.46696,9.89774,5604000,FALSE
"NOR","Norway","Europe","High income",2024,53.75964,9.50489,5656000,FALSE
"NPL","Nepal","Asia","Lower middle income",1970,15.68366,1.3072,11997900,FALSE
"NPL","Nepal","Asia","Lower middle income",1971,16.0028,1.30701,12243800,FALSE
"NPL","Nepal","Asia","Lower middle income",1972,16.20994,1.29686,12499400,FALSE
"NPL","Nepal","Asia","Lower middle income",1973,16.89802,1.32378,12765000,FALSE
"NPL","Nepal","Asia","Lower middle income",1974,17.24351,1.32231,13040400,FALSE
"NPL","Nepal","Asia","Lower middle income",1975,17.73897,1.33117,13325800,FALSE
"NPL","Nepal","Asia","Lower middle income",1976,18.03587,1.32411,13621100,FALSE
"NPL","Nepal","Asia","Lower middle income",1977,18.55154,1.33212,13926300,FALSE
"NPL","Nepal","Asia","Lower middle income",1978,18.94738,1.33044,14241400,FALSE
"NPL","Nepal","Asia","Lower middle income",1979,19.26037,1.32222,14566700,FALSE
"NPL","Nepal","Asia","Lower middle income",1980,20.23806,1.35806,14902200,FALSE
"NPL","Nepal","Asia","Lower middle income",1981,20.35633,1.33493,15249000,FALSE
"NPL","Nepal","Asia","Lower middle income",1982,19.98937,1.28078,15607200,FALSE
"NPL","Nepal","Asia","Lower middle income",1983,21.115,1.3218,15974400,FALSE
"NPL","Nepal","Asia","Lower middle income",1984,21.43953,1.31151,16347200,FALSE
"NPL","Nepal","Asia","Lower middle income",1985,21.41609,1.28056,16724000,FALSE
"NPL","Nepal","Asia","Lower middle income",1986,21.56504,1.26103,17101100,FALSE
"NPL","Nepal","Asia","Lower middle income",1987,22.2116,1.27062,17480900,FALSE
"NPL","Nepal","Asia","Lower middle income",1988,22.56884,1.26268,17873700,FALSE
"NPL","Nepal","Asia","Lower middle income",1989,22.56843,1.23369,18293500,FALSE
"NPL","Nepal","Asia","Lower middle income",1990,23.09616,1.23183,18749400,FALSE
"NPL","Nepal","Asia","Lower middle income",1991,22.85088,1.18736,19245100,FALSE
"NPL","Nepal","Asia","Lower middle income",1992,23.70865,1.19899,19773800,FALSE
"NPL","Nepal","Asia","Lower middle income",1993,23.63562,1.1631,20321200,FALSE
"NPL","Nepal","Asia","Lower middle income",1994,25.20611,1.20794,20867100,FALSE
"NPL","Nepal","Asia","Lower middle income",1995,26.07214,1.21853,21396400,FALSE
"NPL","Nepal","Asia","Lower middle income",1996,26.48293,1.20908,21903400,FALSE
"NPL","Nepal","Asia","Lower middle income",1997,27.03138,1.20731,22389800,FALSE
"NPL","Nepal","Asia","Lower middle income",1998,27.62721,1.20874,22856300,FALSE
"NPL","Nepal","Asia","Lower middle income",1999,28.62017,1.22802,23306000,FALSE
"NPL","Nepal","Asia","Lower middle income",2000,28.89714,1.21719,23740900,FALSE
"NPL","Nepal","Asia","Lower middle income",2001,29.49205,1.22061,24161800,FALSE
"NPL","Nepal","Asia","Lower middle income",2002,29.08307,1.18386,24566300,FALSE
"NPL","Nepal","Asia","Lower middle income",2003,30.10748,1.20668,24950600,FALSE
"NPL","Nepal","Asia","Lower middle income",2004,29.71334,1.174,25309400,FALSE
"NPL","Nepal","Asia","Lower middle income",2005,30.40585,1.18586,25640300,FALSE
"NPL","Nepal","Asia","Lower middle income",2006,29.83574,1.15016,25940600,FALSE
"NPL","Nepal","Asia","Lower middle income",2007,30.85772,1.17711,26214800,FALSE
"NPL","Nepal","Asia","Lower middle income",2008,31.72701,1.19834,26475900,FALSE
"NPL","Nepal","Asia","Lower middle income",2009,33.04296,1.23566,26741100,FALSE
"NPL","Nepal","Asia","Lower middle income",2010,34.45592,1.27505,27023100,FALSE
"NPL","Nepal","Asia","Lower middle income",2011,35.84587,1.31173,27327100,FALSE
"NPL","Nepal","Asia","Lower middle income",2012,36.45747,1.31854,27649900,FALSE
"NPL","Nepal","Asia","Lower middle income",2013,37.79019,1.35036,27985300,FALSE
"NPL","Nepal","Asia","Lower middle income",2014,38.56306,1.36154,28323200,FALSE
"NPL","Nepal","Asia","Lower middle income",2015,38.41657,1.3406,28656300,FALSE
"NPL","Nepal","Asia","Lower middle income",2016,43.03157,1.48473,28982800,FALSE
"NPL","Nepal","Asia","Lower middle income",2017,45.42474,1.55007,29305000,FALSE
"NPL","Nepal","Asia","Lower middle income",2018,47.83823,1.61485,29624035,FALSE
"NPL","Nepal","Asia","Lower middle income",2019,46.62305,1.55711,29942018,FALSE
"NPL","Nepal","Asia","Lower middle income",2020,49.8172,1.64629,30260244,FALSE
"NPL","Nepal","Asia","Lower middle income",2021,50.75808,1.65995,30578000,FALSE
"NPL","Nepal","Asia","Lower middle income",2022,48.03771,1.55487,30895000,FALSE
"NPL","Nepal","Asia","Lower middle income",2023,42.11603,1.34957,31207000,FALSE
"NPL","Nepal","Asia","Lower middle income",2024,41.46823,1.31587,31514000,FALSE
"NZL","New Zealand","Oceania","High income",1970,58.17125,20.63989,2818390,FALSE
"NZL","New Zealand","Oceania","High income",1971,56.45511,19.66515,2870820,FALSE
"NZL","New Zealand","Oceania","High income",1972,60.61555,20.69009,2929690,FALSE
"NZL","New Zealand","Oceania","High income",1973,61.44777,20.55515,2989410,FALSE
"NZL","New Zealand","Oceania","High income",1974,62.65042,20.59392,3042180,FALSE
"NZL","New Zealand","Oceania","High income",1975,61.75153,20.03209,3082630,FALSE
"NZL","New Zealand","Oceania","High income",1976,64.06718,20.60986,3108570,FALSE
"NZL","New Zealand","Oceania","High income",1977,65.07546,20.84142,3122410,FALSE
"NZL","New Zealand","Oceania","High income",1978,64.99382,20.7717,3128960,FALSE
"NZL","New Zealand","Oceania","High income",1979,63.0788,20.1189,3135300,FALSE
"NZL","New Zealand","Oceania","High income",1980,65.60374,20.84896,3146620,FALSE
"NZL","New Zealand","Oceania","High income",1981,65.55227,20.71273,3164830,FALSE
"NZL","New Zealand","Oceania","High income",1982,67.46511,21.15862,3188540,FALSE
"NZL","New Zealand","Oceania","High income",1983,67.68791,21.049,3215730,FALSE
"NZL","New Zealand","Oceania","High income",1984,68.80253,21.21544,3243040,FALSE
"NZL","New Zealand","Oceania","High income",1985,69.79124,21.35438,3268240,FALSE
"NZL","New Zealand","Oceania","High income",1986,70.26951,21.35657,3290300,FALSE
"NZL","New Zealand","Oceania","High income",1987,69.6902,21.04974,3310740,FALSE
"NZL","New Zealand","Oceania","High income",1988,71.41231,21.42719,3332790,FALSE
"NZL","New Zealand","Oceania","High income",1989,69.54795,20.69288,3360960,FALSE
"NZL","New Zealand","Oceania","High income",1990,71.81387,21.1331,3398170,FALSE
"NZL","New Zealand","Oceania","High income",1991,72.15344,20.93728,3446170,FALSE
"NZL","New Zealand","Oceania","High income",1992,73.35389,20.93923,3503180,FALSE
"NZL","New Zealand","Oceania","High income",1993,73.97758,20.75422,3564460,FALSE
"NZL","New Zealand","Oceania","High income",1994,76.17799,21.02459,3623280,FALSE
"NZL","New Zealand","Oceania","High income",1995,77.66159,21.13275,3674940,FALSE
"NZL","New Zealand","Oceania","High income",1996,78.35181,21.07733,3717350,FALSE
"NZL","New Zealand","Oceania","High income",1997,80.51614,21.45747,3752360,FALSE
"NZL","New Zealand","Oceania","High income",1998,78.61054,20.77462,3783970,FALSE
"NZL","New Zealand","Oceania","High income",1999,80.80916,21.16459,3818130,FALSE
"NZL","New Zealand","Oceania","High income",2000,81.68399,21.16714,3859000,FALSE
"NZL","New Zealand","Oceania","High income",2001,84.13237,21.52863,3907930,FALSE
"NZL","New Zealand","Oceania","High income",2002,85.81187,21.65211,3963210,FALSE
"NZL","New Zealand","Oceania","High income",2003,87.31103,21.70798,4022070,FALSE
"NZL","New Zealand","Oceania","High income",2004,87.26975,21.38734,4080440,FALSE
"NZL","New Zealand","Oceania","High income",2005,87.70135,21.20772,4135350,FALSE
"NZL","New Zealand","Oceania","High income",2006,88.15658,21.06026,4185920,FALSE
"NZL","New Zealand","Oceania","High income",2007,86.91604,20.53224,4233150,FALSE
"NZL","New Zealand","Oceania","High income",2008,86.63214,20.2491,4278320,FALSE
"NZL","New Zealand","Oceania","High income",2009,84.37505,19.51554,4323480,FALSE
"NZL","New Zealand","Oceania","High income",2010,84.79366,19.40332,4370060,FALSE
"NZL","New Zealand","Oceania","High income",2011,84.20617,19.05824,4418360,FALSE
"NZL","New Zealand","Oceania","High income",2012,86.88818,19.44791,4467740,FALSE
"NZL","New Zealand","Oceania","High income",2013,85.87738,19.00981,4517530,FALSE
"NZL","New Zealand","Oceania","High income",2014,87.27526,19.11123,4566700,FALSE
"NZL","New Zealand","Oceania","High income",2015,86.17946,18.67568,4614530,FALSE
"NZL","New Zealand","Oceania","High income",2016,85.68204,18.38343,4660830,FALSE
"NZL","New Zealand","Oceania","High income",2017,86.85543,18.45702,4705820,FALSE
"NZL","New Zealand","Oceania","High income",2018,85.83184,18.07139,4749598,FALSE
"NZL","New Zealand","Oceania","High income",2019,87.12459,18.17971,4792409,FALSE
"NZL","New Zealand","Oceania","High income",2020,83.77054,17.32794,4834420,FALSE
"NZL","New Zealand","Oceania","High income",2021,83.47875,17.12385,4875000,FALSE
"NZL","New Zealand","Oceania","High income",2022,80.08406,16.29049,4916000,FALSE
"NZL","New Zealand","Oceania","High income",2023,78.20811,15.78368,4955000,FALSE
"NZL","New Zealand","Oceania","High income",2024,77.83735,15.58617,4994000,FALSE
"OMN","Oman","Asia","High income",1970,14.84743,20.5117,723852,FALSE
"OMN","Oman","Asia","High income",1971,14.86783,19.85095,748973,FALSE
"OMN","Oman","Asia","High income",1972,14.7026,18.9373,776383,FALSE
"OMN","Oman","Asia","High income",1973,15.04473,18.64299,806991,FALSE
"OMN","Oman","Asia","High income",1974,15.39452,18.28441,841948,FALSE
"OMN","Oman","Asia","High income",1975,34.90965,39.57813,882044,FALSE
"OMN","Oman","Asia","High income",1976,38.51516,41.52852,927439,FALSE
"OMN","Oman","Asia","High income",1977,37.84161,38.70045,977808,FALSE
"OMN","Oman","Asia","High income",1978,32.27861,31.25349,1032800,FALSE
"OMN","Oman","Asia","High income",1979,29.5253,27.04153,1091850,FALSE
"OMN","Oman","Asia","High income",1980,20.74799,17.97328,1154380,FALSE
"OMN","Oman","Asia","High income",1981,23.31112,19.09824,1220590,FALSE
"OMN","Oman","Asia","High income",1982,21.63705,16.77148,1290110,FALSE
"OMN","Oman","Asia","High income",1983,24.71975,18.16159,1361100,FALSE
"OMN","Oman","Asia","High income",1984,23.61605,16.50226,1431080,FALSE
"OMN","Oman","Asia","High income",1985,23.04846,15.38184,1498420,FALSE
"OMN","Oman","Asia","High income",1986,26.45488,16.94544,1561180,FALSE
"OMN","Oman","Asia","High income",1987,26.72511,16.49841,1619860,FALSE
"OMN","Oman","Asia","High income",1988,28.9219,17.2347,1678120,FALSE
"OMN","Oman","Asia","High income",1989,29.44569,16.91153,1741160,FALSE
"OMN","Oman","Asia","High income",1990,34.96594,19.29517,1812160,FALSE
"OMN","Oman","Asia","High income",1991,42.57777,22.48307,1893770,FALSE
"OMN","Oman","Asia","High income",1992,41.16806,20.75756,1983280,FALSE
"OMN","Oman","Asia","High income",1993,40.07472,19.34006,2072110,FALSE
"OMN","Oman","Asia","High income",1994,39.19027,18.24135,2148430,FALSE
"OMN","Oman","Asia","High income",1995,42.19498,19.14229,2204280,FALSE
"OMN","Oman","Asia","High income",1996,44.2148,19.76814,2236670,FALSE
"OMN","Oman","Asia","High income",1997,47.8285,21.25928,2249770,FALSE
"OMN","Oman","Asia","High income",1998,44.76113,19.87723,2251880,FALSE
"OMN","Oman","Asia","High income",1999,49.41525,21.91442,2254920,FALSE
"OMN","Oman","Asia","High income",2000,52.05917,22.95388,2267990,FALSE
"OMN","Oman","Asia","High income",2001,55.92006,24.36827,2294790,FALSE
"OMN","Oman","Asia","High income",2002,58.55734,25.08583,2334280,FALSE
"OMN","Oman","Asia","High income",2003,63.49766,26.62085,2385260,FALSE
"OMN","Oman","Asia","High income",2004,61.80758,25.28176,2444750,FALSE
"OMN","Oman","Asia","High income",2005,62.18803,24.76358,2511270,FALSE
"OMN","Oman","Asia","High income",2006,68.9506,26.6941,2582990,FALSE
"OMN","Oman","Asia","High income",2007,70.67573,26.54228,2662760,FALSE
"OMN","Oman","Asia","High income",2008,70.10412,25.40916,2759010,FALSE
"OMN","Oman","Asia","High income",2009,72.16143,25.0305,2882940,FALSE
"OMN","Oman","Asia","High income",2010,76.4204,25.12622,3041460,FALSE
"OMN","Oman","Asia","High income",2011,85.51901,26.41701,3237270,FALSE
"OMN","Oman","Asia","High income",2012,94.36417,27.23636,3464640,FALSE
"OMN","Oman","Asia","High income",2013,98.92369,26.65344,3711480,FALSE
"OMN","Oman","Asia","High income",2014,103.64804,26.1676,3960930,FALSE
"OMN","Oman","Asia","High income",2015,109.23239,26.00889,4199810,FALSE
"OMN","Oman","Asia","High income",2016,111.59444,25.22045,4424760,FALSE
"OMN","Oman","Asia","High income",2017,111.98543,24.15426,4636260,FALSE
"OMN","Oman","Asia","High income",2018,115.489,23.91103,4829946,FALSE
"OMN","Oman","Asia","High income",2019,116.70323,23.3319,5001875,FALSE
"OMN","Oman","Asia","High income",2020,113.28398,21.99817,5149700,FALSE
"OMN","Oman","Asia","High income",2021,119.5484,22.68471,5270000,FALSE
"OMN","Oman","Asia","High income",2022,127.5937,23.78704,5364000,FALSE
"OMN","Oman","Asia","High income",2023,130.24858,23.94275,5440000,FALSE
"OMN","Oman","Asia","High income",2024,132.26466,24.02191,5506000,FALSE
"PAK","Pakistan","Asia","Lower middle income",1970,84.22246,1.44984,58090800,FALSE
"PAK","Pakistan","Asia","Lower middle income",1971,85.30558,1.42921,59687100,FALSE
"PAK","Pakistan","Asia","Lower middle income",1972,87.38321,1.42461,61338300,FALSE
"PAK","Pakistan","Asia","Lower middle income",1973,90.26232,1.43138,63059500,FALSE
"PAK","Pakistan","Asia","Lower middle income",1974,93.27329,1.43783,64870800,FALSE
"PAK","Pakistan","Asia","Lower middle income",1975,97.90882,1.46597,66787900,FALSE
"PAK","Pakistan","Asia","Lower middle income",1976,99.17141,1.44117,68813200,FALSE
"PAK","Pakistan","Asia","Lower middle income",1977,103.89837,1.46447,70946200,FALSE
"PAK","Pakistan","Asia","Lower middle income",1978,108.22422,1.47858,73194900,FALSE
"PAK","Pakistan","Asia","Lower middle income",1979,113.09381,1.49659,75567700,FALSE
"PAK","Pakistan","Asia","Lower middle income",1980,114.99439,1.473,78068100,FALSE
"PAK","Pakistan","Asia","Lower middle income",1981,120.42226,1.49228,80696900,FALSE
"PAK","Pakistan","Asia","Lower middle income",1982,127.0546,1.5226,83445900,FALSE
"PAK","Pakistan","Asia","Lower middle income",1983,131.20085,1.52033,86297600,FALSE
"PAK","Pakistan","Asia","Lower middle income",1984,135.62484,1.51997,89228900,FALSE
"PAK","Pakistan","Asia","Lower middle income",1985,144.04948,1.56203,92219500,FALSE
"PAK","Pakistan","Asia","Lower middle income",1986,157.81116,1.65656,95264500,FALSE
"PAK","Pakistan","Asia","Lower middle income",1987,166.80416,1.6959,98357500,FALSE
"PAK","Pakistan","Asia","Lower middle income",1988,174.19594,1.71664,101475000,FALSE
"PAK","Pakistan","Asia","Lower middle income",1989,182.90249,1.74879,104588000,FALSE
"PAK","Pakistan","Asia","Lower middle income",1990,188.87742,1.75408,107679000,FALSE
"PAK","Pakistan","Asia","Lower middle income",1991,190.81929,1.72328,110730000,FALSE
"PAK","Pakistan","Asia","Lower middle income",1992,201.8077,1.77418,113747000,FALSE
"PAK","Pakistan","Asia","Lower middle income",1993,213.98596,1.83286,116750000,FALSE
"PAK","Pakistan","Asia","Lower middle income",1994,219.02095,1.82868,119770000,FALSE
"PAK","Pakistan","Asia","Lower middle income",1995,230.47618,1.8764,122829000,FALSE
"PAK","Pakistan","Asia","Lower middle income",1996,240.16233,1.90699,125938000,FALSE
"PAK","Pakistan","Asia","Lower middle income",1997,246.58762,1.91024,129087000,FALSE
"PAK","Pakistan","Asia","Lower middle income",1998,252.06532,1.90593,132253000,FALSE
"PAK","Pakistan","Asia","Lower middle income",1999,265.27003,1.95907,135406000,FALSE
"PAK","Pakistan","Asia","Lower middle income",2000,271.33195,1.95875,138523000,FALSE
"PAK","Pakistan","Asia","Lower middle income",2001,274.66192,1.93969,141601000,FALSE
"PAK","Pakistan","Asia","Lower middle income",2002,279.87689,1.9348,144654000,FALSE
"PAK","Pakistan","Asia","Lower middle income",2003,290.8653,1.96926,147703000,FALSE
"PAK","Pakistan","Asia","Lower middle income",2004,310.87884,2.0618,150780000,FALSE
"PAK","Pakistan","Asia","Lower middle income",2005,319.16485,2.07371,153910000,FALSE
"PAK","Pakistan","Asia","Lower middle income",2006,341.14838,2.17162,157094000,FALSE
"PAK","Pakistan","Asia","Lower middle income",2007,363.58122,2.26766,160333000,FALSE
"PAK","Pakistan","Asia","Lower middle income",2008,365.14264,2.23131,163645000,FALSE
"PAK","Pakistan","Asia","Lower middle income",2009,375.79518,2.2496,167050000,FALSE
"PAK","Pakistan","Asia","Lower middle income",2010,369.14623,2.16432,170560000,FALSE
"PAK","Pakistan","Asia","Lower middle income",2011,377.64378,2.16807,174184000,FALSE
"PAK","Pakistan","Asia","Lower middle income",2012,381.79594,2.14598,177912000,FALSE
"PAK","Pakistan","Asia","Lower middle income",2013,396.26989,2.18075,181713000,FALSE
"PAK","Pakistan","Asia","Lower middle income",2014,412.43467,2.22282,185546000,FALSE
"PAK","Pakistan","Asia","Lower middle income",2015,423.57232,2.23661,189381000,FALSE
"PAK","Pakistan","Asia","Lower middle income",2016,454.03045,2.35002,193203000,FALSE
"PAK","Pakistan","Asia","Lower middle income",2017,477.20103,2.42214,197016000,FALSE
"PAK","Pakistan","Asia","Lower middle income",2018,473.29276,2.35687,200813818,FALSE
"PAK","Pakistan","Asia","Lower middle income",2019,476.09085,2.32698,204596442,FALSE
"PAK","Pakistan","Asia","Lower middle income",2020,511.26422,2.45373,208362334,FALSE
"PAK","Pakistan","Asia","Lower middle income",2021,526.95171,2.48437,212107000,FALSE
"PAK","Pakistan","Asia","Lower middle income",2022,537.65634,2.49118,215824000,FALSE
"PAK","Pakistan","Asia","Lower middle income",2023,522.21001,2.37898,219510000,FALSE
"PAK","Pakistan","Asia","Lower middle income",2024,525.88247,2.35655,223158000,FALSE
"PAN","Panama","America","High income",1970,5.85772,3.85554,1519300,FALSE
"PAN","Panama","America","High income",1971,6.03956,3.86378,1563120,FALSE
"PAN","Panama","America","High income",1972,6.31289,3.92634,1607830,FALSE
"PAN","Panama","America","High income",1973,6.72189,4.06584,1653260,FALSE
"PAN","Panama","America","High income",1974,6.85819,4.03634,1699110,FALSE
"PAN","Panama","America","High income",1975,6.99659,4.00905,1745200,FALSE
"PAN","Panama","America","High income",1976,7.01955,3.91836,1791450,FALSE
"PAN","Panama","America","High income",1977,7.04615,3.83383,1837890,FALSE
"PAN","Panama","America","High income",1978,6.91719,3.67053,1884520,FALSE
"PAN","Panama","America","High income",1979,7.2579,3.75787,1931390,FALSE
"PAN","Panama","America","High income",1980,7.07601,3.57631,1978580,FALSE
"PAN","Panama","America","High income",1981,6.74098,3.32712,2026070,FALSE
"PAN","Panama","America","High income",1982,7.15272,3.44902,2073840,FALSE
"PAN","Panama","America","High income",1983,7.64552,3.60308,2121940,FALSE
"PAN","Panama","America","High income",1984,7.03195,3.23992,2170410,FALSE
"PAN","Panama","America","High income",1985,6.85078,3.08694,2219280,FALSE
"PAN","Panama","America","High income",1986,6.9605,3.06823,2268570,FALSE
"PAN","Panama","America","High income",1987,7.26778,3.13492,2318330,FALSE
"PAN","Panama","America","High income",1988,6.56017,2.76962,2368620,FALSE
"PAN","Panama","America","High income",1989,6.72535,2.77966,2419490,FALSE
"PAN","Panama","America","High income",1990,6.87451,2.78207,2471010,FALSE
"PAN","Panama","America","High income",1991,7.36853,2.92034,2523180,FALSE
"PAN","Panama","America","High income",1992,8.09594,3.14281,2576020,FALSE
"PAN","Panama","America","High income",1993,8.24186,3.13422,2629640,FALSE
"PAN","Panama","America","High income",1994,8.57506,3.19467,2684180,FALSE
"PAN","Panama","America","High income",1995,8.91796,3.25505,2739730,FALSE
"PAN","Panama","America","High income",1996,8.97062,3.20799,2796340,FALSE
"PAN","Panama","America","High income",1997,9.01237,3.15787,2853940,FALSE
"PAN","Panama","America","High income",1998,10.28126,3.53025,2912330,FALSE
"PAN","Panama","America","High income",1999,9.54366,3.21206,2971200,FALSE
"PAN","Panama","America","High income",2000,9.69562,3.19951,3030350,FALSE
"PAN","Panama","America","High income",2001,11.19576,3.6236,3089680,FALSE
"PAN","Panama","America","High income",2002,10.4771,3.32684,3149260,FALSE
"PAN","Panama","America","High income",2003,10.56614,3.29248,3209170,FALSE
"PAN","Panama","America","High income",2004,10.57221,3.23355,3269540,FALSE
"PAN","Panama","America","High income",2005,12.38798,3.71959,3330470,FALSE
"PAN","Panama","America","High income",2006,12.83904,3.7852,3391910,FALSE
"PAN","Panama","America","High income",2007,12.78,3.70026,3453810,FALSE
"PAN","Panama","America","High income",2008,12.77247,3.63239,3516270,FALSE
"PAN","Panama","America","High income",2009,14.26374,3.98497,3579390,FALSE
"PAN","Panama","America","High income",2010,14.84508,4.07472,3643220,FALSE
"PAN","Panama","America","High income",2011,15.91114,4.29129,3707780,FALSE
"PAN","Panama","America","High income",2012,16.3697,4.33871,3772940,FALSE
"PAN","Panama","America","High income",2013,16.25452,4.23465,3838460,FALSE
"PAN","Panama","America","High income",2014,16.61189,4.25511,3903990,FALSE
"PAN","Panama","America","High income",2015,16.38857,4.12888,3969250,FALSE
"PAN","Panama","America","High income",2016,16.57216,4.108,4034120,FALSE
"PAN","Panama","America","High income",2017,16.088,3.92525,4098590,FALSE
"PAN","Panama","America","High income",2018,16.03201,3.85142,4162618,FALSE
"PAN","Panama","America","High income",2019,19.31914,4.57128,4226197,FALSE
"PAN","Panama","America","High income",2020,15.9737,3.72405,4289330,FALSE
"PAN","Panama","America","High income",2021,17.18228,3.94813,4352000,FALSE
"PAN","Panama","America","High income",2022,18.06361,4.09235,4414000,FALSE
"PAN","Panama","America","High income",2023,19.49312,4.35601,4475000,FALSE
"PAN","Panama","America","High income",2024,19.21795,4.23676,4536000,FALSE
"PER","Peru","America","Upper middle income",1970,36.78746,2.75745,13341100,FALSE
"PER","Peru","America","Upper middle income",1971,37.57934,2.74216,13704300,FALSE
"PER","Peru","America","Upper middle income",1972,36.94844,2.62558,14072500,FALSE
"PER","Peru","America","Upper middle income",1973,38.09088,2.63648,14447600,FALSE
"PER","Peru","America","Upper middle income",1974,40.21198,2.71102,14832800,FALSE
"PER","Peru","America","Upper middle income",1975,40.4417,2.65541,15229900,FALSE
"PER","Peru","America","Upper middle income",1976,41.31932,2.64192,15639900,FALSE
"PER","Peru","America","Upper middle income",1977,41.38577,2.57674,16061300,FALSE
"PER","Peru","America","Upper middle income",1978,42.58322,2.58219,16491100,FALSE
"PER","Peru","America","Upper middle income",1979,44.55746,2.63267,16924800,FALSE
"PER","Peru","America","Upper middle income",1980,45.5393,2.62337,17359100,FALSE
"PER","Peru","America","Upper middle income",1981,47.08709,2.64646,17792500,FALSE
"PER","Peru","America","Upper middle income",1982,46.97778,2.57756,18225700,FALSE
"PER","Peru","America","Upper middle income",1983,42.50653,2.2779,18660400,FALSE
"PER","Peru","America","Upper middle income",1984,44.1537,2.31176,19099600,FALSE
"PER","Peru","America","Upper middle income",1985,43.19641,2.2101,19545000,FALSE
"PER","Peru","America","Upper middle income",1986,45.31614,2.26623,19996300,FALSE
"PER","Peru","America","Upper middle income",1987,47.39174,2.31725,20451700,FALSE
"PER","Peru","America","Upper middle income",1988,47.5588,2.27446,20909900,FALSE
"PER","Peru","America","Upper middle income",1989,44.34628,2.07527,21368900,FALSE
"PER","Peru","America","Upper middle income",1990,43.45914,1.9911,21826700,FALSE
"PER","Peru","America","Upper middle income",1991,42.52625,1.90845,22283100,FALSE
"PER","Peru","America","Upper middle income",1992,43.34395,1.90631,22737100,FALSE
"PER","Peru","America","Upper middle income",1993,45.10458,1.94549,23184200,FALSE
"PER","Peru","America","Upper middle income",1994,46.03049,1.94884,23619400,FALSE
"PER","Peru","America","Upper middle income",1995,50.59799,2.10485,24038800,FALSE
"PER","Peru","America","Upper middle income",1996,53.51645,2.18961,24441100,FALSE
"PER","Peru","America","Upper middle income",1997,53.395,2.15065,24827400,FALSE
"PER","Peru","America","Upper middle income",1998,53.48078,2.12228,25199700,FALSE
"PER","Peru","America","Upper middle income",1999,56.08497,2.19414,25561300,FALSE
"PER","Peru","America","Upper middle income",2000,56.52934,2.18134,25914900,FALSE
"PER","Peru","America","Upper middle income",2001,53.73278,2.04607,26261400,FALSE
"PER","Peru","America","Upper middle income",2002,55.356,2.08094,26601500,FALSE
"PER","Peru","America","Upper middle income",2003,55.39058,2.05625,26937700,FALSE
"PER","Peru","America","Upper middle income",2004,59.34928,2.1761,27273200,FALSE
"PER","Peru","America","Upper middle income",2005,60.19481,2.18015,27610400,FALSE
"PER","Peru","America","Upper middle income",2006,59.76707,2.13836,27949900,FALSE
"PER","Peru","America","Upper middle income",2007,62.9142,2.22369,28292700,FALSE
"PER","Peru","America","Upper middle income",2008,68.03885,2.37549,28642000,FALSE
"PER","Peru","America","Upper middle income",2009,71.56959,2.46779,29001500,FALSE
"PER","Peru","America","Upper middle income",2010,75.80195,2.58061,29373600,FALSE
"PER","Peru","America","Upper middle income",2011,79.65542,2.67659,29760000,FALSE
"PER","Peru","America","Upper middle income",2012,79.81498,2.64647,30159000,FALSE
"PER","Peru","America","Upper middle income",2013,81.88999,2.67915,30565700,FALSE
"PER","Peru","America","Upper middle income",2014,84.81653,2.73837,30973400,FALSE
"PER","Peru","America","Upper middle income",2015,86.76748,2.76535,31376700,FALSE
"PER","Peru","America","Upper middle income",2016,89.16123,2.80612,31773800,FALSE
"PER","Peru","America","Upper middle income",2017,87.20309,2.71108,32165500,FALSE
"PER","Peru","America","Upper middle income",2018,87.29205,2.68163,32551815,FALSE
"PER","Peru","America","Upper middle income",2019,91.26337,2.77111,32933835,FALSE
"PER","Peru","America","Upper middle income",2020,80.14181,2.40578,33312178,FALSE
"PER","Peru","America","Upper middle income",2021,93.50852,2.77589,33686000,FALSE
"PER","Peru","America","Upper middle income",2022,97.63008,2.86684,34055000,FALSE
"PER","Peru","America","Upper middle income",2023,99.2574,2.8838,34419000,FALSE
"PER","Peru","America","Upper middle income",2024,103.81302,2.98502,34778000,FALSE
"PHL","Philippines","Asia","Lower middle income",1970,66.03325,1.84426,35804700,FALSE
"PHL","Philippines","Asia","Lower middle income",1971,67.02257,1.81874,36851100,FALSE
"PHL","Philippines","Asia","Lower middle income",1972,67.39626,1.77707,37925400,FALSE
"PHL","Philippines","Asia","Lower middle income",1973,74.18233,1.90084,39026100,FALSE
"PHL","Philippines","Asia","Lower middle income",1974,71.96387,1.79238,40150000,FALSE
"PHL","Philippines","Asia","Lower middle income",1975,73.90831,1.78976,41295100,FALSE
"PHL","Philippines","Asia","Lower middle income",1976,72.97627,1.71866,42461200,FALSE
"PHL","Philippines","Asia","Lower middle income",1977,77.21958,1.76905,43650300,FALSE
"PHL","Philippines","Asia","Lower middle income",1978,79.40353,1.76978,44866300,FALSE
"PHL","Philippines","Asia","Lower middle income",1979,83.62303,1.8134,46114000,FALSE
"PHL","Philippines","Asia","Lower middle income",1980,79.51786,1.6777,47397000,FALSE
"PHL","Philippines","Asia","Lower middle income",1981,78.05258,1.60221,48715600,FALSE
"PHL","Philippines","Asia","Lower middle income",1982,78.95019,1.57684,50068500,FALSE
"PHL","Philippines","Asia","Lower middle income",1983,80.83258,1.57094,51455000,FALSE
"PHL","Philippines","Asia","Lower middle income",1984,77.23131,1.46067,52874000,FALSE
"PHL","Philippines","Asia","Lower middle income",1985,78.4969,1.44499,54323600,FALSE
"PHL","Philippines","Asia","Lower middle income",1986,77.83685,1.39482,55804100,FALSE
"PHL","Philippines","Asia","Lower middle income",1987,83.92276,1.46428,57313300,FALSE
"PHL","Philippines","Asia","Lower middle income",1988,86.83619,1.47567,58845200,FALSE
"PHL","Philippines","Asia","Lower middle income",1989,89.33702,1.47929,60391900,FALSE
"PHL","Philippines","Asia","Lower middle income",1990,92.01115,1.48531,61947300,FALSE
"PHL","Philippines","Asia","Lower middle income",1991,91.50305,1.4408,63508500,FALSE
"PHL","Philippines","Asia","Lower middle income",1992,94.41269,1.45082,65075500,FALSE
"PHL","Philippines","Asia","Lower middle income",1993,99.08773,1.48668,66650200,FALSE
"PHL","Philippines","Asia","Lower middle income",1994,104.92896,1.53773,68236200,FALSE
"PHL","Philippines","Asia","Lower middle income",1995,116.83751,1.67303,69835700,FALSE
"PHL","Philippines","Asia","Lower middle income",1996,122.79944,1.71877,71446100,FALSE
"PHL","Philippines","Asia","Lower middle income",1997,132.06103,1.80745,73064800,FALSE
"PHL","Philippines","Asia","Lower middle income",1998,126.39115,1.69213,74693700,FALSE
"PHL","Philippines","Asia","Lower middle income",1999,131.09238,1.71731,76335800,FALSE
"PHL","Philippines","Asia","Lower middle income",2000,132.77517,1.70243,77991600,FALSE
"PHL","Philippines","Asia","Lower middle income",2001,131.62046,1.65217,79665300,FALSE
"PHL","Philippines","Asia","Lower middle income",2002,134.56593,1.65412,81352100,FALSE
"PHL","Philippines","Asia","Lower middle income",2003,137.65987,1.65791,83032000,FALSE
"PHL","Philippines","Asia","Lower middle income",2004,140.93008,1.6643,84678500,FALSE
"PHL","Philippines","Asia","Lower middle income",2005,145.00079,1.6807,86274200,FALSE
"PHL","Philippines","Asia","Lower middle income",2006,137.58836,1.5669,87809400,FALSE
"PHL","Philippines","Asia","Lower middle income",2007,146.19583,1.63725,89293500,FALSE
"PHL","Philippines","Asia","Lower middle income",2008,148.11134,1.63205,90751900,FALSE
"PHL","Philippines","Asia","Lower middle income",2009,150.47939,1.63173,92220900,FALSE
"PHL","Philippines","Asia","Lower middle income",2010,156.6438,1.67128,93726600,FALSE
"PHL","Philippines","Asia","Lower middle income",2011,157.75935,1.65578,95277900,FALSE
"PHL","Philippines","Asia","Lower middle income",2012,163.07284,1.68348,96866600,FALSE
"PHL","Philippines","Asia","Lower middle income",2013,173.2631,1.75936,98481000,FALSE
"PHL","Philippines","Asia","Lower middle income",2014,181.1384,1.80954,100102000,FALSE
"PHL","Philippines","Asia","Lower middle income",2015,190.63381,1.87418,101716000,FALSE
"PHL","Philippines","Asia","Lower middle income",2016,202.62303,1.96112,103320000,FALSE
"PHL","Philippines","Asia","Lower middle income",2017,220.80734,2.10457,104918000,FALSE
"PHL","Philippines","Asia","Lower middle income",2018,226.906,2.13033,106512074,FALSE
"PHL","Philippines","Asia","Lower middle income",2019,235.2167,2.17579,108106310,FALSE
"PHL","Philippines","Asia","Lower middle income",2020,225.14494,2.05231,109703396,FALSE
"PHL","Philippines","Asia","Lower middle income",2021,235.61299,2.11686,111303000,FALSE
"PHL","Philippines","Asia","Lower middle income",2022,242.59675,2.14876,112901000,FALSE
"PHL","Philippines","Asia","Lower middle income",2023,254.53138,2.22304,114497000,FALSE
"PHL","Philippines","Asia","Lower middle income",2024,266.59728,2.29655,116086000,FALSE
"PLW","Palau","Oceania","High income",1970,2.16635,188.70622,11480,FALSE
"PLW","Palau","Oceania","High income",1971,2.16651,185.90265,11654,FALSE
"PLW","Palau","Oceania","High income",1972,2.16649,182.79538,11852,FALSE
"PLW","Palau","Oceania","High income",1973,2.16656,179.85741,12046,FALSE
"PLW","Palau","Oceania","High income",1974,2.16664,177.63709,12197,FALSE
"PLW","Palau","Oceania","High income",1975,2.16668,176.46876,12278,FALSE
"PLW","Palau","Oceania","High income",1976,2.16683,176.37995,12285,FALSE
"PLW","Palau","Oceania","High income",1977,2.16688,177.25001,12225,FALSE
"PLW","Palau","Oceania","High income",1978,2.16693,178.30439,12153,FALSE
"PLW","Palau","Oceania","High income",1979,2.16687,178.72549,12124,FALSE
"PLW","Palau","Oceania","High income",1980,2.16666,177.68254,12194,FALSE
"PLW","Palau","Oceania","High income",1981,2.1994,177.55732,12387,FALSE
"PLW","Palau","Oceania","High income",1982,2.1838,172.45482,12663,FALSE
"PLW","Palau","Oceania","High income",1983,2.26741,174.2554,13012,FALSE
"PLW","Palau","Oceania","High income",1984,2.50733,187.50596,13372,FALSE
"PLW","Palau","Oceania","High income",1985,2.02945,148.17819,13696,FALSE
"PLW","Palau","Oceania","High income",1986,2.21249,158.20428,13985,FALSE
"PLW","Palau","Oceania","High income",1987,2.31956,162.89019,14240,FALSE
"PLW","Palau","Oceania","High income",1988,2.22041,153.23729,14490,FALSE
"PLW","Palau","Oceania","High income",1989,2.31857,157.11692,14757,FALSE
"PLW","Palau","Oceania","High income",1990,2.34339,155.31482,15088,FALSE
"PLW","Palau","Oceania","High income",1991,2.32596,150.31403,15474,FALSE
"PLW","Palau","Oceania","High income",1992,2.1276,133.86196,15894,FALSE
"PLW","Palau","Oceania","High income",1993,2.17743,133.24122,16342,FALSE
"PLW","Palau","Oceania","High income",1994,3.25864,193.89764,16806,FALSE
"PLW","Palau","Oceania","High income",1995,2.55663,148.18476,17253,FALSE
"PLW","Palau","Oceania","High income",1996,2.40584,135.99228,17691,FALSE
"PLW","Palau","Oceania","High income",1997,2.69795,148.86911,18123,FALSE
"PLW","Palau","Oceania","High income",1998,2.43798,131.61177,18524,FALSE
"PLW","Palau","Oceania","High income",1999,2.60081,137.76188,18879,FALSE
"PLW","Palau","Oceania","High income",2000,2.24079,116.85975,19175,FALSE
"PLW","Palau","Oceania","High income",2001,2.48288,127.95723,19404,FALSE
"PLW","Palau","Oceania","High income",2002,1.50965,77.12512,19574,FALSE
"PLW","Palau","Oceania","High income",2003,1.79454,91.09321,19700,FALSE
"PLW","Palau","Oceania","High income",2004,1.59644,80.61195,19804,FALSE
"PLW","Palau","Oceania","High income",2005,1.84296,92.58325,19906,FALSE
"PLW","Palau","Oceania","High income",2006,1.80224,90.05777,20012,FALSE
"PLW","Palau","Oceania","High income",2007,1.46357,72.75646,20116,FALSE
"PLW","Palau","Oceania","High income",2008,1.48113,73.22192,20228,FALSE
"PLW","Palau","Oceania","High income",2009,2.28355,112.25809,20342,FALSE
"PLW","Palau","Oceania","High income",2010,2.20494,107.71591,20470,FALSE
"PLW","Palau","Oceania","High income",2011,2.46525,119.67835,20599,FALSE
"PLW","Palau","Oceania","High income",2012,3.72099,179.25587,20758,FALSE
"PLW","Palau","Oceania","High income",2013,1.88068,89.89846,20920,FALSE
"PLW","Palau","Oceania","High income",2014,1.32228,62.68499,21094,FALSE
"PLW","Palau","Oceania","High income",2015,1.2532,58.86907,21288,FALSE
"PLW","Palau","Oceania","High income",2016,1.20062,55.83492,21503,FALSE
"PLW","Palau","Oceania","High income",2017,1.25526,57.76897,21729,FALSE
"PLW","Palau","Oceania","High income",2018,1.28673,58.58381,21964,FALSE
"PLW","Palau","Oceania","High income",2019,1.32651,59.73635,22206,FALSE
"PLW","Palau","Oceania","High income",2020,1.33603,59.53242,22442,FALSE
"PLW","Palau","Oceania","High income",2021,1.38947,63.15786,22000,FALSE
"PLW","Palau","Oceania","High income",2022,1.46268,63.5949,23000,FALSE
"PLW","Palau","Oceania","High income",2023,1.46204,63.56674,23000,FALSE
"PLW","Palau","Oceania","High income",2024,1.53381,66.68744,23000,FALSE
"PNG","Papua New Guinea","Oceania","Lower middle income",1970,2.763,1.09313,2527590,FALSE
"PNG","Papua New Guinea","Oceania","Lower middle income",1971,2.79373,1.07757,2592630,FALSE
"PNG","Papua New Guinea","Oceania","Lower middle income",1972,2.90534,1.0923,2659850,FALSE
"PNG","Papua New Guinea","Oceania","Lower middle income",1973,3.18556,1.16705,2729580,FALSE
"PNG","Papua New Guinea","Oceania","Lower middle income",1974,3.55969,1.2703,2802240,FALSE
"PNG","Papua New Guinea","Oceania","Lower middle income",1975,3.28002,1.13962,2878160,FALSE
"PNG","Papua New Guinea","Oceania","Lower middle income",1976,3.29139,1.11296,2957340,FALSE
"PNG","Papua New Guinea","Oceania","Lower middle income",1977,3.38999,1.11525,3039660,FALSE
"PNG","Papua New Guinea","Oceania","Lower middle income",1978,3.40077,1.08823,3125030,FALSE
"PNG","Papua New Guinea","Oceania","Lower middle income",1979,3.5409,1.10193,3213360,FALSE
"PNG","Papua New Guinea","Oceania","Lower middle income",1980,3.68367,1.11475,3304470,FALSE
"PNG","Papua New Guinea","Oceania","Lower middle income",1981,3.68349,1.08387,3398470,FALSE
"PNG","Papua New Guinea","Oceania","Lower middle income",1982,3.70929,1.06125,3495200,FALSE
"PNG","Papua New Guinea","Oceania","Lower middle income",1983,3.72711,1.03704,3594000,FALSE
"PNG","Papua New Guinea","Oceania","Lower middle income",1984,3.82831,1.03635,3694040,FALSE
"PNG","Papua New Guinea","Oceania","Lower middle income",1985,3.95848,1.04316,3794720,FALSE
"PNG","Papua New Guinea","Oceania","Lower middle income",1986,3.85807,0.9903,3895850,FALSE
"PNG","Papua New Guinea","Oceania","Lower middle income",1987,4.27713,1.0699,3997700,FALSE
"PNG","Papua New Guinea","Oceania","Lower middle income",1988,4.13921,1.00938,4100730,FALSE
"PNG","Papua New Guinea","Oceania","Lower middle income",1989,4.04107,0.96087,4205650,FALSE
"PNG","Papua New Guinea","Oceania","Lower middle income",1990,4.87185,1.12956,4313060,FALSE
"PNG","Papua New Guinea","Oceania","Lower middle income",1991,5.0091,1.13251,4423010,FALSE
"PNG","Papua New Guinea","Oceania","Lower middle income",1992,5.44563,1.20066,4535520,FALSE
"PNG","Papua New Guinea","Oceania","Lower middle income",1993,5.57637,1.19892,4651170,FALSE
"PNG","Papua New Guinea","Oceania","Lower middle income",1994,5.56928,1.16742,4770610,FALSE
"PNG","Papua New Guinea","Oceania","Lower middle income",1995,5.60793,1.14581,4894280,FALSE
"PNG","Papua New Guinea","Oceania","Lower middle income",1996,5.7317,1.14122,5022440,FALSE
"PNG","Papua New Guinea","Oceania","Lower middle income",1997,5.67501,1.10089,5154910,FALSE
"PNG","Papua New Guinea","Oceania","Lower middle income",1998,9.00004,1.70095,5291180,FALSE
"PNG","Papua New Guinea","Oceania","Lower middle income",1999,6.17258,1.13665,5430480,FALSE
"PNG","Papua New Guinea","Oceania","Lower middle income",2000,7.07467,1.26963,5572220,FALSE
"PNG","Papua New Guinea","Oceania","Lower middle income",2001,7.15136,1.25108,5716150,FALSE
"PNG","Papua New Guinea","Oceania","Lower middle income",2002,7.8756,1.34343,5862320,FALSE
"PNG","Papua New Guinea","Oceania","Lower middle income",2003,8.11108,1.34944,6010720,FALSE
"PNG","Papua New Guinea","Oceania","Lower middle income",2004,8.62094,1.39916,6161520,FALSE
"PNG","Papua New Guinea","Oceania","Lower middle income",2005,9.99547,1.58289,6314710,FALSE
"PNG","Papua New Guinea","Oceania","Lower middle income",2006,10.56854,1.6334,6470270,FALSE
"PNG","Papua New Guinea","Oceania","Lower middle income",2007,9.70983,1.46499,6627920,FALSE
"PNG","Papua New Guinea","Oceania","Lower middle income",2008,10.28725,1.51569,6787190,FALSE
"PNG","Papua New Guinea","Oceania","Lower middle income",2009,8.59664,1.23738,6947450,FALSE
"PNG","Papua New Guinea","Oceania","Lower middle income",2010,7.52937,1.05925,7108240,FALSE
"PNG","Papua New Guinea","Oceania","Lower middle income",2011,7.77527,1.0696,7269350,FALSE
"PNG","Papua New Guinea","Oceania","Lower middle income",2012,7.57055,1.0188,7430840,FALSE
"PNG","Papua New Guinea","Oceania","Lower middle income",2013,7.98365,1.05147,7592860,FALSE
"PNG","Papua New Guinea","Oceania","Lower middle income",2014,9.59583,1.23725,7755780,FALSE
"PNG","Papua New Guinea","Oceania","Lower middle income",2015,10.63131,1.34237,7919820,FALSE
"PNG","Papua New Guinea","Oceania","Lower middle income",2016,11.33114,1.4015,8084990,FALSE
"PNG","Papua New Guinea","Oceania","Lower middle income",2017,10.48377,1.27058,8251160,FALSE
"PNG","Papua New Guinea","Oceania","Lower middle income",2018,9.37281,1.11338,8418346,FALSE
"PNG","Papua New Guinea","Oceania","Lower middle income",2019,9.66796,1.12595,8586525,FALSE
"PNG","Papua New Guinea","Oceania","Lower middle income",2020,10.12463,1.15635,8755675,FALSE
"PNG","Papua New Guinea","Oceania","Lower middle income",2021,10.07728,1.12898,8926000,FALSE
"PNG","Papua New Guinea","Oceania","Lower middle income",2022,10.42769,1.1464,9096000,FALSE
"PNG","Papua New Guinea","Oceania","Lower middle income",2023,10.6623,1.15032,9269000,FALSE
"PNG","Papua New Guinea","Oceania","Lower middle income",2024,10.76109,1.13983,9441000,FALSE
"POL","Poland","Europe","High income",1970,484.91295,14.8584,32635600,FALSE
"POL","Poland","Europe","High income",1971,496.45585,15.09599,32886600,FALSE
"POL","Poland","Europe","High income",1972,513.88969,15.50513,33143200,FALSE
"POL","Poland","Europe","High income",1973,539.32341,16.14373,33407600,FALSE
"POL","Poland","Europe","High income",1974,558.76666,16.58962,33681700,FALSE
"POL","Poland","Europe","High income",1975,579.23493,17.05307,33966600,FALSE
"POL","Poland","Europe","High income",1976,605.1237,17.66171,34261900,FALSE
"POL","Poland","Europe","High income",1977,620.70685,17.95668,34566900,FALSE
"POL","Poland","Europe","High income",1978,656.39803,18.818,34881400,FALSE
"POL","Poland","Europe","High income",1979,658.23999,18.6975,35204700,FALSE
"POL","Poland","Europe","High income",1980,659.71094,18.56505,35535100,FALSE
"POL","Poland","Europe","High income",1981,599.66524,16.71601,35873700,FALSE
"POL","Poland","Europe","High income",1982,619.43251,17.10351,36216700,FALSE
"POL","Poland","Europe","High income",1983,620.50069,16.97639,36550800,FALSE
"POL","Poland","Europe","High income",1984,632.80926,17.16842,36858900,FALSE
"POL","Poland","Europe","High income",1985,639.77659,17.23132,37128700,FALSE
"POL","Poland","Europe","High income",1986,646.16672,17.29832,37354300,FALSE
"POL","Poland","Europe","High income",1987,658.84139,17.55085,37539000,FALSE
"POL","Poland","Europe","High income",1988,645.79802,17.1336,37691900,FALSE
"POL","Poland","Europe","High income",1989,614.64657,16.24889,37827000,FALSE
"POL","Poland","Europe","High income",1990,513.45563,13.52815,37954600,FALSE
"POL","Poland","Europe","High income",1991,502.57176,13.19876,38077200,FALSE
"POL","Poland","Europe","High income",1992,488.79619,12.79846,38191800,FALSE
"POL","Poland","Europe","High income",1993,484.82491,12.6601,38295500,FALSE
"POL","Poland","Europe","High income",1994,477.68813,12.44514,38383500,FALSE
"POL","Poland","Europe","High income",1995,478.17186,12.43536,38452600,FALSE
"POL","Poland","Europe","High income",1996,491.57391,12.76696,38503600,FALSE
"POL","Poland","Europe","High income",1997,481.04146,12.48204,38538700,FALSE
"POL","Poland","Europe","High income",1998,442.4529,11.47497,38558100,FALSE
"POL","Poland","Europe","High income",1999,428.22079,11.10482,38561700,FALSE
"POL","Poland","Europe","High income",2000,412.06046,10.68885,38550500,FALSE
"POL","Poland","Europe","High income",2001,406.5305,10.55266,38524000,FALSE
"POL","Poland","Europe","High income",2002,398.75671,10.36149,38484500,FALSE
"POL","Poland","Europe","High income",2003,410.26618,10.67323,38438800,FALSE
"POL","Poland","Europe","High income",2004,410.03369,10.67905,38396100,FALSE
"POL","Poland","Europe","High income",2005,409.95235,10.68622,38362700,FALSE
"POL","Poland","Europe","High income",2006,423.24011,11.03884,38341000,FALSE
"POL","Poland","Europe","High income",2007,420.41544,10.96843,38329600,FALSE
"POL","Poland","Europe","High income",2008,411.64121,10.74061,38325700,FALSE
"POL","Poland","Europe","High income",2009,395.30776,10.31465,38324900,FALSE
"POL","Poland","Europe","High income",2010,414.17336,10.80732,38323400,FALSE
"POL","Poland","Europe","High income",2011,410.71482,10.71778,38320900,FALSE
"POL","Poland","Europe","High income",2012,405.09575,10.57211,38317400,FALSE
"POL","Poland","Europe","High income",2013,399.15333,10.41917,38309500,FALSE
"POL","Poland","Europe","High income",2014,385.42385,10.0651,38293100,FALSE
"POL","Poland","Europe","High income",2015,387.92298,10.13775,38265200,FALSE
"POL","Poland","Europe","High income",2016,399.44949,10.45012,38224400,FALSE
"POL","Poland","Europe","High income",2017,412.81003,10.81484,38170700,FALSE
"POL","Poland","Europe","High income",2018,411.66844,10.80358,38104832,FALSE
"POL","Poland","Europe","High income",2019,392.65576,10.32536,38028278,FALSE
"POL","Poland","Europe","High income",2020,375.62436,9.8999,37942231,FALSE
"POL","Poland","Europe","High income",2021,403.14142,10.65215,37846000,FALSE
"POL","Poland","Europe","High income",2022,384.93571,10.1994,37741000,FALSE
"POL","Poland","Europe","High income",2023,354.31093,9.41665,37626000,FALSE
"POL","Poland","Europe","High income",2024,348.19504,9.28421,37504000,FALSE
"PRI","Puerto Rico","America","High income",1970,31.44914,11.60553,2709840,FALSE
"PRI","Puerto Rico","America","High income",1971,33.82254,12.31715,2745970,FALSE
"PRI","Puerto Rico","America","High income",1972,41.04255,14.72458,2787350,FALSE
"PRI","Puerto Rico","America","High income",1973,45.36593,16.01265,2833130,FALSE
"PRI","Puerto Rico","America","High income",1974,43.08649,14.9515,2881750,FALSE
"PRI","Puerto Rico","America","High income",1975,40.25136,13.72881,2931890,FALSE
"PRI","Puerto Rico","America","High income",1976,44.02278,14.75502,2983580,FALSE
"PRI","Puerto Rico","America","High income",1977,49.30112,16.23483,3036750,FALSE
"PRI","Puerto Rico","America","High income",1978,49.90148,16.1506,3089760,FALSE
"PRI","Puerto Rico","America","High income",1979,42.74456,13.61049,3140560,FALSE
"PRI","Puerto Rico","America","High income",1980,35.34317,11.08746,3187670,FALSE
"PRI","Puerto Rico","America","High income",1981,30.62918,9.48134,3230470,FALSE
"PRI","Puerto Rico","America","High income",1982,23.83653,7.29113,3269250,FALSE
"PRI","Puerto Rico","America","High income",1983,24.35719,7.37051,3304680,FALSE
"PRI","Puerto Rico","America","High income",1984,22.15579,6.63772,3337860,FALSE
"PRI","Puerto Rico","America","High income",1985,19.70583,5.84798,3369680,FALSE
"PRI","Puerto Rico","America","High income",1986,23.96768,7.04928,3400020,FALSE
"PRI","Puerto Rico","America","High income",1987,21.57418,6.29199,3428830,FALSE
"PRI","Puerto Rico","America","High income",1988,24.93802,7.21334,3457210,FALSE
"PRI","Puerto Rico","America","High income",1989,26.11704,7.49063,3486630,FALSE
"PRI","Puerto Rico","America","High income",1990,21.75246,6.18324,3517970,FALSE
"PRI","Puerto Rico","America","High income",1991,22.30796,6.28112,3551590,FALSE
"PRI","Puerto Rico","America","High income",1992,22.73375,6.33803,3586880,FALSE
"PRI","Puerto Rico","America","High income",1993,23.30385,6.43271,3622710,FALSE
"PRI","Puerto Rico","America","High income",1994,24.03216,6.57081,3657410,FALSE
"PRI","Puerto Rico","America","High income",1995,24.385,6.60904,3689640,FALSE
"PRI","Puerto Rico","America","High income",1996,24.70716,6.64292,3719320,FALSE
"PRI","Puerto Rico","America","High income",1997,25.38543,6.77603,3746360,FALSE
"PRI","Puerto Rico","America","High income",1998,25.81858,6.84963,3769340,FALSE
"PRI","Puerto Rico","America","High income",1999,27.7988,7.34142,3786570,FALSE
"PRI","Puerto Rico","America","High income",2000,27.85134,7.33513,3796980,FALSE
"PRI","Puerto Rico","America","High income",2001,27.51824,7.24181,3799910,FALSE
"PRI","Puerto Rico","America","High income",2002,22.85531,6.02084,3796030,FALSE
"PRI","Puerto Rico","America","High income",2003,29.20369,7.71101,3787270,FALSE
"PRI","Puerto Rico","America","High income",2004,29.24238,7.74353,3776360,FALSE
"PRI","Puerto Rico","America","High income",2005,29.35714,7.79655,3765400,FALSE
"PRI","Puerto Rico","America","High income",2006,19.93068,5.30762,3755110,FALSE
"PRI","Puerto Rico","America","High income",2007,20.89942,5.58023,3745260,FALSE
"PRI","Puerto Rico","America","High income",2008,18.26275,4.88859,3735790,FALSE
"PRI","Puerto Rico","America","High income",2009,16.77478,4.50169,3726330,FALSE
"PRI","Puerto Rico","America","High income",2010,16.1454,4.34403,3716690,FALSE
"PRI","Puerto Rico","America","High income",2011,14.31067,3.86047,3706980,FALSE
"PRI","Puerto Rico","America","High income",2012,13.9066,3.761,3697580,FALSE
"PRI","Puerto Rico","America","High income",2013,13.48705,3.6563,3688720,FALSE
"PRI","Puerto Rico","America","High income",2014,14.07237,3.82327,3680720,FALSE
"PRI","Puerto Rico","America","High income",2015,14.62855,3.98193,3673730,FALSE
"PRI","Puerto Rico","America","High income",2016,13.85266,3.77673,3667900,FALSE
"PRI","Puerto Rico","America","High income",2017,14.05463,3.83678,3663130,FALSE
"PRI","Puerto Rico","America","High income",2018,16.07608,4.39356,3659007,FALSE
"PRI","Puerto Rico","America","High income",2019,14.90632,4.07836,3654978,FALSE
"PRI","Puerto Rico","America","High income",2020,14.65448,4.01426,3650608,FALSE
"PRI","Puerto Rico","America","High income",2021,14.90146,4.08707,3646000,FALSE
"PRI","Puerto Rico","America","High income",2022,16.12187,4.42787,3641000,FALSE
"PRI","Puerto Rico","America","High income",2023,16.81116,4.62608,3634000,FALSE
"PRI","Puerto Rico","America","High income",2024,17.61649,4.85437,3629000,FALSE
"PRK","North Korea","Asia","Low income",1970,94.80745,6.5791,14410400,FALSE
"PRK","North Korea","Asia","Low income",1971,95.49057,6.44793,14809500,FALSE
"PRK","North Korea","Asia","Low income",1972,98.82409,6.49825,15207800,FALSE
"PRK","North Korea","Asia","Low income",1973,101.08185,6.48235,15593400,FALSE
"PRK","North Korea","Asia","Low income",1974,104.78419,6.56868,15952100,FALSE
"PRK","North Korea","Asia","Low income",1975,109.07305,6.702,16274700,FALSE
"PRK","North Korea","Asia","Low income",1976,116.06373,7.01092,16554700,FALSE
"PRK","North Korea","Asia","Low income",1977,122.72357,7.30645,16796600,FALSE
"PRK","North Korea","Asia","Low income",1978,131.40308,7.72232,17016000,FALSE
"PRK","North Korea","Asia","Low income",1979,140.98875,8.18004,17235700,FALSE
"PRK","North Korea","Asia","Low income",1980,148.03761,8.4728,17472100,FALSE
"PRK","North Korea","Asia","Low income",1981,152.34032,8.59165,17731200,FALSE
"PRK","North Korea","Asia","Low income",1982,158.48433,8.80048,18008600,FALSE
"PRK","North Korea","Asia","Low income",1983,164.0237,8.96393,18298200,FALSE
"PRK","North Korea","Asia","Low income",1984,169.59634,9.12294,18590100,FALSE
"PRK","North Korea","Asia","Low income",1985,175.23308,9.28279,18877200,FALSE
"PRK","North Korea","Asia","Low income",1986,173.24565,9.04356,19156800,FALSE
"PRK","North Korea","Asia","Low income",1987,167.66222,8.62815,19432000,FALSE
"PRK","North Korea","Asia","Low income",1988,171.21499,8.68746,19708300,FALSE
"PRK","North Korea","Asia","Low income",1989,171.51384,8.57835,19993800,FALSE
"PRK","North Korea","Asia","Low income",1990,164.95961,8.12885,20293100,FALSE
"PRK","North Korea","Asia","Low income",1991,159.04215,7.71705,20609200,FALSE
"PRK","North Korea","Asia","Low income",1992,142.99444,6.82962,20937400,FALSE
"PRK","North Korea","Asia","Low income",1993,133.44698,6.27519,21265800,FALSE
"PRK","North Korea","Asia","Low income",1994,121.54785,5.63295,21578000,FALSE
"PRK","North Korea","Asia","Low income",1995,112.82024,5.16049,21862300,FALSE
"PRK","North Korea","Asia","Low income",1996,102.89593,4.65308,22113500,FALSE
"PRK","North Korea","Asia","Low income",1997,100.59102,4.50362,22335600,FALSE
"PRK","North Korea","Asia","Low income",1998,85.76247,3.80536,22537300,FALSE
"PRK","North Korea","Asia","Low income",1999,93.37811,4.10778,22732000,FALSE
"PRK","North Korea","Asia","Low income",2000,99.77033,4.35125,22929100,FALSE
"PRK","North Korea","Asia","Low income",2001,103.48591,4.47375,23131800,FALSE
"PRK","North Korea","Asia","Low income",2002,99.76297,4.27494,23336700,FALSE
"PRK","North Korea","Asia","Low income",2003,101.92088,4.32996,23538500,FALSE
"PRK","North Korea","Asia","Low income",2004,104.46912,4.4025,23729500,FALSE
"PRK","North Korea","Asia","Low income",2005,109.28902,4.57196,23904200,FALSE
"PRK","North Korea","Asia","Low income",2006,110.99626,4.6131,24061100,FALSE
"PRK","North Korea","Asia","Low income",2007,95.21479,3.93396,24203300,FALSE
"PRK","North Korea","Asia","Low income",2008,102.82394,4.22533,24335100,FALSE
"PRK","North Korea","Asia","Low income",2009,99.45471,4.06552,24463000,FALSE
"PRK","North Korea","Asia","Low income",2010,97.14379,3.95028,24591600,FALSE
"PRK","North Korea","Asia","Low income",2011,78.10774,3.1594,24722300,FALSE
"PRK","North Korea","Asia","Low income",2012,76.09872,3.06183,24854000,FALSE
"PRK","North Korea","Asia","Low income",2013,65.23971,2.61105,24986000,FALSE
"PRK","North Korea","Asia","Low income",2014,69.03279,2.74851,25116400,FALSE
"PRK","North Korea","Asia","Low income",2015,59.39131,2.3527,25243900,FALSE
"PRK","North Korea","Asia","Low income",2016,65.06316,2.56471,25368600,FALSE
"PRK","North Korea","Asia","Low income",2017,101.64259,3.98739,25491000,FALSE
"PRK","North Korea","Asia","Low income",2018,92.48502,3.61119,25610672,FALSE
"PRK","North Korea","Asia","Low income",2019,100.75796,3.91637,25727408,FALSE
"PRK","North Korea","Asia","Low income",2020,95.25068,3.68605,25840863,FALSE
"PRK","North Korea","Asia","Low income",2021,81.63602,3.14578,25951000,FALSE
"PRK","North Korea","Asia","Low income",2022,84.57059,3.2456,26057000,FALSE
"PRK","North Korea","Asia","Low income",2023,90.62246,3.46429,26159000,FALSE
"PRK","North Korea","Asia","Low income",2024,91.25182,3.47533,26257000,FALSE
"PRT","Portugal","Europe","High income",1970,29.62541,3.4045,8701850,TRUE
"PRT","Portugal","Europe","High income",1971,30.52233,3.48806,8750510,TRUE
"PRT","Portugal","Europe","High income",1972,31.25385,3.53558,8839800,TRUE
"PRT","Portugal","Europe","High income",1973,33.65727,3.75683,8958960,TRUE
"PRT","Portugal","Europe","High income",1974,33.09286,3.64002,9091400,TRUE
"PRT","Portugal","Europe","High income",1975,34.67373,3.75905,9224060,TRUE
"PRT","Portugal","Europe","High income",1976,35.93685,3.84167,9354490,TRUE
"PRT","Portugal","Europe","High income",1977,36.51322,3.85013,9483630,TRUE
"PRT","Portugal","Europe","High income",1978,38.53334,4.01155,9605590,TRUE
"PRT","Portugal","Europe","High income",1979,41.56701,4.27901,9714160,TRUE
"PRT","Portugal","Europe","High income",1980,41.87202,4.27054,9804850,TRUE
"PRT","Portugal","Europe","High income",1981,43.65163,4.4203,9875260,TRUE
"PRT","Portugal","Europe","High income",1982,46.02819,4.63726,9925730,TRUE
"PRT","Portugal","Europe","High income",1983,44.82057,4.50077,9958420,TRUE
"PRT","Portugal","Europe","High income",1984,43.07246,4.3171,9977170,TRUE
"PRT","Portugal","Europe","High income",1985,41.72497,4.17852,9985580,TRUE
"PRT","Portugal","Europe","High income",1986,46.21349,4.62912,9983220,TRUE
"PRT","Portugal","Europe","High income",1987,46.16777,4.6301,9971230,TRUE
"PRT","Portugal","Europe","High income",1988,47.06836,4.72732,9956670,TRUE
"PRT","Portugal","Europe","High income",1989,56.02296,5.63126,9948570,TRUE
"PRT","Portugal","Europe","High income",1990,57.63687,5.79071,9953330,TRUE
"PRT","Portugal","Europe","High income",1991,59.15714,5.93102,9974190,TRUE
"PRT","Portugal","Europe","High income",1992,62.97214,6.29117,10009600,TRUE
"PRT","Portugal","Europe","High income",1993,61.85112,6.15128,10055000,TRUE
"PRT","Portugal","Europe","High income",1994,64.00872,6.33536,10103400,TRUE
"PRT","Portugal","Europe","High income",1995,67.44286,6.64481,10149700,TRUE
"PRT","Portugal","Europe","High income",1996,66.08747,6.484,10192400,TRUE
"PRT","Portugal","Europe","High income",1997,68.84032,6.72735,10232900,TRUE
"PRT","Portugal","Europe","High income",1998,73.57977,7.16293,10272300,TRUE
"PRT","Portugal","Europe","High income",1999,80.75775,7.83098,10312600,TRUE
"PRT","Portugal","Europe","High income",2000,80.57157,7.78086,10355100,TRUE
"PRT","Portugal","Europe","High income",2001,79.49315,7.64409,10399300,TRUE
"PRT","Portugal","Europe","High income",2002,83.96355,8.03964,10443700,TRUE
"PRT","Portugal","Europe","High income",2003,79.20188,7.55231,10487100,TRUE
"PRT","Portugal","Europe","High income",2004,81.22543,7.71496,10528300,TRUE
"PRT","Portugal","Europe","High income",2005,84.72482,8.01886,10565700,TRUE
"PRT","Portugal","Europe","High income",2006,79.90031,7.53777,10600000,TRUE
"PRT","Portugal","Europe","High income",2007,78.16355,7.35304,10630100,TRUE
"PRT","Portugal","Europe","High income",2008,75.79557,7.11555,10652100,TRUE
"PRT","Portugal","Europe","High income",2009,74.95655,7.03118,10660600,TRUE
"PRT","Portugal","Europe","High income",2010,69.519,6.5262,10652300,TRUE
"PRT","Portugal","Europe","High income",2011,67.7323,6.37462,10625300,TRUE
"PRT","Portugal","Europe","High income",2012,66.25322,6.26105,10581800,TRUE
"PRT","Portugal","Europe","High income",2013,64.63777,6.13978,10527700,TRUE
"PRT","Portugal","Europe","High income",2014,64.41354,6.1515,10471200,TRUE
"PRT","Portugal","Europe","High income",2015,68.86109,6.6095,10418500,TRUE
"PRT","Portugal","Europe","High income",2016,67.74476,6.53176,10371600,TRUE
"PRT","Portugal","Europe","High income",2017,72.81967,7.04968,10329500,TRUE
"PRT","Portugal","Europe","High income",2018,68.87758,6.69286,10291196,TRUE
"PRT","Portugal","Europe","High income",2019,64.56044,6.29571,10254666,TRUE
"PRT","Portugal","Europe","High income",2020,58.68253,5.74282,10218413,TRUE
"PRT","Portugal","Europe","High income",2021,56.95978,5.59361,10183000,TRUE
"PRT","Portugal","Europe","High income",2022,57.31886,5.64829,10148000,TRUE
"PRT","Portugal","Europe","High income",2023,54.97769,5.4358,10114000,TRUE
"PRT","Portugal","Europe","High income",2024,53.16959,5.27424,10081000,TRUE
"PRY","Paraguay","America","Upper middle income",1970,10.34862,4.18276,2474110,FALSE
"PRY","Paraguay","America","Upper middle income",1971,10.66378,4.20602,2535360,FALSE
"PRY","Paraguay","America","Upper middle income",1972,11.00129,4.23658,2596740,FALSE
"PRY","Paraguay","America","Upper middle income",1973,11.61207,4.36693,2659090,FALSE
"PRY","Paraguay","America","Upper middle income",1974,11.91601,4.37522,2723520,FALSE
"PRY","Paraguay","America","Upper middle income",1975,12.498,4.47803,2790960,FALSE
"PRY","Paraguay","America","Upper middle income",1976,13.65262,4.77101,2861580,FALSE
"PRY","Paraguay","America","Upper middle income",1977,14.52181,4.94717,2935380,FALSE
"PRY","Paraguay","America","Upper middle income",1978,14.78703,4.90802,3012830,FALSE
"PRY","Paraguay","America","Upper middle income",1979,14.52426,4.6936,3094480,FALSE
"PRY","Paraguay","America","Upper middle income",1980,14.74008,4.63433,3180630,FALSE
"PRY","Paraguay","America","Upper middle income",1981,15.85309,4.84588,3271460,FALSE
"PRY","Paraguay","America","Upper middle income",1982,16.53584,4.91156,3366720,FALSE
"PRY","Paraguay","America","Upper middle income",1983,16.99429,4.90344,3465790,FALSE
"PRY","Paraguay","America","Upper middle income",1984,17.72115,4.96704,3567750,FALSE
"PRY","Paraguay","America","Upper middle income",1985,18.28677,4.98029,3671830,FALSE
"PRY","Paraguay","America","Upper middle income",1986,18.65778,4.93885,3777760,FALSE
"PRY","Paraguay","America","Upper middle income",1987,19.42109,4.99843,3885440,FALSE
"PRY","Paraguay","America","Upper middle income",1988,20.40769,5.10917,3994330,FALSE
"PRY","Paraguay","America","Upper middle income",1989,20.58832,5.01676,4103910,FALSE
"PRY","Paraguay","America","Upper middle income",1990,20.77044,4.92922,4213740,FALSE
"PRY","Paraguay","America","Upper middle income",1991,19.47453,4.50444,4323410,FALSE
"PRY","Paraguay","America","Upper middle income",1992,20.396,4.60122,4432740,FALSE
"PRY","Paraguay","America","Upper middle income",1993,22.31248,4.91259,4541900,FALSE
"PRY","Paraguay","America","Upper middle income",1994,23.72033,5.0998,4651230,FALSE
"PRY","Paraguay","America","Upper middle income",1995,25.54627,5.36591,4760850,FALSE
"PRY","Paraguay","America","Upper middle income",1996,25.51895,5.23929,4870690,FALSE
"PRY","Paraguay","America","Upper middle income",1997,25.89527,5.1995,4980340,FALSE
"PRY","Paraguay","America","Upper middle income",1998,26.05436,5.11943,5089310,FALSE
"PRY","Paraguay","America","Upper middle income",1999,25.56116,4.9185,5196940,FALSE
"PRY","Paraguay","America","Upper middle income",2000,24.88758,4.69338,5302700,FALSE
"PRY","Paraguay","America","Upper middle income",2001,25.45992,4.70903,5406620,FALSE
"PRY","Paraguay","America","Upper middle income",2002,24.62254,4.46983,5508610,FALSE
"PRY","Paraguay","America","Upper middle income",2003,26.53152,4.73106,5607950,FALSE
"PRY","Paraguay","America","Upper middle income",2004,25.62986,4.49352,5703740,FALSE
"PRY","Paraguay","America","Upper middle income",2005,25.81983,4.45516,5795490,FALSE
"PRY","Paraguay","America","Upper middle income",2006,27.64084,4.69859,5882800,FALSE
"PRY","Paraguay","America","Upper middle income",2007,29.70093,4.97823,5966160,FALSE
"PRY","Paraguay","America","Upper middle income",2008,30.91002,5.11153,6047120,FALSE
"PRY","Paraguay","America","Upper middle income",2009,33.46145,5.46056,6127840,FALSE
"PRY","Paraguay","America","Upper middle income",2010,36.45368,5.87027,6209880,FALSE
"PRY","Paraguay","America","Upper middle income",2011,36.83255,5.85222,6293780,FALSE
"PRY","Paraguay","America","Upper middle income",2012,38.00522,5.95766,6379220,FALSE
"PRY","Paraguay","America","Upper middle income",2013,38.75591,5.99404,6465740,FALSE
"PRY","Paraguay","America","Upper middle income",2014,41.11675,6.27489,6552580,FALSE
"PRY","Paraguay","America","Upper middle income",2015,40.86044,6.1545,6639120,FALSE
"PRY","Paraguay","America","Upper middle income",2016,41.20917,6.12748,6725310,FALSE
"PRY","Paraguay","America","Upper middle income",2017,42.43764,6.23048,6811300,FALSE
"PRY","Paraguay","America","Upper middle income",2018,42.00036,6.08974,6896908,FALSE
"PRY","Paraguay","America","Upper middle income",2019,42.40808,6.07393,6981981,FALSE
"PRY","Paraguay","America","Upper middle income",2020,42.58445,6.02639,7066330,FALSE
"PRY","Paraguay","America","Upper middle income",2021,42.4038,5.93143,7149000,FALSE
"PRY","Paraguay","America","Upper middle income",2022,41.19758,5.69657,7232000,FALSE
"PRY","Paraguay","America","Upper middle income",2023,40.95455,5.59947,7314000,FALSE
"PRY","Paraguay","America","Upper middle income",2024,41.44204,5.60406,7395000,FALSE
"PYF","French Polynesia","Oceania","High income",1970,0.19159,1.73392,110495,FALSE
"PYF","French Polynesia","Oceania","High income",1971,0.19237,1.68287,114313,FALSE
"PYF","French Polynesia","Oceania","High income",1972,0.20149,1.70353,118279,FALSE
"PYF","French Polynesia","Oceania","High income",1973,0.23184,1.8948,122356,FALSE
"PYF","French Polynesia","Oceania","High income",1974,0.27282,2.15696,126486,FALSE
"PYF","French Polynesia","Oceania","High income",1975,0.23598,1.80663,130619,FALSE
"PYF","French Polynesia","Oceania","High income",1976,0.23444,1.73986,134748,FALSE
"PYF","French Polynesia","Oceania","High income",1977,0.24647,1.77492,138864,FALSE
"PYF","French Polynesia","Oceania","High income",1978,0.24653,1.72361,143032,FALSE
"PYF","French Polynesia","Oceania","High income",1979,0.26188,1.77793,147296,FALSE
"PYF","French Polynesia","Oceania","High income",1980,0.28112,1.85303,151708,FALSE
"PYF","French Polynesia","Oceania","High income",1981,0.4039,2.58505,156243,FALSE
"PYF","French Polynesia","Oceania","High income",1982,0.49907,3.10196,160888,FALSE
"PYF","French Polynesia","Oceania","High income",1983,0.6348,3.83301,165613,FALSE
"PYF","French Polynesia","Oceania","High income",1984,0.8313,4.87864,170396,FALSE
"PYF","French Polynesia","Oceania","High income",1985,0.80353,4.58625,175204,FALSE
"PYF","French Polynesia","Oceania","High income",1986,0.878,4.87576,180075,FALSE
"PYF","French Polynesia","Oceania","High income",1987,0.98701,5.33661,184950,FALSE
"PYF","French Polynesia","Oceania","High income",1988,0.97895,5.15946,189738,FALSE
"PYF","French Polynesia","Oceania","High income",1989,0.953,4.90597,194252,FALSE
"PYF","French Polynesia","Oceania","High income",1990,0.93839,4.73037,198375,FALSE
"PYF","French Polynesia","Oceania","High income",1991,0.97135,4.80826,202016,FALSE
"PYF","French Polynesia","Oceania","High income",1992,1.00354,4.88898,205266,FALSE
"PYF","French Polynesia","Oceania","High income",1993,1.01549,4.8741,208345,FALSE
"PYF","French Polynesia","Oceania","High income",1994,0.84014,3.97079,211579,FALSE
"PYF","French Polynesia","Oceania","High income",1995,0.79795,3.70802,215196,FALSE
"PYF","French Polynesia","Oceania","High income",1996,0.79009,3.60308,219283,FALSE
"PYF","French Polynesia","Oceania","High income",1997,0.82708,3.69676,223731,FALSE
"PYF","French Polynesia","Oceania","High income",1998,0.85307,3.73537,228376,FALSE
"PYF","French Polynesia","Oceania","High income",1999,0.85399,3.66593,232952,FALSE
"PYF","French Polynesia","Oceania","High income",2000,0.80753,3.40358,237258,FALSE
"PYF","French Polynesia","Oceania","High income",2001,0.92472,3.83268,241273,FALSE
"PYF","French Polynesia","Oceania","High income",2002,0.9688,3.9542,245006,FALSE
"PYF","French Polynesia","Oceania","High income",2003,1.02913,4.14139,248499,FALSE
"PYF","French Polynesia","Oceania","High income",2004,0.98097,3.89621,251775,FALSE
"PYF","French Polynesia","Oceania","High income",2005,1.03589,4.06412,254886,FALSE
"PYF","French Polynesia","Oceania","High income",2006,0.97872,3.79597,257832,FALSE
"PYF","French Polynesia","Oceania","High income",2007,1.0468,4.01696,260594,FALSE
"PYF","French Polynesia","Oceania","High income",2008,1.06994,4.06543,263179,FALSE
"PYF","French Polynesia","Oceania","High income",2009,1.03192,3.88553,265581,FALSE
"PYF","French Polynesia","Oceania","High income",2010,1.08858,4.06458,267820,FALSE
"PYF","French Polynesia","Oceania","High income",2011,1.05637,3.91474,269843,FALSE
"PYF","French Polynesia","Oceania","High income",2012,1.02527,3.77351,271703,FALSE
"PYF","French Polynesia","Oceania","High income",2013,1.09541,4.00474,273528,FALSE
"PYF","French Polynesia","Oceania","High income",2014,1.08348,3.93302,275484,FALSE
"PYF","French Polynesia","Oceania","High income",2015,1.10584,3.98228,277690,FALSE
"PYF","French Polynesia","Oceania","High income",2016,1.10929,3.95879,280208,FALSE
"PYF","French Polynesia","Oceania","High income",2017,0.98048,3.46452,283007,FALSE
"PYF","French Polynesia","Oceania","High income",2018,0.88088,3.0815,285859,FALSE
"PYF","French Polynesia","Oceania","High income",2019,0.88418,3.06468,288506,FALSE
"PYF","French Polynesia","Oceania","High income",2020,0.81361,2.79836,290744,FALSE
"PYF","French Polynesia","Oceania","High income",2021,0.7376,2.51741,293000,FALSE
"PYF","French Polynesia","Oceania","High income",2022,1.02947,3.5016,294000,FALSE
"PYF","French Polynesia","Oceania","High income",2023,1.03378,3.50433,295000,FALSE
"PYF","French Polynesia","Oceania","High income",2024,1.081,3.65204,296000,FALSE
"QAT","Qatar","Asia","High income",1970,23.5486,215.02823,109514,FALSE
"QAT","Qatar","Asia","High income",1971,27.17287,227.53274,119424,FALSE
"QAT","Qatar","Asia","High income",1972,32.11755,246.04737,130534,FALSE
"QAT","Qatar","Asia","High income",1973,36.48052,256.46977,142241,FALSE
"QAT","Qatar","Asia","High income",1974,31.44002,204.54911,153704,FALSE
"QAT","Qatar","Asia","High income",1975,29.14991,177.29685,164413,FALSE
"QAT","Qatar","Asia","High income",1976,29.1573,167.72877,173836,FALSE
"QAT","Qatar","Asia","High income",1977,26.01366,142.58516,182443,FALSE
"QAT","Qatar","Asia","High income",1978,28.95908,150.75552,192093,FALSE
"QAT","Qatar","Asia","High income",1979,28.2976,137.82663,205313,FALSE
"QAT","Qatar","Asia","High income",1980,24.70175,110.38655,223775,FALSE
"QAT","Qatar","Asia","High income",1981,20.67135,83.30386,248144,FALSE
"QAT","Qatar","Asia","High income",1982,19.97257,72.00019,277396,FALSE
"QAT","Qatar","Asia","High income",1983,17.99784,58.15528,309479,FALSE
"QAT","Qatar","Asia","High income",1984,25.1631,73.69376,341455,FALSE
"QAT","Qatar","Asia","High income",1985,22.37774,60.3042,371081,FALSE
"QAT","Qatar","Asia","High income",1986,23.40354,58.8129,397932,FALSE
"QAT","Qatar","Asia","High income",1987,23.2616,55.07777,422341,FALSE
"QAT","Qatar","Asia","High income",1988,24.68764,55.62859,443794,FALSE
"QAT","Qatar","Asia","High income",1989,26.25,56.83418,461870,FALSE
"QAT","Qatar","Asia","High income",1990,26.28981,55.17911,476445,FALSE
"QAT","Qatar","Asia","High income",1991,27.14942,55.69216,487491,FALSE
"QAT","Qatar","Asia","High income",1992,28.73762,57.99523,495517,FALSE
"QAT","Qatar","Asia","High income",1993,29.03352,57.88574,501566,FALSE
"QAT","Qatar","Asia","High income",1994,30.17453,59.50469,507095,FALSE
"QAT","Qatar","Asia","High income",1995,29.83813,58.11246,513455,FALSE
"QAT","Qatar","Asia","High income",1996,35.2948,67.57521,522304,FALSE
"QAT","Qatar","Asia","High income",1997,51.63197,96.57912,534608,FALSE
"QAT","Qatar","Asia","High income",1998,53.12675,96.51862,550430,FALSE
"QAT","Qatar","Asia","High income",1999,57.25757,100.54942,569447,FALSE
"QAT","Qatar","Asia","High income",2000,59.99664,101.29999,592267,FALSE
"QAT","Qatar","Asia","High income",2001,56.44895,91.50629,616886,FALSE
"QAT","Qatar","Asia","High income",2002,59.62114,92.34153,645659,FALSE
"QAT","Qatar","Asia","High income",2003,65.36599,94.92786,688586,FALSE
"QAT","Qatar","Asia","High income",2004,66.24244,87.29262,758855,FALSE
"QAT","Qatar","Asia","High income",2005,65.67167,75.93304,864863,FALSE
"QAT","Qatar","Asia","High income",2006,71.41333,70.67968,1010380,FALSE
"QAT","Qatar","Asia","High income",2007,80.01451,67.26,1189630,FALSE
"QAT","Qatar","Asia","High income",2008,85.46958,61.51811,1389340,FALSE
"QAT","Qatar","Asia","High income",2009,87.0659,54.73158,1590780,FALSE
"QAT","Qatar","Asia","High income",2010,93.74259,52.67385,1779680,FALSE
"QAT","Qatar","Asia","High income",2011,107.02153,54.8252,1952050,FALSE
"QAT","Qatar","Asia","High income",2012,116.29879,55.12914,2109570,FALSE
"QAT","Qatar","Asia","High income",2013,127.19089,56.51748,2250470,FALSE
"QAT","Qatar","Asia","High income",2014,135.914,57.24093,2374420,FALSE
"QAT","Qatar","Asia","High income",2015,139.63005,56.2675,2481540,FALSE
"QAT","Qatar","Asia","High income",2016,139.92094,54.44818,2569800,FALSE
"QAT","Qatar","Asia","High income",2017,139.46139,52.8421,2639210,FALSE
"QAT","Qatar","Asia","High income",2018,140.39553,52.09774,2694849,FALSE
"QAT","Qatar","Asia","High income",2019,142.39977,51.89683,2743901,FALSE
"QAT","Qatar","Asia","High income",2020,140.67766,50.38947,2791807,FALSE
"QAT","Qatar","Asia","High income",2021,144.03444,50.71635,2840000,FALSE
"QAT","Qatar","Asia","High income",2022,146.13061,50.58173,2889000,FALSE
"QAT","Qatar","Asia","High income",2023,156.12657,53.15852,2937000,FALSE
"QAT","Qatar","Asia","High income",2024,162.74469,54.5391,2984000,FALSE
"REU","Réunion","Africa",NA,1970,0.51529,1.11529,462025,FALSE
"REU","Réunion","Africa",NA,1971,0.51476,1.09496,470119,FALSE
"REU","Réunion","Africa",NA,1972,0.51844,1.09037,475473,FALSE
"REU","Réunion","Africa",NA,1973,0.53586,1.11892,478910,FALSE
"REU","Réunion","Africa",NA,1974,0.56126,1.16519,481689,FALSE
"REU","Réunion","Africa",NA,1975,0.57629,1.18877,484777,FALSE
"REU","Réunion","Africa",NA,1976,0.60552,1.23992,488349,FALSE
"REU","Réunion","Africa",NA,1977,0.63596,1.29185,492286,FALSE
"REU","Réunion","Africa",NA,1978,0.61959,1.24689,496911,FALSE
"REU","Réunion","Africa",NA,1979,0.68287,1.35895,502500,FALSE
"REU","Réunion","Africa",NA,1980,0.66734,1.31039,509265,FALSE
"REU","Réunion","Africa",NA,1981,0.66762,1.29031,517413,FALSE
"REU","Réunion","Africa",NA,1982,0.6816,1.29348,526949,FALSE
"REU","Réunion","Africa",NA,1983,0.80282,1.4939,537400,FALSE
"REU","Réunion","Africa",NA,1984,0.85595,1.56155,548141,FALSE
"REU","Réunion","Africa",NA,1985,0.85433,1.52915,558699,FALSE
"REU","Réunion","Africa",NA,1986,0.86893,1.52734,568917,FALSE
"REU","Réunion","Africa",NA,1987,1.22067,2.10846,578938,FALSE
"REU","Réunion","Africa",NA,1988,1.30301,2.2123,588986,FALSE
"REU","Réunion","Africa",NA,1989,1.27425,2.12568,599454,FALSE
"REU","Réunion","Africa",NA,1990,1.16125,1.90187,610582,FALSE
"REU","Réunion","Africa",NA,1991,1.55156,2.49279,622418,FALSE
"REU","Réunion","Africa",NA,1992,1.40989,2.22103,634793,FALSE
"REU","Réunion","Africa",NA,1993,1.6281,2.5141,647588,FALSE
"REU","Réunion","Africa",NA,1994,1.66975,2.52777,660563,FALSE
"REU","Réunion","Africa",NA,1995,1.68666,2.50417,673541,FALSE
"REU","Réunion","Africa",NA,1996,1.72887,2.51852,686463,FALSE
"REU","Réunion","Africa",NA,1997,1.71358,2.45043,699299,FALSE
"REU","Réunion","Africa",NA,1998,2.18122,3.06354,711992,FALSE
"REU","Réunion","Africa",NA,1999,2.26413,3.12516,724484,FALSE
"REU","Réunion","Africa",NA,2000,2.32301,3.15323,736710,FALSE
"REU","Réunion","Africa",NA,2001,2.374,3.17101,748658,FALSE
"REU","Réunion","Africa",NA,2002,2.49781,3.28548,760258,FALSE
"REU","Réunion","Africa",NA,2003,2.5781,3.34217,771384,FALSE
"REU","Réunion","Africa",NA,2004,2.78709,3.56467,781864,FALSE
"REU","Réunion","Africa",NA,2005,2.69144,3.40001,791598,FALSE
"REU","Réunion","Africa",NA,2006,2.5977,3.24493,800543,FALSE
"REU","Réunion","Africa",NA,2007,2.47241,3.05713,808735,FALSE
"REU","Réunion","Africa",NA,2008,2.66769,3.26788,816335,FALSE
"REU","Réunion","Africa",NA,2009,2.80179,3.40215,823537,FALSE
"REU","Réunion","Africa",NA,2010,2.95942,3.56334,830519,FALSE
"REU","Réunion","Africa",NA,2011,2.86591,3.42278,837304,FALSE
"REU","Réunion","Africa",NA,2012,2.90501,3.44233,843907,FALSE
"REU","Réunion","Africa",NA,2013,2.9111,3.42322,850400,FALSE
"REU","Réunion","Africa",NA,2014,2.90096,3.38554,856867,FALSE
"REU","Réunion","Africa",NA,2015,2.87677,3.33205,863363,FALSE
"REU","Réunion","Africa",NA,2016,2.89472,3.32755,869925,FALSE
"REU","Réunion","Africa",NA,2017,2.89652,3.30441,876562,FALSE
"REU","Réunion","Africa",NA,2018,2.90534,3.28939,883247,FALSE
"REU","Réunion","Africa",NA,2019,2.90197,3.26094,889918,FALSE
"REU","Réunion","Africa",NA,2020,2.88996,3.22348,896536,FALSE
"REU","Réunion","Africa",NA,2021,2.90175,3.21346,903000,FALSE
"REU","Réunion","Africa",NA,2022,2.91981,3.21212,909000,FALSE
"REU","Réunion","Africa",NA,2023,2.97958,3.25282,916000,FALSE
"REU","Réunion","Africa",NA,2024,3.03439,3.29109,922000,FALSE
"ROU","Romania","Europe","High income",1970,172.29625,8.38469,20548900,FALSE
"ROU","Romania","Europe","High income",1971,175.06192,8.42304,20783700,FALSE
"ROU","Romania","Europe","High income",1972,182.22935,8.67276,21011700,FALSE
"ROU","Romania","Europe","High income",1973,196.76871,9.2669,21233500,FALSE
"ROU","Romania","Europe","High income",1974,201.05963,9.37293,21451100,FALSE
"ROU","Romania","Europe","High income",1975,215.41835,9.94287,21665600,FALSE
"ROU","Romania","Europe","High income",1976,231.78336,10.59465,21877400,FALSE
"ROU","Romania","Europe","High income",1977,241.55954,10.93831,22083800,FALSE
"ROU","Romania","Europe","High income",1978,258.53435,11.60424,22279300,FALSE
"ROU","Romania","Europe","High income",1979,264.09298,11.75999,22456900,FALSE
"ROU","Romania","Europe","High income",1980,261.02792,11.54378,22612000,FALSE
"ROU","Romania","Europe","High income",1981,263.78982,11.60036,22739800,FALSE
"ROU","Romania","Europe","High income",1982,262.0893,11.47386,22842300,FALSE
"ROU","Romania","Europe","High income",1983,265.10497,11.56204,22928900,FALSE
"ROU","Romania","Europe","High income",1984,265.03474,11.51664,23013200,FALSE
"ROU","Romania","Europe","High income",1985,264.94124,11.46753,23103600,FALSE
"ROU","Romania","Europe","High income",1986,267.44785,11.52529,23205300,FALSE
"ROU","Romania","Europe","High income",1987,275.25245,11.80728,23312100,FALSE
"ROU","Romania","Europe","High income",1988,279.08836,11.92257,23408400,FALSE
"ROU","Romania","Europe","High income",1989,275.50623,11.73735,23472600,FALSE
"ROU","Romania","Europe","High income",1990,241.01455,10.26057,23489400,FALSE
"ROU","Romania","Europe","High income",1991,196.71088,8.38702,23454200,FALSE
"ROU","Romania","Europe","High income",1992,179.65064,7.68612,23373400,FALSE
"ROU","Romania","Europe","High income",1993,169.78128,7.30054,23256000,FALSE
"ROU","Romania","Europe","High income",1994,165.95327,7.17909,23116200,FALSE
"ROU","Romania","Europe","High income",1995,170.62198,7.42962,22965100,FALSE
"ROU","Romania","Europe","High income",1996,174.35774,7.64586,22804200,FALSE
"ROU","Romania","Europe","High income",1997,161.29345,7.12654,22632800,FALSE
"ROU","Romania","Europe","High income",1998,143.45829,6.38782,22458100,FALSE
"ROU","Romania","Europe","High income",1999,126.15288,5.6601,22288100,FALSE
"ROU","Romania","Europe","High income",2000,130.37855,5.89199,22128100,FALSE
"ROU","Romania","Europe","High income",2001,136.00032,6.1863,21984100,FALSE
"ROU","Romania","Europe","High income",2002,135.61097,6.20512,21854700,FALSE
"ROU","Romania","Europe","High income",2003,140.65752,6.47329,21728900,FALSE
"ROU","Romania","Europe","High income",2004,140.36738,6.50114,21591200,FALSE
"ROU","Romania","Europe","High income",2005,138.32833,6.45459,21431000,FALSE
"ROU","Romania","Europe","High income",2006,144.77263,6.81479,21243900,FALSE
"ROU","Romania","Europe","High income",2007,142.50964,6.77453,21036100,FALSE
"ROU","Romania","Europe","High income",2008,140.0451,6.72611,20821100,FALSE
"ROU","Romania","Europe","High income",2009,118.24573,5.73507,20618000,FALSE
"ROU","Romania","Europe","High income",2010,116.51314,5.70017,20440300,FALSE
"ROU","Romania","Europe","High income",2011,122.41021,6.03214,20293000,FALSE
"ROU","Romania","Europe","High income",2012,119.3905,5.91883,20171300,FALSE
"ROU","Romania","Europe","High income",2013,111.22146,5.54217,20068200,FALSE
"ROU","Romania","Europe","High income",2014,111.31122,5.57317,19972700,FALSE
"ROU","Romania","Europe","High income",2015,112.24516,5.6471,19876600,FALSE
"ROU","Romania","Europe","High income",2016,111.54456,5.6398,19778100,FALSE
"ROU","Romania","Europe","High income",2017,115.21039,5.85439,19679300,FALSE
"ROU","Romania","Europe","High income",2018,116.06003,5.92729,19580634,FALSE
"ROU","Romania","Europe","High income",2019,113.96594,5.8494,19483360,FALSE
"ROU","Romania","Europe","High income",2020,108.15385,5.57829,19388362,FALSE
"ROU","Romania","Europe","High income",2021,113.47833,5.88123,19295000,FALSE
"ROU","Romania","Europe","High income",2022,107.30607,5.58828,19202000,FALSE
"ROU","Romania","Europe","High income",2023,101.28636,5.30018,19110000,FALSE
"ROU","Romania","Europe","High income",2024,101.85759,5.35585,19018000,FALSE
"RUS","Russia","Europe","High income",1970,1707.63125,13.12321,130123000,FALSE
"RUS","Russia","Europe","High income",1971,1721.70064,13.16235,130805000,FALSE
"RUS","Russia","Europe","High income",1972,1804.46869,13.72073,131514000,FALSE
"RUS","Russia","Europe","High income",1973,1905.69853,14.40971,132251000,FALSE
"RUS","Russia","Europe","High income",1974,1996.80015,15.01252,133009000,FALSE
"RUS","Russia","Europe","High income",1975,2095.37931,15.66241,133784000,FALSE
"RUS","Russia","Europe","High income",1976,2170.71891,16.12958,134580000,FALSE
"RUS","Russia","Europe","High income",1977,2218.84397,16.38696,135403000,FALSE
"RUS","Russia","Europe","High income",1978,2349.14737,17.24082,136255000,FALSE
"RUS","Russia","Europe","High income",1979,2382.9964,17.37625,137141000,FALSE
"RUS","Russia","Europe","High income",1980,2451.96111,17.76024,138059000,FALSE
"RUS","Russia","Europe","High income",1981,2448.56491,17.61532,139002000,FALSE
"RUS","Russia","Europe","High income",1982,2487.01411,17.76883,139965000,FALSE
"RUS","Russia","Europe","High income",1983,2534.99818,17.98547,140947000,FALSE
"RUS","Russia","Europe","High income",1984,2583.95591,18.20315,141951000,FALSE
"RUS","Russia","Europe","High income",1985,2629.38814,18.39106,142971000,FALSE
"RUS","Russia","Europe","High income",1986,2706.25573,18.79188,144012000,FALSE
"RUS","Russia","Europe","High income",1987,2778.13482,19.15268,145052000,FALSE
"RUS","Russia","Europe","High income",1988,2835.09824,19.41369,146036000,FALSE
"RUS","Russia","Europe","High income",1989,2848.8517,19.39432,146891000,FALSE
"RUS","Russia","Europe","High income",1990,3055.8849,20.70888,147564000,FALSE
"RUS","Russia","Europe","High income",1991,2986.10833,20.1715,148036000,FALSE
"RUS","Russia","Europe","High income",1992,2756.52754,18.58525,148318000,FALSE
"RUS","Russia","Europe","High income",1993,2521.97919,16.99092,148431000,FALSE
"RUS","Russia","Europe","High income",1994,2283.28969,15.38481,148412000,FALSE
"RUS","Russia","Europe","High income",1995,2213.72619,14.92846,148289000,FALSE
"RUS","Russia","Europe","High income",1996,2149.4894,14.51632,148074000,FALSE
"RUS","Russia","Europe","High income",1997,2013.352,13.62509,147768000,FALSE
"RUS","Russia","Europe","High income",1998,2002.29679,13.58585,147381000,FALSE
"RUS","Russia","Europe","High income",1999,2054.24437,13.98206,146920000,FALSE
"RUS","Russia","Europe","High income",2000,2084.34763,14.23764,146397000,FALSE
"RUS","Russia","Europe","High income",2001,2092.12564,14.34781,145815000,FALSE
"RUS","Russia","Europe","High income",2002,2084.56713,14.35702,145195000,FALSE
"RUS","Russia","Europe","High income",2003,2150.13862,14.8711,144585000,FALSE
"RUS","Russia","Europe","High income",2004,2162.87865,15.0153,144045000,FALSE
"RUS","Russia","Europe","High income",2005,2166.72507,15.08672,143618000,FALSE
"RUS","Russia","Europe","High income",2006,2203.87016,15.37695,143323000,FALSE
"RUS","Russia","Europe","High income",2007,2216.10122,15.48097,143150000,FALSE
"RUS","Russia","Europe","High income",2008,2206.78086,15.42308,143083000,FALSE
"RUS","Russia","Europe","High income",2009,2092.07505,14.62039,143093000,FALSE
"RUS","Russia","Europe","High income",2010,2191.19278,15.30654,143154000,FALSE
"RUS","Russia","Europe","High income",2011,2283.41982,15.93855,143264000,FALSE
"RUS","Russia","Europe","High income",2012,2293.75743,15.99318,143421000,FALSE
"RUS","Russia","Europe","High income",2013,2243.89381,15.62633,143597000,FALSE
"RUS","Russia","Europe","High income",2014,2233.88096,15.53885,143761000,FALSE
"RUS","Russia","Europe","High income",2015,2248.75393,15.6285,143888000,FALSE
"RUS","Russia","Europe","High income",2016,2237.84311,15.54436,143965000,FALSE
"RUS","Russia","Europe","High income",2017,2286.90445,15.88238,143990000,FALSE
"RUS","Russia","Europe","High income",2018,2376.92998,16.5105,143964709,FALSE
"RUS","Russia","Europe","High income",2019,2409.0263,16.74149,143895551,FALSE
"RUS","Russia","Europe","High income",2020,2325.79986,16.17533,143786842,FALSE
"RUS","Russia","Europe","High income",2021,2498.45533,17.39435,143636000,FALSE
"RUS","Russia","Europe","High income",2022,2459.39335,17.14568,143441000,FALSE
"RUS","Russia","Europe","High income",2023,2512.81959,17.54713,143204000,FALSE
"RUS","Russia","Europe","High income",2024,2575.65476,18.02115,142924000,FALSE
"RWA","Rwanda","Africa","Low income",1970,4.35143,1.15898,3754540,FALSE
"RWA","Rwanda","Africa","Low income",1971,4.38489,1.13353,3868340,FALSE
"RWA","Rwanda","Africa","Low income",1972,4.47786,1.12405,3983700,FALSE
"RWA","Rwanda","Africa","Low income",1973,4.5905,1.119,4102320,FALSE
"RWA","Rwanda","Africa","Low income",1974,4.62449,1.09409,4226800,FALSE
"RWA","Rwanda","Africa","Low income",1975,4.77092,1.09448,4359090,FALSE
"RWA","Rwanda","Africa","Low income",1976,4.74241,1.05398,4499510,FALSE
"RWA","Rwanda","Africa","Low income",1977,4.84936,1.04341,4647610,FALSE
"RWA","Rwanda","Africa","Low income",1978,4.95622,1.03175,4803730,FALSE
"RWA","Rwanda","Africa","Low income",1979,4.77045,0.96022,4968070,FALSE
"RWA","Rwanda","Africa","Low income",1980,5.0645,0.98517,5140720,FALSE
"RWA","Rwanda","Africa","Low income",1981,5.20321,0.97896,5315030,FALSE
"RWA","Rwanda","Africa","Low income",1982,5.35579,0.97567,5489320,FALSE
"RWA","Rwanda","Africa","Low income",1983,5.49374,0.9683,5673610,FALSE
"RWA","Rwanda","Africa","Low income",1984,5.56665,0.9464,5881910,FALSE
"RWA","Rwanda","Africa","Low income",1985,5.74075,0.93801,6120110,FALSE
"RWA","Rwanda","Africa","Low income",1986,5.7883,0.90334,6407670,FALSE
"RWA","Rwanda","Africa","Low income",1987,5.92056,0.87945,6732130,FALSE
"RWA","Rwanda","Africa","Low income",1988,6.06428,0.86261,7030180,FALSE
"RWA","Rwanda","Africa","Low income",1989,6.2763,0.86977,7216030,FALSE
"RWA","Rwanda","Africa","Low income",1990,5.67141,0.7838,7235800,FALSE
"RWA","Rwanda","Africa","Low income",1991,5.45286,0.77326,7051760,FALSE
"RWA","Rwanda","Africa","Low income",1992,5.12143,0.76418,6701850,FALSE
"RWA","Rwanda","Africa","Low income",1993,4.86135,0.77165,6299910,FALSE
"RWA","Rwanda","Africa","Low income",1994,4.95508,0.82515,6005100,FALSE
"RWA","Rwanda","Africa","Low income",1995,4.96914,0.83824,5928080,FALSE
"RWA","Rwanda","Africa","Low income",1996,5.2082,0.85169,6115170,FALSE
"RWA","Rwanda","Africa","Low income",1997,5.75411,0.88221,6522380,FALSE
"RWA","Rwanda","Africa","Low income",1998,3.99163,0.5654,7059810,FALSE
"RWA","Rwanda","Africa","Low income",1999,4.29816,0.56605,7593240,FALSE
"RWA","Rwanda","Africa","Low income",2000,4.1093,0.51202,8025700,FALSE
"RWA","Rwanda","Africa","Low income",2001,4.24465,0.5096,8329410,FALSE
"RWA","Rwanda","Africa","Low income",2002,4.45028,0.52134,8536200,FALSE
"RWA","Rwanda","Africa","Low income",2003,4.58285,0.52796,8680350,FALSE
"RWA","Rwanda","Africa","Low income",2004,4.72356,0.53565,8818440,FALSE
"RWA","Rwanda","Africa","Low income",2005,4.7961,0.53339,8991740,FALSE
"RWA","Rwanda","Africa","Low income",2006,5.07023,0.55072,9206580,FALSE
"RWA","Rwanda","Africa","Low income",2007,5.1863,0.54897,9447400,FALSE
"RWA","Rwanda","Africa","Low income",2008,5.39805,0.55603,9708170,FALSE
"RWA","Rwanda","Africa","Low income",2009,5.54576,0.55583,9977450,FALSE
"RWA","Rwanda","Africa","Low income",2010,5.82545,0.56851,10246800,FALSE
"RWA","Rwanda","Africa","Low income",2011,5.77813,0.54946,10516100,FALSE
"RWA","Rwanda","Africa","Low income",2012,5.9572,0.55216,10788900,FALSE
"RWA","Rwanda","Africa","Low income",2013,6.15313,0.55608,11065200,FALSE
"RWA","Rwanda","Africa","Low income",2014,6.22124,0.54835,11345400,FALSE
"RWA","Rwanda","Africa","Low income",2015,6.87549,0.59121,11629600,FALSE
"RWA","Rwanda","Africa","Low income",2016,6.89122,0.57824,11917500,FALSE
"RWA","Rwanda","Africa","Low income",2017,7.04009,0.57666,12208400,FALSE
"RWA","Rwanda","Africa","Low income",2018,7.30376,0.58425,12501156,FALSE
"RWA","Rwanda","Africa","Low income",2019,7.49141,0.58552,12794412,FALSE
"RWA","Rwanda","Africa","Low income",2020,7.64154,0.5839,13087173,FALSE
"RWA","Rwanda","Africa","Low income",2021,7.81393,0.58404,13379000,FALSE
"RWA","Rwanda","Africa","Low income",2022,8.23092,0.60216,13669000,FALSE
"RWA","Rwanda","Africa","Low income",2023,8.3469,0.59787,13961000,FALSE
"RWA","Rwanda","Africa","Low income",2024,8.34988,0.58587,14252000,FALSE
"SAU","Saudi Arabia","Asia","High income",1970,85.36804,14.62686,5836390,FALSE
"SAU","Saudi Arabia","Asia","High income",1971,96.87805,15.87907,6100990,FALSE
"SAU","Saudi Arabia","Asia","High income",1972,122.70656,19.19122,6393890,FALSE
"SAU","Saudi Arabia","Asia","High income",1973,160.23048,23.86477,6714100,FALSE
"SAU","Saudi Arabia","Asia","High income",1974,171.52934,24.29825,7059330,FALSE
"SAU","Saudi Arabia","Asia","High income",1975,143.75824,19.35174,7428700,FALSE
"SAU","Saudi Arabia","Asia","High income",1976,175.69058,22.47082,7818610,FALSE
"SAU","Saudi Arabia","Asia","High income",1977,188.7968,22.93561,8231600,FALSE
"SAU","Saudi Arabia","Asia","High income",1978,193.0515,22.24137,8679840,FALSE
"SAU","Saudi Arabia","Asia","High income",1979,225.67537,24.58439,9179620,FALSE
"SAU","Saudi Arabia","Asia","High income",1980,267.00479,27.41153,9740600,FALSE
"SAU","Saudi Arabia","Asia","High income",1981,253.26622,24.43075,10366700,FALSE
"SAU","Saudi Arabia","Asia","High income",1982,237.49385,21.49635,11048100,FALSE
"SAU","Saudi Arabia","Asia","High income",1983,228.68536,19.43975,11763800,FALSE
"SAU","Saudi Arabia","Asia","High income",1984,182.1995,14.59347,12485000,FALSE
"SAU","Saudi Arabia","Asia","High income",1985,174.60443,13.23854,13189100,FALSE
"SAU","Saudi Arabia","Asia","High income",1986,185.79109,13.39614,13869000,FALSE
"SAU","Saudi Arabia","Asia","High income",1987,193.90996,13.34944,14525700,FALSE
"SAU","Saudi Arabia","Asia","High income",1988,212.17652,14.00025,15155200,FALSE
"SAU","Saudi Arabia","Asia","High income",1989,214.0694,13.58662,15755900,FALSE
"SAU","Saudi Arabia","Asia","High income",1990,236.60953,14.49209,16326800,FALSE
"SAU","Saudi Arabia","Asia","High income",1991,252.02416,14.94114,16867800,FALSE
"SAU","Saudi Arabia","Asia","High income",1992,267.42076,15.38776,17378800,FALSE
"SAU","Saudi Arabia","Asia","High income",1993,277.50614,15.53803,17859800,FALSE
"SAU","Saudi Arabia","Asia","High income",1994,294.53306,16.08495,18311100,FALSE
"SAU","Saudi Arabia","Asia","High income",1995,291.23618,15.54437,18735800,FALSE
"SAU","Saudi Arabia","Asia","High income",1996,308.26799,16.11303,19131600,FALSE
"SAU","Saudi Arabia","Asia","High income",1997,314.10648,16.1034,19505600,FALSE
"SAU","Saudi Arabia","Asia","High income",1998,330.10896,16.60299,19882500,FALSE
"SAU","Saudi Arabia","Asia","High income",1999,331.36127,16.32772,20294400,FALSE
"SAU","Saudi Arabia","Asia","High income",2000,350.31484,16.87102,20764300,FALSE
"SAU","Saudi Arabia","Asia","High income",2001,362.48113,17.01502,21303600,FALSE
"SAU","Saudi Arabia","Asia","High income",2002,380.35157,17.36266,21906300,FALSE
"SAU","Saudi Arabia","Asia","High income",2003,407.38808,18.06086,22556400,FALSE
"SAU","Saudi Arabia","Asia","High income",2004,429.75684,18.50096,23228900,FALSE
"SAU","Saudi Arabia","Asia","High income",2005,457.15851,19.12341,23905700,FALSE
"SAU","Saudi Arabia","Asia","High income",2006,480.83646,19.56345,24578300,FALSE
"SAU","Saudi Arabia","Asia","High income",2007,502.56806,19.90164,25252600,FALSE
"SAU","Saudi Arabia","Asia","High income",2008,538.9277,20.77529,25940800,FALSE
"SAU","Saudi Arabia","Asia","High income",2009,558.50483,20.94799,26661500,FALSE
"SAU","Saudi Arabia","Asia","High income",2010,603.2707,21.99655,27425700,FALSE
"SAU","Saudi Arabia","Asia","High income",2011,634.21392,22.45959,28238000,FALSE
"SAU","Saudi Arabia","Asia","High income",2012,669.68063,23.02384,29086400,FALSE
"SAU","Saudi Arabia","Asia","High income",2013,678.3201,22.65258,29944500,FALSE
"SAU","Saudi Arabia","Asia","High income",2014,721.08089,23.42944,30776700,FALSE
"SAU","Saudi Arabia","Asia","High income",2015,752.88707,23.85793,31557100,FALSE
"SAU","Saudi Arabia","Asia","High income",2016,757.45569,23.4683,32275700,FALSE
"SAU","Saudi Arabia","Asia","High income",2017,752.69421,22.85171,32938200,FALSE
"SAU","Saudi Arabia","Asia","High income",2018,736.70535,21.95559,33554343,FALSE
"SAU","Saudi Arabia","Asia","High income",2019,738.28501,21.6248,34140662,FALSE
"SAU","Saudi Arabia","Asia","High income",2020,740.20481,21.32563,34709640,FALSE
"SAU","Saudi Arabia","Asia","High income",2021,757.99455,21.49546,35263000,FALSE
"SAU","Saudi Arabia","Asia","High income",2022,804.65388,22.47888,35796000,FALSE
"SAU","Saudi Arabia","Asia","High income",2023,818.19173,22.53289,36311000,FALSE
"SAU","Saudi Arabia","Asia","High income",2024,838.87655,22.78998,36809000,FALSE
"SCG","Serbia and Montenegro","Europe",NA,1970,46.16879,5.34361,8640000,FALSE
"SCG","Serbia and Montenegro","Europe",NA,1971,47.13698,5.4112,8711000,FALSE
"SCG","Serbia and Montenegro","Europe",NA,1972,46.95393,5.34174,8790000,FALSE
"SCG","Serbia and Montenegro","Europe",NA,1973,50.25159,5.66279,8874000,FALSE
"SCG","Serbia and Montenegro","Europe",NA,1974,53.86682,6.01058,8962000,FALSE
"SCG","Serbia and Montenegro","Europe",NA,1975,56.02665,6.18942,9052000,FALSE
"SCG","Serbia and Montenegro","Europe",NA,1976,57.41807,6.28138,9141000,FALSE
"SCG","Serbia and Montenegro","Europe",NA,1977,59.32291,6.42858,9228000,FALSE
"SCG","Serbia and Montenegro","Europe",NA,1978,62.36785,6.69398,9317000,FALSE
"SCG","Serbia and Montenegro","Europe",NA,1979,64.36783,6.84473,9404000,FALSE
"SCG","Serbia and Montenegro","Europe",NA,1980,63.39029,6.6804,9489000,FALSE
"SCG","Serbia and Montenegro","Europe",NA,1981,72.15453,7.5373,9573000,FALSE
"SCG","Serbia and Montenegro","Europe",NA,1982,76.38722,7.91331,9653000,FALSE
"SCG","Serbia and Montenegro","Europe",NA,1983,79.86136,8.2069,9731000,FALSE
"SCG","Serbia and Montenegro","Europe",NA,1984,82.42505,8.409,9802000,FALSE
"SCG","Serbia and Montenegro","Europe",NA,1985,85.22341,8.63722,9867000,FALSE
"SCG","Serbia and Montenegro","Europe",NA,1986,87.49485,8.81738,9923000,FALSE
"SCG","Serbia and Montenegro","Europe",NA,1987,83.8666,8.41274,9969000,FALSE
"SCG","Serbia and Montenegro","Europe",NA,1988,83.4495,8.33412,10013000,FALSE
"SCG","Serbia and Montenegro","Europe",NA,1989,82.00958,8.14719,10066000,FALSE
"SCG","Serbia and Montenegro","Europe",NA,1990,85.33495,8.42232,10132000,FALSE
"SCG","Serbia and Montenegro","Europe",NA,1991,73.40606,7.18329,10219000,FALSE
"SCG","Serbia and Montenegro","Europe",NA,1992,67.28695,6.52069,10319000,FALSE
"SCG","Serbia and Montenegro","Europe",NA,1993,60.11563,5.77202,10415000,FALSE
"SCG","Serbia and Montenegro","Europe",NA,1994,55.66239,5.31028,10482000,FALSE
"SCG","Serbia and Montenegro","Europe",NA,1995,62.37473,5.93819,10504000,FALSE
"SCG","Serbia and Montenegro","Europe",NA,1996,70.72584,6.75123,10476000,FALSE
"SCG","Serbia and Montenegro","Europe",NA,1997,76.71306,7.37555,10401000,FALSE
"SCG","Serbia and Montenegro","Europe",NA,1998,76.51671,7.42881,10300000,FALSE
"SCG","Serbia and Montenegro","Europe",NA,1999,58.03199,5.69276,10194000,FALSE
"SCG","Serbia and Montenegro","Europe",NA,2000,65.84501,6.51931,10100000,FALSE
"SCG","Serbia and Montenegro","Europe",NA,2001,69.86928,6.96881,10026000,FALSE
"SCG","Serbia and Montenegro","Europe",NA,2002,73.91644,7.41612,9967000,FALSE
"SCG","Serbia and Montenegro","Europe",NA,2003,76.96446,7.76086,9917000,FALSE
"SCG","Serbia and Montenegro","Europe",NA,2004,82.4456,8.35061,9873000,FALSE
"SCG","Serbia and Montenegro","Europe",NA,2005,76.58621,7.79028,9831000,FALSE
"SCG","Serbia and Montenegro","Europe",NA,2006,78.16215,7.98306,9791000,FALSE
"SCG","Serbia and Montenegro","Europe",NA,2007,76.77983,7.87163,9754000,FALSE
"SCG","Serbia and Montenegro","Europe",NA,2008,76.14122,7.83265,9721000,FALSE
"SCG","Serbia and Montenegro","Europe",NA,2009,71.19674,7.34972,9687000,FALSE
"SCG","Serbia and Montenegro","Europe",NA,2010,72.93626,7.55503,9654000,FALSE
"SCG","Serbia and Montenegro","Europe",NA,2011,77.1482,8.0204,9619000,FALSE
"SCG","Serbia and Montenegro","Europe",NA,2012,69.71214,7.27456,9583000,FALSE
"SCG","Serbia and Montenegro","Europe",NA,2013,71.08513,7.44581,9547000,FALSE
"SCG","Serbia and Montenegro","Europe",NA,2014,61.52141,6.46777,9512000,FALSE
"SCG","Serbia and Montenegro","Europe",NA,2015,69.64543,7.34734,9479000,FALSE
"SCG","Serbia and Montenegro","Europe",NA,2016,71.84004,7.60293,9449000,FALSE
"SCG","Serbia and Montenegro","Europe",NA,2017,71.82829,7.62508,9420000,FALSE
"SCG","Serbia and Montenegro","Europe",NA,2018,70.32497,7.48855,9391000,FALSE
"SCG","Serbia and Montenegro","Europe",NA,2019,70.90303,7.57268,9363000,FALSE
"SCG","Serbia and Montenegro","Europe",NA,2020,71.59884,7.67076,9334000,FALSE
"SCG","Serbia and Montenegro","Europe",NA,2021,69.63218,7.48492,9303000,FALSE
"SCG","Serbia and Montenegro","Europe",NA,2022,70.23473,7.57574,9271000,FALSE
"SCG","Serbia and Montenegro","Europe",NA,2023,68.12625,7.37457,9238000,FALSE
"SCG","Serbia and Montenegro","Europe",NA,2024,66.75367,7.25189,9205000,FALSE
"SDN","Sudan and South Sudan","Africa","Low income",1970,38.82376,2.81555,13789068,FALSE
"SDN","Sudan and South Sudan","Africa","Low income",1971,39.57938,2.78511,14211053,FALSE
"SDN","Sudan and South Sudan","Africa","Low income",1972,40.38248,2.75652,14649818,FALSE
"SDN","Sudan and South Sudan","Africa","Low income",1973,43.80346,2.89913,15109173,FALSE
"SDN","Sudan and South Sudan","Africa","Low income",1974,44.48748,2.85323,15591959,FALSE
"SDN","Sudan and South Sudan","Africa","Low income",1975,45.61482,2.83309,16100708,FALSE
"SDN","Sudan and South Sudan","Africa","Low income",1976,45.96459,2.76296,16636011,FALSE
"SDN","Sudan and South Sudan","Africa","Low income",1977,45.88835,2.66859,17195699,FALSE
"SDN","Sudan and South Sudan","Africa","Low income",1978,46.88992,2.6372,17780215,FALSE
"SDN","Sudan and South Sudan","Africa","Low income",1979,49.6756,2.70107,18391062,FALSE
"SDN","Sudan and South Sudan","Africa","Low income",1980,52.7377,2.77166,19027492,FALSE
"SDN","Sudan and South Sudan","Africa","Low income",1981,54.98638,2.7924,19691410,FALSE
"SDN","Sudan and South Sudan","Africa","Low income",1982,59.44556,2.91689,20379756,FALSE
"SDN","Sudan and South Sudan","Africa","Low income",1983,59.11372,2.80433,21079446,FALSE
"SDN","Sudan and South Sudan","Africa","Low income",1984,59.97354,2.75418,21775449,FALSE
"SDN","Sudan and South Sudan","Africa","Low income",1985,61.35813,2.73261,22454000,FALSE
"SDN","Sudan and South Sudan","Africa","Low income",1986,58.05489,2.51208,23110281,FALSE
"SDN","Sudan and South Sudan","Africa","Low income",1987,56.70716,2.38756,23751043,FALSE
"SDN","Sudan and South Sudan","Africa","Low income",1988,58.43468,2.39656,24382748,FALSE
"SDN","Sudan and South Sudan","Africa","Low income",1989,58.82528,2.351,25021350,FALSE
"SDN","Sudan and South Sudan","Africa","Low income",1990,61.17146,2.38234,25677012,FALSE
"SDN","Sudan and South Sudan","Africa","Low income",1991,62.2466,2.36214,26351785,FALSE
"SDN","Sudan and South Sudan","Africa","Low income",1992,67.37533,2.49118,27045540,FALSE
"SDN","Sudan and South Sudan","Africa","Low income",1993,70.52233,2.54032,27761230,FALSE
"SDN","Sudan and South Sudan","Africa","Low income",1994,77.21734,2.7094,28499846,FALSE
"SDN","Sudan and South Sudan","Africa","Low income",1995,77.92155,2.6624,29267432,FALSE
"SDN","Sudan and South Sudan","Africa","Low income",1996,80.62741,2.68195,30062958,FALSE
"SDN","Sudan and South Sudan","Africa","Low income",1997,83.09294,2.68996,30890044,FALSE
"SDN","Sudan and South Sudan","Africa","Low income",1998,86.78458,2.73351,31748444,FALSE
"SDN","Sudan and South Sudan","Africa","Low income",1999,90.79685,2.78197,32637663,FALSE
"SDN","Sudan and South Sudan","Africa","Low income",2000,95.63098,2.84978,33557267,FALSE
"SDN","Sudan and South Sudan","Africa","Low income",2001,100.79276,2.92098,34506471,FALSE
"SDN","Sudan and South Sudan","Africa","Low income",2002,104.42017,2.94266,35484998,FALSE
"SDN","Sudan and South Sudan","Africa","Low income",2003,107.90555,2.95699,36491679,FALSE
"SDN","Sudan and South Sudan","Africa","Low income",2004,110.67909,2.94943,37525614,FALSE
"SDN","Sudan and South Sudan","Africa","Low income",2005,114.42841,2.96572,38583731,FALSE
"SDN","Sudan and South Sudan","Africa","Low income",2006,117.39179,2.95949,39666278,FALSE
"SDN","Sudan and South Sudan","Africa","Low income",2007,120.58296,2.95762,40770265,FALSE
"SDN","Sudan and South Sudan","Africa","Low income",2008,122.21956,2.91763,41890008,FALSE
"SDN","Sudan and South Sudan","Africa","Low income",2009,124.08899,2.88446,43019766,FALSE
"SDN","Sudan and South Sudan","Africa","Low income",2010,124.94559,2.82982,44153191,FALSE
"SDN","Sudan and South Sudan","Africa","Low income",2011,121.72459,2.68757,45291700,FALSE
"SDN","Sudan and South Sudan","Africa","Low income",2012,123.45653,2.65864,46436026,FALSE
"SDN","Sudan and South Sudan","Africa","Low income",2013,124.79533,2.62292,47578706,FALSE
"SDN","Sudan and South Sudan","Africa","Low income",2014,126.71758,2.60122,48714587,FALSE
"SDN","Sudan and South Sudan","Africa","Low income",2015,130.18881,2.61221,49838489,FALSE
"SDN","Sudan and South Sudan","Africa","Low income",2016,134.00246,2.63024,50946808,FALSE
"SDN","Sudan and South Sudan","Africa","Low income",2017,133.67379,2.56836,52046374,FALSE
"SDN","Sudan and South Sudan","Africa","Low income",2018,137.99105,2.59584,53158529,FALSE
"SDN","Sudan and South Sudan","Africa","Low income",2019,138.21324,2.54475,54313101,FALSE
"SDN","Sudan and South Sudan","Africa","Low income",2020,137.71674,2.48,55530977,FALSE
"SDN","Sudan and South Sudan","Africa","Low income",2021,139.71643,2.35558,59313000,FALSE
"SDN","Sudan and South Sudan","Africa","Low income",2022,139.45957,2.29627,60733000,FALSE
"SDN","Sudan and South Sudan","Africa","Low income",2023,138.3599,2.22537,62174000,FALSE
"SDN","Sudan and South Sudan","Africa","Low income",2024,138.70195,2.17979,63631000,FALSE
"SEA","International Shipping","International transport",NA,1970,375.85958,NA,NA,FALSE
"SEA","International Shipping","International transport",NA,1971,375.85958,NA,NA,FALSE
"SEA","International Shipping","International transport",NA,1972,393.8,NA,NA,FALSE
"SEA","International Shipping","International transport",NA,1973,416.82195,NA,NA,FALSE
"SEA","International Shipping","International transport",NA,1974,390.0394,NA,NA,FALSE
"SEA","International Shipping","International transport",NA,1975,363.60928,NA,NA,FALSE
"SEA","International Shipping","International transport",NA,1976,375.80235,NA,NA,FALSE
"SEA","International Shipping","International transport",NA,1977,375.74697,NA,NA,FALSE
"SEA","International Shipping","International transport",NA,1978,377.54513,NA,NA,FALSE
"SEA","International Shipping","International transport",NA,1979,389.53342,NA,NA,FALSE
"SEA","International Shipping","International transport",NA,1980,380.50871,NA,NA,FALSE
"SEA","International Shipping","International transport",NA,1981,353.33661,NA,NA,FALSE
"SEA","International Shipping","International transport",NA,1982,318.31873,NA,NA,FALSE
"SEA","International Shipping","International transport",NA,1983,298.30916,NA,NA,FALSE
"SEA","International Shipping","International transport",NA,1984,302.35492,NA,NA,FALSE
"SEA","International Shipping","International transport",NA,1985,325.32689,NA,NA,FALSE
"SEA","International Shipping","International transport",NA,1986,346.1197,NA,NA,FALSE
"SEA","International Shipping","International transport",NA,1987,342.58164,NA,NA,FALSE
"SEA","International Shipping","International transport",NA,1988,359.54677,NA,NA,FALSE
"SEA","International Shipping","International transport",NA,1989,359.73821,NA,NA,FALSE
"SEA","International Shipping","International transport",NA,1990,395.32317,NA,NA,FALSE
"SEA","International Shipping","International transport",NA,1991,410.69438,NA,NA,FALSE
"SEA","International Shipping","International transport",NA,1992,440.94231,NA,NA,FALSE
"SEA","International Shipping","International transport",NA,1993,427.9591,NA,NA,FALSE
"SEA","International Shipping","International transport",NA,1994,440.87022,NA,NA,FALSE
"SEA","International Shipping","International transport",NA,1995,457.17941,NA,NA,FALSE
"SEA","International Shipping","International transport",NA,1996,466.42299,NA,NA,FALSE
"SEA","International Shipping","International transport",NA,1997,478.2816,NA,NA,FALSE
"SEA","International Shipping","International transport",NA,1998,492.9903,NA,NA,FALSE
"SEA","International Shipping","International transport",NA,1999,521.28205,NA,NA,FALSE
"SEA","International Shipping","International transport",NA,2000,535.20377,NA,NA,FALSE
"SEA","International Shipping","International transport",NA,2001,508.00205,NA,NA,FALSE
"SEA","International Shipping","International transport",NA,2002,526.62093,NA,NA,FALSE
"SEA","International Shipping","International transport",NA,2003,535.67607,NA,NA,FALSE
"SEA","International Shipping","International transport",NA,2004,588.35355,NA,NA,FALSE
"SEA","International Shipping","International transport",NA,2005,608.74139,NA,NA,FALSE
"SEA","International Shipping","International transport",NA,2006,647.4736,NA,NA,FALSE
"SEA","International Shipping","International transport",NA,2007,684.8987,NA,NA,FALSE
"SEA","International Shipping","International transport",NA,2008,686.00281,NA,NA,FALSE
"SEA","International Shipping","International transport",NA,2009,652.67414,NA,NA,FALSE
"SEA","International Shipping","International transport",NA,2010,701.24128,NA,NA,FALSE
"SEA","International Shipping","International transport",NA,2011,702.94784,NA,NA,FALSE
"SEA","International Shipping","International transport",NA,2012,656.23521,NA,NA,FALSE
"SEA","International Shipping","International transport",NA,2013,653.49346,NA,NA,FALSE
"SEA","International Shipping","International transport",NA,2014,674.69852,NA,NA,FALSE
"SEA","International Shipping","International transport",NA,2015,699.70519,NA,NA,FALSE
"SEA","International Shipping","International transport",NA,2016,720.88911,NA,NA,FALSE
"SEA","International Shipping","International transport",NA,2017,748.93922,NA,NA,FALSE
"SEA","International Shipping","International transport",NA,2018,752.24456,NA,NA,FALSE
"SEA","International Shipping","International transport",NA,2019,734.44014,NA,NA,FALSE
"SEA","International Shipping","International transport",NA,2020,673.79508,NA,NA,FALSE
"SEA","International Shipping","International transport",NA,2021,695.9205,NA,NA,FALSE
"SEA","International Shipping","International transport",NA,2022,697.76674,NA,NA,FALSE
"SEA","International Shipping","International transport",NA,2023,752.63943,NA,NA,FALSE
"SEA","International Shipping","International transport",NA,2024,737.32219,NA,NA,FALSE
"SEN","Senegal","Africa","Lower middle income",1970,7.43465,1.74624,4257510,FALSE
"SEN","Senegal","Africa","Lower middle income",1971,7.58946,1.72941,4388460,FALSE
"SEN","Senegal","Africa","Lower middle income",1972,7.4122,1.63801,4525110,FALSE
"SEN","Senegal","Africa","Lower middle income",1973,7.18147,1.53962,4664440,FALSE
"SEN","Senegal","Africa","Lower middle income",1974,7.4481,1.55093,4802350,FALSE
"SEN","Senegal","Africa","Lower middle income",1975,7.73664,1.56732,4936210,FALSE
"SEN","Senegal","Africa","Lower middle income",1976,7.94809,1.56932,5064670,FALSE
"SEN","Senegal","Africa","Lower middle income",1977,8.11467,1.56366,5189540,FALSE
"SEN","Senegal","Africa","Lower middle income",1978,8.3014,1.5618,5315270,FALSE
"SEN","Senegal","Africa","Lower middle income",1979,8.39616,1.54111,5448110,FALSE
"SEN","Senegal","Africa","Lower middle income",1980,8.0905,1.44663,5592650,FALSE
"SEN","Senegal","Africa","Lower middle income",1981,8.24,1.43296,5750340,FALSE
"SEN","Senegal","Africa","Lower middle income",1982,8.36824,1.41354,5920060,FALSE
"SEN","Senegal","Africa","Lower middle income",1983,8.10615,1.32877,6100490,FALSE
"SEN","Senegal","Africa","Lower middle income",1984,8.28606,1.31748,6289330,FALSE
"SEN","Senegal","Africa","Lower middle income",1985,8.75609,1.35026,6484740,FALSE
"SEN","Senegal","Africa","Lower middle income",1986,9.02558,1.34989,6686160,FALSE
"SEN","Senegal","Africa","Lower middle income",1987,9.35392,1.35684,6893900,FALSE
"SEN","Senegal","Africa","Lower middle income",1988,9.34777,1.31511,7107980,FALSE
"SEN","Senegal","Africa","Lower middle income",1989,9.63952,1.31533,7328600,FALSE
"SEN","Senegal","Africa","Lower middle income",1990,9.88792,1.30868,7555620,FALSE
"SEN","Senegal","Africa","Lower middle income",1991,10.08975,1.29528,7789650,FALSE
"SEN","Senegal","Africa","Lower middle income",1992,10.46539,1.30333,8029730,FALSE
"SEN","Senegal","Africa","Lower middle income",1993,10.64638,1.28701,8272170,FALSE
"SEN","Senegal","Africa","Lower middle income",1994,10.93674,1.28484,8512170,FALSE
"SEN","Senegal","Africa","Lower middle income",1995,11.18222,1.27846,8746610,FALSE
"SEN","Senegal","Africa","Lower middle income",1996,11.6962,1.30333,8974080,FALSE
"SEN","Senegal","Africa","Lower middle income",1997,12.13069,1.31905,9196530,FALSE
"SEN","Senegal","Africa","Lower middle income",1998,12.70467,1.34892,9418390,FALSE
"SEN","Senegal","Africa","Lower middle income",1999,13.70598,1.4209,9645960,FALSE
"SEN","Senegal","Africa","Lower middle income",2000,13.55869,1.37177,9884050,FALSE
"SEN","Senegal","Africa","Lower middle income",2001,14.38446,1.41936,10134500,FALSE
"SEN","Senegal","Africa","Lower middle income",2002,14.45501,1.39032,10396900,FALSE
"SEN","Senegal","Africa","Lower middle income",2003,14.42689,1.35197,10671000,FALSE
"SEN","Senegal","Africa","Lower middle income",2004,15.24421,1.39142,10955900,FALSE
"SEN","Senegal","Africa","Lower middle income",2005,16.07205,1.42846,11251300,FALSE
"SEN","Senegal","Africa","Lower middle income",2006,16.3028,1.41067,11556800,FALSE
"SEN","Senegal","Africa","Lower middle income",2007,17.25694,1.45339,11873600,FALSE
"SEN","Senegal","Africa","Lower middle income",2008,18.00431,1.47528,12204000,FALSE
"SEN","Senegal","Africa","Lower middle income",2009,18.76468,1.49509,12550900,FALSE
"SEN","Senegal","Africa","Lower middle income",2010,19.50087,1.5098,12916200,FALSE
"SEN","Senegal","Africa","Lower middle income",2011,20.22682,1.52071,13300900,FALSE
"SEN","Senegal","Africa","Lower middle income",2012,20.56975,1.50106,13703500,FALSE
"SEN","Senegal","Africa","Lower middle income",2013,21.06308,1.49169,14120300,FALSE
"SEN","Senegal","Africa","Lower middle income",2014,21.81696,1.49985,14546100,FALSE
"SEN","Senegal","Africa","Lower middle income",2015,23.42509,1.56407,14977000,FALSE
"SEN","Senegal","Africa","Lower middle income",2016,24.95879,1.61948,15411600,FALSE
"SEN","Senegal","Africa","Lower middle income",2017,24.9618,1.57482,15850600,FALSE
"SEN","Senegal","Africa","Lower middle income",2018,25.915,1.59044,16294270,FALSE
"SEN","Senegal","Africa","Lower middle income",2019,26.46573,1.58062,16743859,FALSE
"SEN","Senegal","Africa","Lower middle income",2020,27.16184,1.57916,17200154,FALSE
"SEN","Senegal","Africa","Lower middle income",2021,29.5487,1.67292,17663000,FALSE
"SEN","Senegal","Africa","Lower middle income",2022,31.50078,1.7373,18132000,FALSE
"SEN","Senegal","Africa","Lower middle income",2023,31.07539,1.67009,18607000,FALSE
"SEN","Senegal","Africa","Lower middle income",2024,31.72061,1.66172,19089000,FALSE
"SGP","Singapore","Asia","High income",1970,8.86282,4.27682,2072290,FALSE
"SGP","Singapore","Asia","High income",1971,8.912,4.22175,2110970,FALSE
"SGP","Singapore","Asia","High income",1972,10.32742,4.80229,2150520,FALSE
"SGP","Singapore","Asia","High income",1973,11.27834,5.15077,2189640,FALSE
"SGP","Singapore","Asia","High income",1974,11.72469,5.26621,2226400,FALSE
"SGP","Singapore","Asia","High income",1975,11.71701,5.18509,2259750,FALSE
"SGP","Singapore","Asia","High income",1976,12.59954,5.50465,2288890,FALSE
"SGP","Singapore","Asia","High income",1977,13.81502,5.96758,2315010,FALSE
"SGP","Singapore","Asia","High income",1978,15.38006,6.56866,2341430,FALSE
"SGP","Singapore","Asia","High income",1979,16.41166,6.91714,2372610,FALSE
"SGP","Singapore","Asia","High income",1980,16.50773,6.84485,2411700,FALSE
"SGP","Singapore","Asia","High income",1981,17.67632,7.18436,2460390,FALSE
"SGP","Singapore","Asia","High income",1982,18.33824,7.28407,2517580,FALSE
"SGP","Singapore","Asia","High income",1983,19.67249,7.62423,2580260,FALSE
"SGP","Singapore","Asia","High income",1984,19.83425,7.50175,2643950,FALSE
"SGP","Singapore","Asia","High income",1985,20.63727,7.62781,2705530,FALSE
"SGP","Singapore","Asia","High income",1986,21.0385,7.61274,2763590,FALSE
"SGP","Singapore","Asia","High income",1987,21.45344,7.60868,2819600,FALSE
"SGP","Singapore","Asia","High income",1988,23.89435,8.30562,2876890,FALSE
"SGP","Singapore","Asia","High income",1989,25.26913,8.59418,2940260,FALSE
"SGP","Singapore","Asia","High income",1990,33.75489,11.20327,3012950,FALSE
"SGP","Singapore","Asia","High income",1991,35.80435,11.56259,3096570,FALSE
"SGP","Singapore","Asia","High income",1992,36.61342,11.47961,3189430,FALSE
"SGP","Singapore","Asia","High income",1993,42.45197,12.91279,3287590,FALSE
"SGP","Singapore","Asia","High income",1994,45.39735,13.40994,3385350,FALSE
"SGP","Singapore","Asia","High income",1995,46.82573,13.46039,3478780,FALSE
"SGP","Singapore","Asia","High income",1996,48.79024,13.68157,3566130,FALSE
"SGP","Singapore","Asia","High income",1997,50.33829,13.79456,3649140,FALSE
"SGP","Singapore","Asia","High income",1998,54.77189,14.67849,3731440,FALSE
"SGP","Singapore","Asia","High income",1999,52.73052,13.80937,3818460,FALSE
"SGP","Singapore","Asia","High income",2000,57.24335,14.62543,3913960,FALSE
"SGP","Singapore","Asia","High income",2001,58.76698,14.62309,4018780,FALSE
"SGP","Singapore","Asia","High income",2002,51.40391,12.44282,4131210,FALSE
"SGP","Singapore","Asia","High income",2003,49.80884,11.72166,4249300,FALSE
"SGP","Singapore","Asia","High income",2004,52.47054,12.00688,4370040,FALSE
"SGP","Singapore","Asia","High income",2005,50.32912,11.20656,4491040,FALSE
"SGP","Singapore","Asia","High income",2006,50.59858,10.97131,4611900,FALSE
"SGP","Singapore","Asia","High income",2007,51.16743,10.81185,4732530,FALSE
"SGP","Singapore","Asia","High income",2008,50.44786,10.39924,4851110,FALSE
"SGP","Singapore","Asia","High income",2009,51.44737,10.36092,4965520,FALSE
"SGP","Singapore","Asia","High income",2010,58.05094,11.4403,5074250,FALSE
"SGP","Singapore","Asia","High income",2011,60.44708,11.67829,5176020,FALSE
"SGP","Singapore","Asia","High income",2012,58.58766,11.11518,5270960,FALSE
"SGP","Singapore","Asia","High income",2013,62.01334,11.56784,5360840,FALSE
"SGP","Singapore","Asia","High income",2014,63.91135,11.73043,5448340,FALSE
"SGP","Singapore","Asia","High income",2015,65.74666,11.87779,5535260,FALSE
"SGP","Singapore","Asia","High income",2016,63.87831,11.3613,5622450,FALSE
"SGP","Singapore","Asia","High income",2017,69.1026,12.10449,5708840,FALSE
"SGP","Singapore","Asia","High income",2018,67.08636,11.58279,5791901,FALSE
"SGP","Singapore","Asia","High income",2019,69.58753,11.8586,5868104,FALSE
"SGP","Singapore","Asia","High income",2020,68.06753,11.46873,5935053,FALSE
"SGP","Singapore","Asia","High income",2021,70.64525,11.78993,5992000,FALSE
"SGP","Singapore","Asia","High income",2022,71.90797,11.90529,6040000,FALSE
"SGP","Singapore","Asia","High income",2023,72.39294,11.90478,6081000,FALSE
"SGP","Singapore","Asia","High income",2024,76.09276,12.43549,6119000,FALSE
"SHN","Saint Helena, Ascension and Tristan da Cunha","Africa",NA,1970,0.00571,1.16939,4884,FALSE
"SHN","Saint Helena, Ascension and Tristan da Cunha","Africa",NA,1971,0.00583,1.17642,4952,FALSE
"SHN","Saint Helena, Ascension and Tristan da Cunha","Africa",NA,1972,0.0054,1.07519,5018,FALSE
"SHN","Saint Helena, Ascension and Tristan da Cunha","Africa",NA,1973,0.00538,1.05966,5077,FALSE
"SHN","Saint Helena, Ascension and Tristan da Cunha","Africa",NA,1974,0.00565,1.0999,5133,FALSE
"SHN","Saint Helena, Ascension and Tristan da Cunha","Africa",NA,1975,0.00549,1.05995,5175,FALSE
"SHN","Saint Helena, Ascension and Tristan da Cunha","Africa",NA,1976,0.00514,0.98598,5214,FALSE
"SHN","Saint Helena, Ascension and Tristan da Cunha","Africa",NA,1977,0.00677,1.29092,5241,FALSE
"SHN","Saint Helena, Ascension and Tristan da Cunha","Africa",NA,1978,0.00652,1.23955,5262,FALSE
"SHN","Saint Helena, Ascension and Tristan da Cunha","Africa",NA,1979,0.00687,1.2995,5288,FALSE
"SHN","Saint Helena, Ascension and Tristan da Cunha","Africa",NA,1980,0.00712,1.33615,5327,FALSE
"SHN","Saint Helena, Ascension and Tristan da Cunha","Africa",NA,1981,0.00586,1.09051,5378,FALSE
"SHN","Saint Helena, Ascension and Tristan da Cunha","Africa",NA,1982,0.00579,1.06579,5435,FALSE
"SHN","Saint Helena, Ascension and Tristan da Cunha","Africa",NA,1983,0.00691,1.25652,5500,FALSE
"SHN","Saint Helena, Ascension and Tristan da Cunha","Africa",NA,1984,0.00609,1.09686,5548,FALSE
"SHN","Saint Helena, Ascension and Tristan da Cunha","Africa",NA,1985,0.00639,1.14448,5583,FALSE
"SHN","Saint Helena, Ascension and Tristan da Cunha","Africa",NA,1986,0.00671,1.19879,5599,FALSE
"SHN","Saint Helena, Ascension and Tristan da Cunha","Africa",NA,1987,0.00819,1.46136,5601,FALSE
"SHN","Saint Helena, Ascension and Tristan da Cunha","Africa",NA,1988,0.00887,1.58609,5593,FALSE
"SHN","Saint Helena, Ascension and Tristan da Cunha","Africa",NA,1989,0.00898,1.61406,5564,FALSE
"SHN","Saint Helena, Ascension and Tristan da Cunha","Africa",NA,1990,0.01331,2.4042,5535,FALSE
"SHN","Saint Helena, Ascension and Tristan da Cunha","Africa",NA,1991,0.00879,1.60228,5489,FALSE
"SHN","Saint Helena, Ascension and Tristan da Cunha","Africa",NA,1992,0.0085,1.56226,5439,FALSE
"SHN","Saint Helena, Ascension and Tristan da Cunha","Africa",NA,1993,0.00982,1.82756,5376,FALSE
"SHN","Saint Helena, Ascension and Tristan da Cunha","Africa",NA,1994,0.00833,1.56465,5326,FALSE
"SHN","Saint Helena, Ascension and Tristan da Cunha","Africa",NA,1995,0.00871,1.64759,5289,FALSE
"SHN","Saint Helena, Ascension and Tristan da Cunha","Africa",NA,1996,0.00632,1.2006,5264,FALSE
"SHN","Saint Helena, Ascension and Tristan da Cunha","Africa",NA,1997,0.00652,1.24131,5251,FALSE
"SHN","Saint Helena, Ascension and Tristan da Cunha","Africa",NA,1998,0.00657,1.25394,5241,FALSE
"SHN","Saint Helena, Ascension and Tristan da Cunha","Africa",NA,1999,0.00682,1.31177,5201,FALSE
"SHN","Saint Helena, Ascension and Tristan da Cunha","Africa",NA,2000,0.01425,2.78686,5114,FALSE
"SHN","Saint Helena, Ascension and Tristan da Cunha","Africa",NA,2001,0.01041,2.09282,4972,FALSE
"SHN","Saint Helena, Ascension and Tristan da Cunha","Africa",NA,2002,0.01045,2.18069,4792,FALSE
"SHN","Saint Helena, Ascension and Tristan da Cunha","Africa",NA,2003,0.01094,2.38612,4586,FALSE
"SHN","Saint Helena, Ascension and Tristan da Cunha","Africa",NA,2004,0.0123,2.78997,4408,FALSE
"SHN","Saint Helena, Ascension and Tristan da Cunha","Africa",NA,2005,0.01293,3.02388,4275,FALSE
"SHN","Saint Helena, Ascension and Tristan da Cunha","Africa",NA,2006,0.01167,2.77719,4201,FALSE
"SHN","Saint Helena, Ascension and Tristan da Cunha","Africa",NA,2007,0.01309,3.14219,4165,FALSE
"SHN","Saint Helena, Ascension and Tristan da Cunha","Africa",NA,2008,0.01362,3.26894,4166,FALSE
"SHN","Saint Helena, Ascension and Tristan da Cunha","Africa",NA,2009,0.01381,3.3059,4176,FALSE
"SHN","Saint Helena, Ascension and Tristan da Cunha","Africa",NA,2010,0.01468,3.5149,4177,FALSE
"SHN","Saint Helena, Ascension and Tristan da Cunha","Africa",NA,2011,0.01523,3.66732,4152,FALSE
"SHN","Saint Helena, Ascension and Tristan da Cunha","Africa",NA,2012,0.01542,3.74647,4117,FALSE
"SHN","Saint Helena, Ascension and Tristan da Cunha","Africa",NA,2013,0.01826,4.47505,4081,FALSE
"SHN","Saint Helena, Ascension and Tristan da Cunha","Africa",NA,2014,0.01824,4.49946,4054,FALSE
"SHN","Saint Helena, Ascension and Tristan da Cunha","Africa",NA,2015,0.01833,4.54462,4034,FALSE
"SHN","Saint Helena, Ascension and Tristan da Cunha","Africa",NA,2016,0.01904,4.71971,4035,FALSE
"SHN","Saint Helena, Ascension and Tristan da Cunha","Africa",NA,2017,0.01978,4.88589,4049,FALSE
"SHN","Saint Helena, Ascension and Tristan da Cunha","Africa",NA,2018,0.02067,5.07478,4074,FALSE
"SHN","Saint Helena, Ascension and Tristan da Cunha","Africa",NA,2019,0.02042,4.98451,4096,FALSE
"SHN","Saint Helena, Ascension and Tristan da Cunha","Africa",NA,2020,0.01908,4.62494,4126,FALSE
"SHN","Saint Helena, Ascension and Tristan da Cunha","Africa",NA,2021,0.01941,4.85132,4000,FALSE
"SHN","Saint Helena, Ascension and Tristan da Cunha","Africa",NA,2022,0.02074,5.18387,4000,FALSE
"SHN","Saint Helena, Ascension and Tristan da Cunha","Africa",NA,2023,0.02077,5.193,4000,FALSE
"SHN","Saint Helena, Ascension and Tristan da Cunha","Africa",NA,2024,0.02101,5.25207,4000,FALSE
"SLB","Solomon Islands","Oceania","Lower middle income",1970,0.14713,0.9179,160290,FALSE
"SLB","Solomon Islands","Oceania","Lower middle income",1971,0.15583,0.93751,166212,FALSE
"SLB","Solomon Islands","Oceania","Lower middle income",1972,0.16323,0.94572,172598,FALSE
"SLB","Solomon Islands","Oceania","Lower middle income",1973,0.18292,1.0199,179349,FALSE
"SLB","Solomon Islands","Oceania","Lower middle income",1974,0.21301,1.1432,186332,FALSE
"SLB","Solomon Islands","Oceania","Lower middle income",1975,0.2008,1.03802,193445,FALSE
"SLB","Solomon Islands","Oceania","Lower middle income",1976,0.20959,1.04461,200640,FALSE
"SLB","Solomon Islands","Oceania","Lower middle income",1977,0.22282,1.07159,207937,FALSE
"SLB","Solomon Islands","Oceania","Lower middle income",1978,0.2292,1.06431,215347,FALSE
"SLB","Solomon Islands","Oceania","Lower middle income",1979,0.23585,1.05813,222897,FALSE
"SLB","Solomon Islands","Oceania","Lower middle income",1980,0.25279,1.0962,230607,FALSE
"SLB","Solomon Islands","Oceania","Lower middle income",1981,0.29945,1.25567,238479,FALSE
"SLB","Solomon Islands","Oceania","Lower middle income",1982,0.28103,1.14012,246493,FALSE
"SLB","Solomon Islands","Oceania","Lower middle income",1983,0.29155,1.14515,254596,FALSE
"SLB","Solomon Islands","Oceania","Lower middle income",1984,0.27619,1.0513,262709,FALSE
"SLB","Solomon Islands","Oceania","Lower middle income",1985,0.27626,1.02015,270801,FALSE
"SLB","Solomon Islands","Oceania","Lower middle income",1986,0.24738,0.88717,278838,FALSE
"SLB","Solomon Islands","Oceania","Lower middle income",1987,0.2566,0.89451,286863,FALSE
"SLB","Solomon Islands","Oceania","Lower middle income",1988,0.2866,0.97165,294964,FALSE
"SLB","Solomon Islands","Oceania","Lower middle income",1989,0.28254,0.9317,303253,FALSE
"SLB","Solomon Islands","Oceania","Lower middle income",1990,0.30158,0.96711,311840,FALSE
"SLB","Solomon Islands","Oceania","Lower middle income",1991,0.30963,0.96533,320753,FALSE
"SLB","Solomon Islands","Oceania","Lower middle income",1992,0.32892,0.99688,329953,FALSE
"SLB","Solomon Islands","Oceania","Lower middle income",1993,0.33341,0.98219,339456,FALSE
"SLB","Solomon Islands","Oceania","Lower middle income",1994,0.33969,0.97271,349225,FALSE
"SLB","Solomon Islands","Oceania","Lower middle income",1995,0.32663,0.90926,359225,FALSE
"SLB","Solomon Islands","Oceania","Lower middle income",1996,0.33118,0.89638,369469,FALSE
"SLB","Solomon Islands","Oceania","Lower middle income",1997,0.3388,0.89171,379947,FALSE
"SLB","Solomon Islands","Oceania","Lower middle income",1998,0.34637,0.88666,390643,FALSE
"SLB","Solomon Islands","Oceania","Lower middle income",1999,0.35092,0.87395,401538,FALSE
"SLB","Solomon Islands","Oceania","Lower middle income",2000,0.40611,0.98424,412609,FALSE
"SLB","Solomon Islands","Oceania","Lower middle income",2001,0.42888,1.01186,423853,FALSE
"SLB","Solomon Islands","Oceania","Lower middle income",2002,0.44485,1.02203,435262,FALSE
"SLB","Solomon Islands","Oceania","Lower middle income",2003,0.45933,1.02811,446769,FALSE
"SLB","Solomon Islands","Oceania","Lower middle income",2004,0.47394,1.03408,458324,FALSE
"SLB","Solomon Islands","Oceania","Lower middle income",2005,0.49098,1.04489,469885,FALSE
"SLB","Solomon Islands","Oceania","Lower middle income",2006,0.49618,1.03065,481422,FALSE
"SLB","Solomon Islands","Oceania","Lower middle income",2007,0.52438,1.06378,492940,FALSE
"SLB","Solomon Islands","Oceania","Lower middle income",2008,0.5337,1.05793,504477,FALSE
"SLB","Solomon Islands","Oceania","Lower middle income",2009,0.53715,1.04083,516079,FALSE
"SLB","Solomon Islands","Oceania","Lower middle income",2010,0.57262,1.08493,527790,FALSE
"SLB","Solomon Islands","Oceania","Lower middle income",2011,0.59133,1.09583,539614,FALSE
"SLB","Solomon Islands","Oceania","Lower middle income",2012,0.59678,1.08203,551531,FALSE
"SLB","Solomon Islands","Oceania","Lower middle income",2013,0.62527,1.1096,563513,FALSE
"SLB","Solomon Islands","Oceania","Lower middle income",2014,0.61175,1.06298,575504,FALSE
"SLB","Solomon Islands","Oceania","Lower middle income",2015,0.57526,0.9792,587482,FALSE
"SLB","Solomon Islands","Oceania","Lower middle income",2016,0.57001,0.95093,599419,FALSE
"SLB","Solomon Islands","Oceania","Lower middle income",2017,0.54281,0.88789,611343,FALSE
"SLB","Solomon Islands","Oceania","Lower middle income",2018,0.58114,0.93239,623281,FALSE
"SLB","Solomon Islands","Oceania","Lower middle income",2019,0.5841,0.91947,635254,FALSE
"SLB","Solomon Islands","Oceania","Lower middle income",2020,0.58132,0.89807,647297,FALSE
"SLB","Solomon Islands","Oceania","Lower middle income",2021,0.61555,0.93266,660000,FALSE
"SLB","Solomon Islands","Oceania","Lower middle income",2022,0.59213,0.88115,672000,FALSE
"SLB","Solomon Islands","Oceania","Lower middle income",2023,0.59895,0.87565,684000,FALSE
"SLB","Solomon Islands","Oceania","Lower middle income",2024,0.61975,0.89045,696000,FALSE
"SLE","Sierra Leone","Africa","Low income",1970,2.11188,0.78443,2692260,FALSE
"SLE","Sierra Leone","Africa","Low income",1971,2.13733,0.77841,2745780,FALSE
"SLE","Sierra Leone","Africa","Low income",1972,2.16679,0.77302,2803030,FALSE
"SLE","Sierra Leone","Africa","Low income",1973,2.18844,0.76419,2863740,FALSE
"SLE","Sierra Leone","Africa","Low income",1974,2.25499,0.77029,2927470,FALSE
"SLE","Sierra Leone","Africa","Low income",1975,2.34041,0.78173,2993880,FALSE
"SLE","Sierra Leone","Africa","Low income",1976,2.41011,0.78686,3062960,FALSE
"SLE","Sierra Leone","Africa","Low income",1977,2.46247,0.78553,3134800,FALSE
"SLE","Sierra Leone","Africa","Low income",1978,2.52357,0.78634,3209260,FALSE
"SLE","Sierra Leone","Africa","Low income",1979,2.51628,0.76571,3286180,FALSE
"SLE","Sierra Leone","Africa","Low income",1980,2.538,0.75414,3365440,FALSE
"SLE","Sierra Leone","Africa","Low income",1981,2.51708,0.73059,3445280,FALSE
"SLE","Sierra Leone","Africa","Low income",1982,2.59934,0.73732,3525400,FALSE
"SLE","Sierra Leone","Africa","Low income",1983,2.5601,0.70942,3608750,FALSE
"SLE","Sierra Leone","Africa","Low income",1984,2.50649,0.67753,3699470,FALSE
"SLE","Sierra Leone","Africa","Low income",1985,2.54782,0.67056,3799550,FALSE
"SLE","Sierra Leone","Africa","Low income",1986,2.68814,0.68708,3912440,FALSE
"SLE","Sierra Leone","Africa","Low income",1987,2.98865,0.74074,4034670,FALSE
"SLE","Sierra Leone","Africa","Low income",1988,3.03152,0.72996,4152980,FALSE
"SLE","Sierra Leone","Africa","Low income",1989,2.96728,0.69827,4249470,FALSE
"SLE","Sierra Leone","Africa","Low income",1990,3.47344,0.80548,4312250,FALSE
"SLE","Sierra Leone","Africa","Low income",1991,3.6776,0.84791,4337240,FALSE
"SLE","Sierra Leone","Africa","Low income",1992,3.34291,0.7718,4331330,FALSE
"SLE","Sierra Leone","Africa","Low income",1993,3.35081,0.77794,4307300,FALSE
"SLE","Sierra Leone","Africa","Low income",1994,3.35944,0.78425,4283620,FALSE
"SLE","Sierra Leone","Africa","Low income",1995,3.44597,0.80611,4274820,FALSE
"SLE","Sierra Leone","Africa","Low income",1996,3.50926,0.81947,4282350,FALSE
"SLE","Sierra Leone","Africa","Low income",1997,3.57257,0.82978,4305450,FALSE
"SLE","Sierra Leone","Africa","Low income",1998,3.61312,0.82991,4353650,FALSE
"SLE","Sierra Leone","Africa","Low income",1999,3.69566,0.83277,4437800,FALSE
"SLE","Sierra Leone","Africa","Low income",2000,3.39076,0.74289,4564300,FALSE
"SLE","Sierra Leone","Africa","Low income",2001,3.45265,0.72854,4739150,FALSE
"SLE","Sierra Leone","Africa","Low income",2002,3.61999,0.73025,4957220,FALSE
"SLE","Sierra Leone","Africa","Low income",2003,3.80521,0.73183,5199550,FALSE
"SLE","Sierra Leone","Africa","Low income",2004,3.99318,0.73408,5439690,FALSE
"SLE","Sierra Leone","Africa","Low income",2005,4.46142,0.78846,5658380,FALSE
"SLE","Sierra Leone","Africa","Low income",2006,5.09897,0.87181,5848690,FALSE
"SLE","Sierra Leone","Africa","Low income",2007,4.62136,0.76825,6015420,FALSE
"SLE","Sierra Leone","Africa","Low income",2008,4.80989,0.78015,6165370,FALSE
"SLE","Sierra Leone","Africa","Low income",2009,5.1794,0.82079,6310260,FALSE
"SLE","Sierra Leone","Africa","Low income",2010,5.45717,0.84493,6458720,FALSE
"SLE","Sierra Leone","Africa","Low income",2011,5.86102,0.88646,6611690,FALSE
"SLE","Sierra Leone","Africa","Low income",2012,6.19741,0.91595,6766100,FALSE
"SLE","Sierra Leone","Africa","Low income",2013,6.50299,0.93946,6922080,FALSE
"SLE","Sierra Leone","Africa","Low income",2014,6.71119,0.94802,7079160,FALSE
"SLE","Sierra Leone","Africa","Low income",2015,6.24286,0.86263,7237020,FALSE
"SLE","Sierra Leone","Africa","Low income",2016,6.31947,0.85442,7396190,FALSE
"SLE","Sierra Leone","Africa","Low income",2017,6.34318,0.83935,7557210,FALSE
"SLE","Sierra Leone","Africa","Low income",2018,6.55194,0.84873,7719729,FALSE
"SLE","Sierra Leone","Africa","Low income",2019,6.70206,0.85018,7883123,FALSE
"SLE","Sierra Leone","Africa","Low income",2020,6.87418,0.85426,8046931,FALSE
"SLE","Sierra Leone","Africa","Low income",2021,7.83332,0.954,8211000,FALSE
"SLE","Sierra Leone","Africa","Low income",2022,7.3355,0.87578,8376000,FALSE
"SLE","Sierra Leone","Africa","Low income",2023,7.79454,0.9126,8541000,FALSE
"SLE","Sierra Leone","Africa","Low income",2024,7.92848,0.91059,8707000,FALSE
"SLV","El Salvador","America","Upper middle income",1970,5.37527,1.46521,3668590,FALSE
"SLV","El Salvador","America","Upper middle income",1971,5.24558,1.39319,3765170,FALSE
"SLV","El Salvador","America","Upper middle income",1972,5.62113,1.45552,3861930,FALSE
"SLV","El Salvador","America","Upper middle income",1973,5.62347,1.42067,3958320,FALSE
"SLV","El Salvador","America","Upper middle income",1974,5.75703,1.42019,4053710,FALSE
"SLV","El Salvador","America","Upper middle income",1975,6.09005,1.46836,4147520,FALSE
"SLV","El Salvador","America","Upper middle income",1976,6.38941,1.50705,4239680,FALSE
"SLV","El Salvador","America","Upper middle income",1977,6.81555,1.57404,4329960,FALSE
"SLV","El Salvador","America","Upper middle income",1978,7.19861,1.62956,4417520,FALSE
"SLV","El Salvador","America","Upper middle income",1979,6.9745,1.54943,4501320,FALSE
"SLV","El Salvador","America","Upper middle income",1980,6.2255,1.35907,4580700,FALSE
"SLV","El Salvador","America","Upper middle income",1981,6.12295,1.31525,4655360,FALSE
"SLV","El Salvador","America","Upper middle income",1982,5.6362,1.19266,4725720,FALSE
"SLV","El Salvador","America","Upper middle income",1983,5.76163,1.20212,4792900,FALSE
"SLV","El Salvador","America","Upper middle income",1984,5.67278,1.16759,4858530,FALSE
"SLV","El Salvador","America","Upper middle income",1985,6.1115,1.2412,4923860,FALSE
"SLV","El Salvador","America","Upper middle income",1986,6.07475,1.21764,4988940,FALSE
"SLV","El Salvador","America","Upper middle income",1987,6.68618,1.32302,5053710,FALSE
"SLV","El Salvador","America","Upper middle income",1988,6.75295,1.31918,5119030,FALSE
"SLV","El Salvador","America","Upper middle income",1989,6.7831,1.30798,5185940,FALSE
"SLV","El Salvador","America","Upper middle income",1990,7.0834,1.34794,5254980,FALSE
"SLV","El Salvador","America","Upper middle income",1991,7.95055,1.4926,5326660,FALSE
"SLV","El Salvador","America","Upper middle income",1992,8.48697,1.57156,5400330,FALSE
"SLV","El Salvador","America","Upper middle income",1993,8.73666,1.59603,5474000,FALSE
"SLV","El Salvador","America","Upper middle income",1994,9.47603,1.70895,5544940,FALSE
"SLV","El Salvador","America","Upper middle income",1995,9.66078,1.72172,5611110,FALSE
"SLV","El Salvador","America","Upper middle income",1996,9.60536,1.69349,5671930,FALSE
"SLV","El Salvador","America","Upper middle income",1997,10.74043,1.87515,5727760,FALSE
"SLV","El Salvador","America","Upper middle income",1998,10.65966,1.84464,5778710,FALSE
"SLV","El Salvador","America","Upper middle income",1999,10.77134,1.8491,5825190,FALSE
"SLV","El Salvador","America","Upper middle income",2000,10.26987,1.75026,5867630,FALSE
"SLV","El Salvador","America","Upper middle income",2001,10.84249,1.83585,5905960,FALSE
"SLV","El Salvador","America","Upper middle income",2002,11.0045,1.85252,5940300,FALSE
"SLV","El Salvador","America","Upper middle income",2003,11.46521,1.91998,5971530,FALSE
"SLV","El Salvador","America","Upper middle income",2004,11.87501,1.97891,6000770,FALSE
"SLV","El Salvador","America","Upper middle income",2005,12.14788,2.01492,6028960,FALSE
"SLV","El Salvador","America","Upper middle income",2006,12.63864,2.0868,6056480,FALSE
"SLV","El Salvador","America","Upper middle income",2007,12.89025,2.11889,6083480,FALSE
"SLV","El Salvador","America","Upper middle income",2008,12.37862,2.02586,6110300,FALSE
"SLV","El Salvador","America","Upper middle income",2009,12.10126,1.97176,6137280,FALSE
"SLV","El Salvador","America","Upper middle income",2010,11.75821,1.90737,6164630,FALSE
"SLV","El Salvador","America","Upper middle income",2011,11.67631,1.88554,6192560,FALSE
"SLV","El Salvador","America","Upper middle income",2012,11.94084,1.91936,6221250,FALSE
"SLV","El Salvador","America","Upper middle income",2013,11.12905,1.78043,6250780,FALSE
"SLV","El Salvador","America","Upper middle income",2014,11.61502,1.84918,6281190,FALSE
"SLV","El Salvador","America","Upper middle income",2015,12.11137,1.91864,6312480,FALSE
"SLV","El Salvador","America","Upper middle income",2016,12.06959,1.9023,6344720,FALSE
"SLV","El Salvador","America","Upper middle income",2017,11.42145,1.7908,6377850,FALSE
"SLV","El Salvador","America","Upper middle income",2018,11.73976,1.83103,6411558,FALSE
"SLV","El Salvador","America","Upper middle income",2019,12.76689,1.98077,6445405,FALSE
"SLV","El Salvador","America","Upper middle income",2020,11.64611,1.7975,6479066,FALSE
"SLV","El Salvador","America","Upper middle income",2021,12.59688,1.93411,6513000,FALSE
"SLV","El Salvador","America","Upper middle income",2022,13.60266,2.07801,6546000,FALSE
"SLV","El Salvador","America","Upper middle income",2023,14.38013,2.18609,6578000,FALSE
"SLV","El Salvador","America","Upper middle income",2024,14.75163,2.23171,6610000,FALSE
"SOM","Somalia","Africa","Low income",1970,18.58077,5.39425,3444550,FALSE
"SOM","Somalia","Africa","Low income",1971,18.44642,5.31548,3470320,FALSE
"SOM","Somalia","Africa","Low income",1972,18.80016,5.41009,3475020,FALSE
"SOM","Somalia","Africa","Low income",1973,18.63586,5.3154,3506010,FALSE
"SOM","Somalia","Africa","Low income",1974,18.37354,5.06507,3627500,FALSE
"SOM","Somalia","Africa","Low income",1975,19.77804,5.09701,3880320,FALSE
"SOM","Somalia","Africa","Low income",1976,19.75264,4.60491,4289470,FALSE
"SOM","Somalia","Africa","Low income",1977,21.07343,4.36542,4827360,FALSE
"SOM","Somalia","Africa","Low income",1978,22.65514,4.18166,5417740,FALSE
"SOM","Somalia","Africa","Low income",1979,22.6969,3.81229,5953610,FALSE
"SOM","Somalia","Africa","Low income",1980,22.62246,3.55748,6359130,FALSE
"SOM","Somalia","Africa","Low income",1981,23.55405,3.56616,6604870,FALSE
"SOM","Somalia","Africa","Low income",1982,24.20859,3.60437,6716450,FALSE
"SOM","Somalia","Africa","Low income",1983,23.57655,3.49789,6740220,FALSE
"SOM","Somalia","Africa","Low income",1984,23.98376,3.55424,6747930,FALSE
"SOM","Somalia","Africa","Low income",1985,24.75844,3.64539,6791720,FALSE
"SOM","Somalia","Africa","Low income",1986,25.10897,3.64565,6887370,FALSE
"SOM","Somalia","Africa","Low income",1987,26.04098,3.71054,7018110,FALSE
"SOM","Somalia","Africa","Low income",1988,27.05988,3.77652,7165300,FALSE
"SOM","Somalia","Africa","Low income",1989,26.89059,3.68444,7298420,FALSE
"SOM","Somalia","Africa","Low income",1990,25.66639,3.46967,7397350,FALSE
"SOM","Somalia","Africa","Low income",1991,22.86347,3.06648,7455940,FALSE
"SOM","Somalia","Africa","Low income",1992,20.98646,2.80248,7488540,FALSE
"SOM","Somalia","Africa","Low income",1993,22.9439,3.05113,7519810,FALSE
"SOM","Somalia","Africa","Low income",1994,24.76163,3.265,7583950,FALSE
"SOM","Somalia","Africa","Low income",1995,25.53185,3.31372,7704890,FALSE
"SOM","Somalia","Africa","Low income",1996,26.19214,3.31866,7892390,FALSE
"SOM","Somalia","Africa","Low income",1997,26.7803,3.29098,8137480,FALSE
"SOM","Somalia","Africa","Low income",1998,26.89703,3.19352,8422370,FALSE
"SOM","Somalia","Africa","Low income",1999,27.57636,3.16234,8720230,FALSE
"SOM","Somalia","Africa","Low income",2000,28.30117,3.14057,9011480,FALSE
"SOM","Somalia","Africa","Low income",2001,28.8167,3.10163,9290820,FALSE
"SOM","Somalia","Africa","Low income",2002,29.38388,3.07229,9564170,FALSE
"SOM","Somalia","Africa","Low income",2003,29.92093,3.04186,9836400,FALSE
"SOM","Somalia","Africa","Low income",2004,30.43175,3.00822,10116200,FALSE
"SOM","Somalia","Africa","Low income",2005,31.17303,2.99456,10409900,FALSE
"SOM","Somalia","Africa","Low income",2006,30.30378,2.82729,10718300,FALSE
"SOM","Somalia","Africa","Low income",2007,29.07009,2.63349,11038600,FALSE
"SOM","Somalia","Africa","Low income",2008,29.52829,2.5972,11369300,FALSE
"SOM","Somalia","Africa","Low income",2009,29.89652,2.55351,11708000,FALSE
"SOM","Somalia","Africa","Low income",2010,30.25116,2.5098,12053200,FALSE
"SOM","Somalia","Africa","Low income",2011,30.64353,2.47032,12404700,FALSE
"SOM","Somalia","Africa","Low income",2012,30.92483,2.42285,12763800,FALSE
"SOM","Somalia","Africa","Low income",2013,31.07971,2.36666,13132300,FALSE
"SOM","Somalia","Africa","Low income",2014,31.32404,2.31805,13513100,FALSE
"SOM","Somalia","Africa","Low income",2015,31.44762,2.2611,13908100,FALSE
"SOM","Somalia","Africa","Low income",2016,31.81126,2.22177,14318000,FALSE
"SOM","Somalia","Africa","Low income",2017,32.03841,2.1732,14742500,FALSE
"SOM","Somalia","Africa","Low income",2018,32.58,2.14597,15181925,FALSE
"SOM","Somalia","Africa","Low income",2019,33.10877,2.11745,15636171,FALSE
"SOM","Somalia","Africa","Low income",2020,33.50835,2.0806,16105174,FALSE
"SOM","Somalia","Africa","Low income",2021,33.38415,2.01243,16589000,FALSE
"SOM","Somalia","Africa","Low income",2022,33.6447,1.96891,17088000,FALSE
"SOM","Somalia","Africa","Low income",2023,34.24472,1.9455,17602000,FALSE
"SOM","Somalia","Africa","Low income",2024,34.41687,1.89865,18127000,FALSE
"SPM","Saint Pierre and Miquelon","America",NA,1970,0.04145,7.59283,5459,FALSE
"SPM","Saint Pierre and Miquelon","America",NA,1971,0.04147,7.47214,5550,FALSE
"SPM","Saint Pierre and Miquelon","America",NA,1972,0.04957,8.78546,5642,FALSE
"SPM","Saint Pierre and Miquelon","America",NA,1973,0.05003,8.71583,5740,FALSE
"SPM","Saint Pierre and Miquelon","America",NA,1974,0.04513,7.76377,5813,FALSE
"SPM","Saint Pierre and Miquelon","America",NA,1975,0.05373,9.13246,5883,FALSE
"SPM","Saint Pierre and Miquelon","America",NA,1976,0.04916,8.29638,5925,FALSE
"SPM","Saint Pierre and Miquelon","America",NA,1977,0.0538,9.03121,5957,FALSE
"SPM","Saint Pierre and Miquelon","America",NA,1978,0.0538,9.01181,5970,FALSE
"SPM","Saint Pierre and Miquelon","America",NA,1979,0.05325,8.89368,5987,FALSE
"SPM","Saint Pierre and Miquelon","America",NA,1980,0.05274,8.78925,6001,FALSE
"SPM","Saint Pierre and Miquelon","America",NA,1981,0.05181,8.60647,6020,FALSE
"SPM","Saint Pierre and Miquelon","America",NA,1982,0.04492,7.43375,6043,FALSE
"SPM","Saint Pierre and Miquelon","America",NA,1983,0.04842,7.99994,6052,FALSE
"SPM","Saint Pierre and Miquelon","America",NA,1984,0.05334,8.77831,6076,FALSE
"SPM","Saint Pierre and Miquelon","America",NA,1985,0.04906,8.03049,6109,FALSE
"SPM","Saint Pierre and Miquelon","America",NA,1986,0.06119,9.96595,6140,FALSE
"SPM","Saint Pierre and Miquelon","America",NA,1987,0.08057,13.03743,6180,FALSE
"SPM","Saint Pierre and Miquelon","America",NA,1988,0.08667,13.9519,6212,FALSE
"SPM","Saint Pierre and Miquelon","America",NA,1989,0.10622,16.99326,6251,FALSE
"SPM","Saint Pierre and Miquelon","America",NA,1990,0.0984,15.67885,6276,FALSE
"SPM","Saint Pierre and Miquelon","America",NA,1991,0.09303,14.78069,6294,FALSE
"SPM","Saint Pierre and Miquelon","America",NA,1992,0.08721,13.82994,6306,FALSE
"SPM","Saint Pierre and Miquelon","America",NA,1993,0.051,8.08942,6304,FALSE
"SPM","Saint Pierre and Miquelon","America",NA,1994,0.05281,8.37274,6307,FALSE
"SPM","Saint Pierre and Miquelon","America",NA,1995,0.03491,5.53809,6304,FALSE
"SPM","Saint Pierre and Miquelon","America",NA,1996,0.03467,5.50666,6296,FALSE
"SPM","Saint Pierre and Miquelon","America",NA,1997,0.02288,3.63771,6291,FALSE
"SPM","Saint Pierre and Miquelon","America",NA,1998,0.02921,4.64778,6285,FALSE
"SPM","Saint Pierre and Miquelon","America",NA,1999,0.0295,4.69679,6281,FALSE
"SPM","Saint Pierre and Miquelon","America",NA,2000,0.02348,3.74335,6272,FALSE
"SPM","Saint Pierre and Miquelon","America",NA,2001,0.0232,3.70141,6268,FALSE
"SPM","Saint Pierre and Miquelon","America",NA,2002,0.02582,4.12287,6262,FALSE
"SPM","Saint Pierre and Miquelon","America",NA,2003,0.02932,4.68764,6255,FALSE
"SPM","Saint Pierre and Miquelon","America",NA,2004,0.02803,4.47833,6259,FALSE
"SPM","Saint Pierre and Miquelon","America",NA,2005,0.02933,4.68534,6261,FALSE
"SPM","Saint Pierre and Miquelon","America",NA,2006,0.03179,5.07806,6260,FALSE
"SPM","Saint Pierre and Miquelon","America",NA,2007,0.03398,5.42656,6261,FALSE
"SPM","Saint Pierre and Miquelon","America",NA,2008,0.03546,5.65636,6269,FALSE
"SPM","Saint Pierre and Miquelon","America",NA,2009,0.0385,6.13339,6277,FALSE
"SPM","Saint Pierre and Miquelon","America",NA,2010,0.04247,6.76902,6274,FALSE
"SPM","Saint Pierre and Miquelon","America",NA,2011,0.03395,5.41064,6274,FALSE
"SPM","Saint Pierre and Miquelon","America",NA,2012,0.03463,5.51783,6276,FALSE
"SPM","Saint Pierre and Miquelon","America",NA,2013,0.03963,6.31683,6273,FALSE
"SPM","Saint Pierre and Miquelon","America",NA,2014,0.04352,6.93306,6277,FALSE
"SPM","Saint Pierre and Miquelon","America",NA,2015,0.0443,7.04228,6290,FALSE
"SPM","Saint Pierre and Miquelon","America",NA,2016,0.04745,7.52561,6305,FALSE
"SPM","Saint Pierre and Miquelon","America",NA,2017,0.04381,6.93125,6320,FALSE
"SPM","Saint Pierre and Miquelon","America",NA,2018,0.03441,5.42589,6342,FALSE
"SPM","Saint Pierre and Miquelon","America",NA,2019,0.04135,6.48568,6375,FALSE
"SPM","Saint Pierre and Miquelon","America",NA,2020,0.03879,6.0541,6407,FALSE
"SPM","Saint Pierre and Miquelon","America",NA,2021,0.03517,5.0243,7000,FALSE
"SPM","Saint Pierre and Miquelon","America",NA,2022,0.03507,5.0098,7000,FALSE
"SPM","Saint Pierre and Miquelon","America",NA,2023,0.03511,5.01563,7000,FALSE
"SPM","Saint Pierre and Miquelon","America",NA,2024,0.03501,5.00111,7000,FALSE
"STP","São Tomé and Príncipe","Africa","Lower middle income",1970,0.03418,0.46037,74253,FALSE
"STP","São Tomé and Príncipe","Africa","Lower middle income",1971,0.03415,0.4494,75988,FALSE
"STP","São Tomé and Príncipe","Africa","Lower middle income",1972,0.0336,0.4333,77537,FALSE
"STP","São Tomé and Príncipe","Africa","Lower middle income",1973,0.03484,0.44094,79022,FALSE
"STP","São Tomé and Príncipe","Africa","Lower middle income",1974,0.03565,0.44193,80670,FALSE
"STP","São Tomé and Príncipe","Africa","Lower middle income",1975,0.03742,0.45297,82607,FALSE
"STP","São Tomé and Príncipe","Africa","Lower middle income",1976,0.03951,0.46546,84885,FALSE
"STP","São Tomé and Príncipe","Africa","Lower middle income",1977,0.03997,0.45712,87434,FALSE
"STP","São Tomé and Príncipe","Africa","Lower middle income",1978,0.04069,0.45166,90089,FALSE
"STP","São Tomé and Príncipe","Africa","Lower middle income",1979,0.04367,0.47133,92649,FALSE
"STP","São Tomé and Príncipe","Africa","Lower middle income",1980,0.04346,0.4577,94949,FALSE
"STP","São Tomé and Príncipe","Africa","Lower middle income",1981,0.04432,0.45717,96950,FALSE
"STP","São Tomé and Príncipe","Africa","Lower middle income",1982,0.04304,0.43605,98706,FALSE
"STP","São Tomé and Príncipe","Africa","Lower middle income",1983,0.04561,0.45466,100318,FALSE
"STP","São Tomé and Príncipe","Africa","Lower middle income",1984,0.04594,0.4508,101915,FALSE
"STP","São Tomé and Príncipe","Africa","Lower middle income",1985,0.04625,0.44629,103634,FALSE
"STP","São Tomé and Príncipe","Africa","Lower middle income",1986,0.04963,0.47053,105474,FALSE
"STP","São Tomé and Príncipe","Africa","Lower middle income",1987,0.05962,0.55506,107415,FALSE
"STP","São Tomé and Príncipe","Africa","Lower middle income",1988,0.05766,0.52668,109470,FALSE
"STP","São Tomé and Príncipe","Africa","Lower middle income",1989,0.05609,0.50244,111627,FALSE
"STP","São Tomé and Príncipe","Africa","Lower middle income",1990,0.08326,0.73104,113893,FALSE
"STP","São Tomé and Príncipe","Africa","Lower middle income",1991,0.09812,0.84372,116294,FALSE
"STP","São Tomé and Príncipe","Africa","Lower middle income",1992,0.09106,0.7664,118816,FALSE
"STP","São Tomé and Príncipe","Africa","Lower middle income",1993,0.09046,0.7451,121407,FALSE
"STP","São Tomé and Príncipe","Africa","Lower middle income",1994,0.10153,0.81899,123973,FALSE
"STP","São Tomé and Príncipe","Africa","Lower middle income",1995,0.10479,0.82866,126454,FALSE
"STP","São Tomé and Príncipe","Africa","Lower middle income",1996,0.10799,0.83827,128821,FALSE
"STP","São Tomé and Príncipe","Africa","Lower middle income",1997,0.10879,0.82975,131107,FALSE
"STP","São Tomé and Príncipe","Africa","Lower middle income",1998,0.11114,0.83305,133418,FALSE
"STP","São Tomé and Príncipe","Africa","Lower middle income",1999,0.11806,0.86885,135886,FALSE
"STP","São Tomé and Príncipe","Africa","Lower middle income",2000,0.1158,0.83546,138606,FALSE
"STP","São Tomé and Príncipe","Africa","Lower middle income",2001,0.1157,0.81698,141622,FALSE
"STP","São Tomé and Príncipe","Africa","Lower middle income",2002,0.12667,0.87423,144889,FALSE
"STP","São Tomé and Príncipe","Africa","Lower middle income",2003,0.13768,0.92791,148372,FALSE
"STP","São Tomé and Príncipe","Africa","Lower middle income",2004,0.14804,0.97417,151969,FALSE
"STP","São Tomé and Príncipe","Africa","Lower middle income",2005,0.15681,1.00756,155630,FALSE
"STP","São Tomé and Príncipe","Africa","Lower middle income",2006,0.16354,1.02641,159328,FALSE
"STP","São Tomé and Príncipe","Africa","Lower middle income",2007,0.1667,1.02206,163101,FALSE
"STP","São Tomé and Príncipe","Africa","Lower middle income",2008,0.17557,1.05185,166913,FALSE
"STP","São Tomé and Príncipe","Africa","Lower middle income",2009,0.18831,1.10245,170813,FALSE
"STP","São Tomé and Príncipe","Africa","Lower middle income",2010,0.19843,1.13534,174776,FALSE
"STP","São Tomé and Príncipe","Africa","Lower middle income",2011,0.20364,1.1389,178800,FALSE
"STP","São Tomé and Príncipe","Africa","Lower middle income",2012,0.21032,1.14997,182889,FALSE
"STP","São Tomé and Príncipe","Africa","Lower middle income",2013,0.2137,1.14252,187045,FALSE
"STP","São Tomé and Príncipe","Africa","Lower middle income",2014,0.21439,1.12089,191266,FALSE
"STP","São Tomé and Príncipe","Africa","Lower middle income",2015,0.22515,1.15133,195553,FALSE
"STP","São Tomé and Príncipe","Africa","Lower middle income",2016,0.23326,1.16683,199910,FALSE
"STP","São Tomé and Príncipe","Africa","Lower middle income",2017,0.2384,1.16674,204327,FALSE
"STP","São Tomé and Príncipe","Africa","Lower middle income",2018,0.24246,1.16112,208818,FALSE
"STP","São Tomé and Príncipe","Africa","Lower middle income",2019,0.25175,1.17984,213379,FALSE
"STP","São Tomé and Príncipe","Africa","Lower middle income",2020,0.2487,1.14077,218011,FALSE
"STP","São Tomé and Príncipe","Africa","Lower middle income",2021,0.25125,1.12669,223000,FALSE
"STP","São Tomé and Príncipe","Africa","Lower middle income",2022,0.23651,1.04188,227000,FALSE
"STP","São Tomé and Príncipe","Africa","Lower middle income",2023,0.24212,1.03913,233000,FALSE
"STP","São Tomé and Príncipe","Africa","Lower middle income",2024,0.24547,1.03137,238000,FALSE
"SUR","Suriname","America","Upper middle income",1970,1.75944,4.73895,371273,FALSE
"SUR","Suriname","America","Upper middle income",1971,1.76171,4.72787,372623,FALSE
"SUR","Suriname","America","Upper middle income",1972,1.72417,4.6433,371324,FALSE
"SUR","Suriname","America","Upper middle income",1973,1.94796,5.28843,368344,FALSE
"SUR","Suriname","America","Upper middle income",1974,1.87351,5.13151,365099,FALSE
"SUR","Suriname","America","Upper middle income",1975,1.76664,4.87142,362654,FALSE
"SUR","Suriname","America","Upper middle income",1976,1.83767,5.08538,361364,FALSE
"SUR","Suriname","America","Upper middle income",1977,1.99873,5.53599,361043,FALSE
"SUR","Suriname","America","Upper middle income",1978,2.14714,5.94023,361457,FALSE
"SUR","Suriname","America","Upper middle income",1979,2.15034,5.93811,362125,FALSE
"SUR","Suriname","America","Upper middle income",1980,2.21216,6.09784,362777,FALSE
"SUR","Suriname","America","Upper middle income",1981,2.01071,5.5342,363325,FALSE
"SUR","Suriname","America","Upper middle income",1982,2.0104,5.52259,364032,FALSE
"SUR","Suriname","America","Upper middle income",1983,1.80832,4.95023,365300,FALSE
"SUR","Suriname","America","Upper middle income",1984,1.67671,4.56049,367660,FALSE
"SUR","Suriname","America","Upper middle income",1985,1.80995,4.87239,371470,FALSE
"SUR","Suriname","America","Upper middle income",1986,1.83165,4.86019,376867,FALSE
"SUR","Suriname","America","Upper middle income",1987,1.53806,4.00897,383654,FALSE
"SUR","Suriname","America","Upper middle income",1988,1.64104,4.19283,391391,FALSE
"SUR","Suriname","America","Upper middle income",1989,1.84856,4.62727,399492,FALSE
"SUR","Suriname","America","Upper middle income",1990,2.2134,5.43203,407472,FALSE
"SUR","Suriname","America","Upper middle income",1991,2.46126,5.92766,415216,FALSE
"SUR","Suriname","America","Upper middle income",1992,2.59836,6.14614,422763,FALSE
"SUR","Suriname","America","Upper middle income",1993,2.47647,5.75872,430039,FALSE
"SUR","Suriname","America","Upper middle income",1994,2.43884,5.5804,437037,FALSE
"SUR","Suriname","America","Upper middle income",1995,2.47586,5.57974,443724,FALSE
"SUR","Suriname","America","Upper middle income",1996,2.48556,5.52303,450036,FALSE
"SUR","Suriname","America","Upper middle income",1997,2.45826,5.39147,455954,FALSE
"SUR","Suriname","America","Upper middle income",1998,2.47067,5.35288,461560,FALSE
"SUR","Suriname","America","Upper middle income",1999,2.39539,5.12927,467003,FALSE
"SUR","Suriname","America","Upper middle income",2000,2.52814,5.35181,472390,FALSE
"SUR","Suriname","America","Upper middle income",2001,2.54828,5.33403,477740,FALSE
"SUR","Suriname","America","Upper middle income",2002,1.96765,4.07345,483044,FALSE
"SUR","Suriname","America","Upper middle income",2003,2.18879,4.48217,488332,FALSE
"SUR","Suriname","America","Upper middle income",2004,2.33255,4.72529,493630,FALSE
"SUR","Suriname","America","Upper middle income",2005,2.60452,5.22004,498946,FALSE
"SUR","Suriname","America","Upper middle income",2006,2.48061,4.91885,504307,FALSE
"SUR","Suriname","America","Upper middle income",2007,2.37308,4.65579,509705,FALSE
"SUR","Suriname","America","Upper middle income",2008,2.4588,4.77299,515148,FALSE
"SUR","Suriname","America","Upper middle income",2009,2.56727,4.93118,520619,FALSE
"SUR","Suriname","America","Upper middle income",2010,2.8783,5.47099,526103,FALSE
"SUR","Suriname","America","Upper middle income",2011,3.11343,5.85684,531589,FALSE
"SUR","Suriname","America","Upper middle income",2012,3.58217,6.66975,537077,FALSE
"SUR","Suriname","America","Upper middle income",2013,3.46552,6.38759,542540,FALSE
"SUR","Suriname","America","Upper middle income",2014,3.83489,6.9989,547928,FALSE
"SUR","Suriname","America","Upper middle income",2015,3.92308,7.0915,553208,FALSE
"SUR","Suriname","America","Upper middle income",2016,4.19346,7.51021,558368,FALSE
"SUR","Suriname","America","Upper middle income",2017,3.65739,6.49162,563402,FALSE
"SUR","Suriname","America","Upper middle income",2018,3.31756,5.83769,568301,FALSE
"SUR","Suriname","America","Upper middle income",2019,3.87862,6.76796,573085,FALSE
"SUR","Suriname","America","Upper middle income",2020,3.79114,6.56189,577752,FALSE
"SUR","Suriname","America","Upper middle income",2021,3.9148,6.71492,583000,FALSE
"SUR","Suriname","America","Upper middle income",2022,3.95637,6.73999,587000,FALSE
"SUR","Suriname","America","Upper middle income",2023,3.58667,6.06882,591000,FALSE
"SUR","Suriname","America","Upper middle income",2024,3.66658,6.16231,595000,FALSE
"SVK","Slovakia","Europe","High income",1970,56.31398,12.40713,4538840,TRUE
"SVK","Slovakia","Europe","High income",1971,56.49287,12.34666,4575560,TRUE
"SVK","Slovakia","Europe","High income",1972,57.3436,12.42325,4615830,TRUE
"SVK","Slovakia","Europe","High income",1973,58.60908,12.579,4659280,TRUE
"SVK","Slovakia","Europe","High income",1974,59.24015,12.5906,4705110,TRUE
"SVK","Slovakia","Europe","High income",1975,60.63353,12.75813,4752540,TRUE
"SVK","Slovakia","Europe","High income",1976,61.49257,12.80631,4801740,TRUE
"SVK","Slovakia","Europe","High income",1977,63.70072,13.1274,4852500,TRUE
"SVK","Slovakia","Europe","High income",1978,70.3615,14.35012,4903200,TRUE
"SVK","Slovakia","Europe","High income",1979,71.60024,14.45947,4951790,TRUE
"SVK","Slovakia","Europe","High income",1980,75.67875,15.14566,4996730,TRUE
"SVK","Slovakia","Europe","High income",1981,73.64164,14.61915,5037340,TRUE
"SVK","Slovakia","Europe","High income",1982,71.90605,14.17178,5073890,TRUE
"SVK","Slovakia","Europe","High income",1983,71.86257,14.07141,5106990,TRUE
"SVK","Slovakia","Europe","High income",1984,74.23235,14.44858,5137690,TRUE
"SVK","Slovakia","Europe","High income",1985,73.78655,14.2809,5166800,TRUE
"SVK","Slovakia","Europe","High income",1986,71.15917,13.69945,5194310,TRUE
"SVK","Slovakia","Europe","High income",1987,72.79114,13.94477,5219960,TRUE
"SVK","Slovakia","Europe","High income",1988,74.18882,14.14727,5244040,TRUE
"SVK","Slovakia","Europe","High income",1989,73.7391,14.00074,5266800,TRUE
"SVK","Slovakia","Europe","High income",1990,73.84474,13.9634,5288450,TRUE
"SVK","Slovakia","Europe","High income",1991,64.2775,12.10675,5309230,TRUE
"SVK","Slovakia","Europe","High income",1992,59.5674,11.17791,5329030,TRUE
"SVK","Slovakia","Europe","High income",1993,57.80302,10.80994,5347210,TRUE
"SVK","Slovakia","Europe","High income",1994,54.851,10.22786,5362900,TRUE
"SVK","Slovakia","Europe","High income",1995,54.83695,10.20133,5375470,TRUE
"SVK","Slovakia","Europe","High income",1996,55.37771,10.2841,5384790,TRUE
"SVK","Slovakia","Europe","High income",1997,54.6771,10.14192,5391200,TRUE
"SVK","Slovakia","Europe","High income",1998,53.76735,9.96568,5395250,TRUE
"SVK","Slovakia","Europe","High income",1999,52.61286,9.74726,5397710,TRUE
"SVK","Slovakia","Europe","High income",2000,50.48205,9.34989,5399210,TRUE
"SVK","Slovakia","Europe","High income",2001,51.05834,9.45523,5400010,TRUE
"SVK","Slovakia","Europe","High income",2002,50.5961,9.36939,5400150,TRUE
"SVK","Slovakia","Europe","High income",2003,51.21723,9.48486,5399890,TRUE
"SVK","Slovakia","Europe","High income",2004,50.9486,9.43594,5399420,TRUE
"SVK","Slovakia","Europe","High income",2005,51.09541,9.46394,5398960,TRUE
"SVK","Slovakia","Europe","High income",2006,51.31735,9.50578,5398540,TRUE
"SVK","Slovakia","Europe","High income",2007,50.24546,9.30759,5398330,TRUE
"SVK","Slovakia","Europe","High income",2008,50.10373,9.28043,5398860,TRUE
"SVK","Slovakia","Europe","High income",2009,45.76459,8.47379,5400720,TRUE
"SVK","Slovakia","Europe","High income",2010,49.10136,9.08563,5404290,TRUE
"SVK","Slovakia","Europe","High income",2011,47.47998,8.77658,5409850,TRUE
"SVK","Slovakia","Europe","High income",2012,45.3814,8.37748,5417070,TRUE
"SVK","Slovakia","Europe","High income",2013,45.84187,8.44991,5425130,TRUE
"SVK","Slovakia","Europe","High income",2014,43.04508,7.92313,5432840,TRUE
"SVK","Slovakia","Europe","High income",2015,43.92964,8.07631,5439320,TRUE
"SVK","Slovakia","Europe","High income",2016,44.80138,8.22916,5444220,TRUE
"SVK","Slovakia","Europe","High income",2017,47.06508,8.6395,5447660,TRUE
"SVK","Slovakia","Europe","High income",2018,46.66974,8.56354,5449816,TRUE
"SVK","Slovakia","Europe","High income",2019,44.01848,8.07532,5450987,TRUE
"SVK","Slovakia","Europe","High income",2020,41.99619,7.70374,5451400,TRUE
"SVK","Slovakia","Europe","High income",2021,46.37188,8.50704,5451000,TRUE
"SVK","Slovakia","Europe","High income",2022,42.52428,7.80262,5450000,TRUE
"SVK","Slovakia","Europe","High income",2023,40.30774,7.39999,5447000,TRUE
"SVK","Slovakia","Europe","High income",2024,39.00078,7.16399,5444000,TRUE
"SVN","Slovenia","Europe","High income",1970,13.9826,8.37492,1669580,TRUE
"SVN","Slovenia","Europe","High income",1971,14.31213,8.51188,1681430,TRUE
"SVN","Slovenia","Europe","High income",1972,13.91324,8.20855,1694970,TRUE
"SVN","Slovenia","Europe","High income",1973,15.42555,9.0209,1709980,TRUE
"SVN","Slovenia","Europe","High income",1974,16.57661,9.60428,1725960,TRUE
"SVN","Slovenia","Europe","High income",1975,16.6477,9.55326,1742620,TRUE
"SVN","Slovenia","Europe","High income",1976,16.19015,9.20036,1759730,TRUE
"SVN","Slovenia","Europe","High income",1977,17.22643,9.69237,1777320,TRUE
"SVN","Slovenia","Europe","High income",1978,18.12736,10.09515,1795650,TRUE
"SVN","Slovenia","Europe","High income",1979,18.82143,10.36936,1815100,TRUE
"SVN","Slovenia","Europe","High income",1980,19.13835,10.42485,1835840,TRUE
"SVN","Slovenia","Europe","High income",1981,16.77161,9.02743,1857850,TRUE
"SVN","Slovenia","Europe","High income",1982,17.0615,9.07189,1880700,TRUE
"SVN","Slovenia","Europe","High income",1983,19.85571,10.43088,1903550,TRUE
"SVN","Slovenia","Europe","High income",1984,20.10343,10.44166,1925310,TRUE
"SVN","Slovenia","Europe","High income",1985,19.67664,10.11585,1945130,TRUE
"SVN","Slovenia","Europe","High income",1986,19.53511,9.95227,1962880,TRUE
"SVN","Slovenia","Europe","High income",1987,19.11099,9.65924,1978520,TRUE
"SVN","Slovenia","Europe","High income",1988,23.35984,11.73018,1991430,TRUE
"SVN","Slovenia","Europe","High income",1989,22.06538,11.02789,2000870,TRUE
"SVN","Slovenia","Europe","High income",1990,21.07411,10.50302,2006480,TRUE
"SVN","Slovenia","Europe","High income",1991,19.73705,9.8298,2007880,TRUE
"SVN","Slovenia","Europe","High income",1992,18.79219,9.37028,2005510,TRUE
"SVN","Slovenia","Europe","High income",1993,19.34572,9.66914,2000770,TRUE
"SVN","Slovenia","Europe","High income",1994,19.17705,9.60962,1995610,TRUE
"SVN","Slovenia","Europe","High income",1995,20.07904,10.08252,1991470,TRUE
"SVN","Slovenia","Europe","High income",1996,20.73562,10.4252,1988990,TRUE
"SVN","Slovenia","Europe","High income",1997,21.50707,10.81872,1987950,TRUE
"SVN","Slovenia","Europe","High income",1998,21.34637,10.73772,1987980,TRUE
"SVN","Slovenia","Europe","High income",1999,20.72767,10.42471,1988320,TRUE
"SVN","Slovenia","Europe","High income",2000,20.51074,10.31468,1988500,TRUE
"SVN","Slovenia","Europe","High income",2001,22.34817,11.23956,1988350,TRUE
"SVN","Slovenia","Europe","High income",2002,22.99409,11.56493,1988260,TRUE
"SVN","Slovenia","Europe","High income",2003,22.83106,11.47889,1988960,TRUE
"SVN","Slovenia","Europe","High income",2004,23.36559,11.73307,1991430,TRUE
"SVN","Slovenia","Europe","High income",2005,23.50764,11.77572,1996280,TRUE
"SVN","Slovenia","Europe","High income",2006,23.58781,11.7716,2003790,TRUE
"SVN","Slovenia","Europe","High income",2007,23.51528,11.67858,2013540,TRUE
"SVN","Slovenia","Europe","High income",2008,24.13427,11.92087,2024540,TRUE
"SVN","Slovenia","Europe","High income",2009,21.87009,10.74476,2035420,TRUE
"SVN","Slovenia","Europe","High income",2010,22.00391,10.75896,2045170,TRUE
"SVN","Slovenia","Europe","High income",2011,21.02342,10.23815,2053440,TRUE
"SVN","Slovenia","Europe","High income",2012,20.36629,9.88468,2060390,TRUE
"SVN","Slovenia","Europe","High income",2013,20.32395,9.83677,2066120,TRUE
"SVN","Slovenia","Europe","High income",2014,18.67844,9.01974,2070840,TRUE
"SVN","Slovenia","Europe","High income",2015,18.888,9.10357,2074790,TRUE
"SVN","Slovenia","Europe","High income",2016,19.79198,9.52518,2077860,TRUE
"SVN","Slovenia","Europe","High income",2017,20.09876,9.66296,2079980,TRUE
"SVN","Slovenia","Europe","High income",2018,20.03322,9.62552,2081260,TRUE
"SVN","Slovenia","Europe","High income",2019,19.35462,9.29661,2081900,TRUE
"SVN","Slovenia","Europe","High income",2020,18.02376,8.65672,2082055,TRUE
"SVN","Slovenia","Europe","High income",2021,18.1905,8.73703,2082000,TRUE
"SVN","Slovenia","Europe","High income",2022,17.49822,8.40856,2081000,TRUE
"SVN","Slovenia","Europe","High income",2023,16.67712,8.01785,2080000,TRUE
"SVN","Slovenia","Europe","High income",2024,17.3369,8.34307,2078000,TRUE
"SWE","Sweden","Europe","High income",1970,114.71102,14.24111,8054920,FALSE
"SWE","Sweden","Europe","High income",1971,107.67356,13.29995,8095790,FALSE
"SWE","Sweden","Europe","High income",1972,107.93856,13.28143,8127030,FALSE
"SWE","Sweden","Europe","High income",1973,109.54376,13.43831,8151600,FALSE
"SWE","Sweden","Europe","High income",1974,102.71122,12.56565,8173970,FALSE
"SWE","Sweden","Europe","High income",1975,104.36281,12.7313,8197340,FALSE
"SWE","Sweden","Europe","High income",1976,111.37629,13.54407,8223250,FALSE
"SWE","Sweden","Europe","High income",1977,107.38827,13.01567,8250690,FALSE
"SWE","Sweden","Europe","High income",1978,102.14616,12.34035,8277410,FALSE
"SWE","Sweden","Europe","High income",1979,105.55469,12.71743,8300000,FALSE
"SWE","Sweden","Europe","High income",1980,97.96901,11.7803,8316340,FALSE
"SWE","Sweden","Europe","High income",1981,90.31659,10.8482,8325490,FALSE
"SWE","Sweden","Europe","High income",1982,84.00708,10.08559,8329420,FALSE
"SWE","Sweden","Europe","High income",1983,78.34064,9.40188,8332440,FALSE
"SWE","Sweden","Europe","High income",1984,78.06026,9.35925,8340440,FALSE
"SWE","Sweden","Europe","High income",1985,81.82977,9.791,8357650,FALSE
"SWE","Sweden","Europe","High income",1986,82.75485,9.8694,8384990,FALSE
"SWE","Sweden","Europe","High income",1987,80.45814,9.5544,8421060,FALSE
"SWE","Sweden","Europe","High income",1988,78.45656,9.26858,8464790,FALSE
"SWE","Sweden","Europe","High income",1989,75.83234,8.90656,8514210,FALSE
"SWE","Sweden","Europe","High income",1990,75.25185,8.78353,8567380,FALSE
"SWE","Sweden","Europe","High income",1991,75.4662,8.74956,8625140,FALSE
"SWE","Sweden","Europe","High income",1992,78.25616,9.00869,8686740,FALSE
"SWE","Sweden","Europe","High income",1993,78.69697,8.99725,8746780,FALSE
"SWE","Sweden","Europe","High income",1994,81.62863,9.27785,8798230,FALSE
"SWE","Sweden","Europe","High income",1995,81.02786,9.16976,8836420,FALSE
"SWE","Sweden","Europe","High income",1996,86.49049,9.7628,8859190,FALSE
"SWE","Sweden","Europe","High income",1997,80.4368,9.06959,8868850,FALSE
"SWE","Sweden","Europe","High income",1998,81.38015,9.17388,8870850,FALSE
"SWE","Sweden","Europe","High income",1999,79.79704,8.99314,8873100,FALSE
"SWE","Sweden","Europe","High income",2000,76.19945,8.57943,8881640,FALSE
"SWE","Sweden","Europe","High income",2001,75.74262,8.51252,8897790,FALSE
"SWE","Sweden","Europe","High income",2002,77.11652,8.64468,8920690,FALSE
"SWE","Sweden","Europe","High income",2003,77.23821,8.6286,8951420,FALSE
"SWE","Sweden","Europe","High income",2004,75.68564,8.41827,8990640,FALSE
"SWE","Sweden","Europe","High income",2005,71.92412,7.95742,9038620,FALSE
"SWE","Sweden","Europe","High income",2006,72.17663,7.93476,9096260,FALSE
"SWE","Sweden","Europe","High income",2007,69.7622,7.61327,9163240,FALSE
"SWE","Sweden","Europe","High income",2008,68.08786,7.3713,9236890,FALSE
"SWE","Sweden","Europe","High income",2009,63.09036,6.77409,9313480,FALSE
"SWE","Sweden","Europe","High income",2010,69.18657,7.36798,9390170,FALSE
"SWE","Sweden","Europe","High income",2011,64.63303,6.82799,9465890,FALSE
"SWE","Sweden","Europe","High income",2012,61.74798,6.47192,9540910,FALSE
"SWE","Sweden","Europe","High income",2013,59.71104,6.21003,9615250,FALSE
"SWE","Sweden","Europe","High income",2014,58.36133,6.02323,9689380,FALSE
"SWE","Sweden","Europe","High income",2015,58.39087,5.98048,9763570,FALSE
"SWE","Sweden","Europe","High income",2016,58.01746,5.89756,9837530,FALSE
"SWE","Sweden","Europe","High income",2017,57.33619,5.78528,9910700,FALSE
"SWE","Sweden","Europe","High income",2018,54.84682,5.49418,9982709,FALSE
"SWE","Sweden","Europe","High income",2019,54.92092,5.46306,10053135,FALSE
"SWE","Sweden","Europe","High income",2020,53.70537,5.30597,10121686,FALSE
"SWE","Sweden","Europe","High income",2021,55.81769,5.47877,10188000,FALSE
"SWE","Sweden","Europe","High income",2022,52.8307,5.15271,10253000,FALSE
"SWE","Sweden","Europe","High income",2023,51.40128,4.98316,10315000,FALSE
"SWE","Sweden","Europe","High income",2024,52.5658,5.0661,10376000,FALSE
"SWZ","Eswatini","Africa","Lower middle income",1970,1.85892,4.17051,445729,FALSE
"SWZ","Eswatini","Africa","Lower middle income",1971,1.87364,4.08551,458605,FALSE
"SWZ","Eswatini","Africa","Lower middle income",1972,1.94372,4.11605,472230,FALSE
"SWZ","Eswatini","Africa","Lower middle income",1973,2.00446,4.11965,486561,FALSE
"SWZ","Eswatini","Africa","Lower middle income",1974,2.0449,4.07748,501512,FALSE
"SWZ","Eswatini","Africa","Lower middle income",1975,2.12358,4.10731,517024,FALSE
"SWZ","Eswatini","Africa","Lower middle income",1976,2.19382,4.11433,533214,FALSE
"SWZ","Eswatini","Africa","Lower middle income",1977,2.16036,3.92708,550118,FALSE
"SWZ","Eswatini","Africa","Lower middle income",1978,2.57182,4.53137,567559,FALSE
"SWZ","Eswatini","Africa","Lower middle income",1979,2.62535,4.48514,585344,FALSE
"SWZ","Eswatini","Africa","Lower middle income",1980,2.64989,4.3918,603372,FALSE
"SWZ","Eswatini","Africa","Lower middle income",1981,2.61416,4.20772,621276,FALSE
"SWZ","Eswatini","Africa","Lower middle income",1982,2.58522,4.04423,639237,FALSE
"SWZ","Eswatini","Africa","Lower middle income",1983,2.44044,3.70708,658320,FALSE
"SWZ","Eswatini","Africa","Lower middle income",1984,2.44731,3.59911,679976,FALSE
"SWZ","Eswatini","Africa","Lower middle income",1985,2.59394,3.6789,705085,FALSE
"SWZ","Eswatini","Africa","Lower middle income",1986,2.69695,3.67311,734243,FALSE
"SWZ","Eswatini","Africa","Lower middle income",1987,2.69349,3.51307,766707,FALSE
"SWZ","Eswatini","Africa","Lower middle income",1988,2.73253,3.41371,800456,FALSE
"SWZ","Eswatini","Africa","Lower middle income",1989,2.82589,3.39372,832682,FALSE
"SWZ","Eswatini","Africa","Lower middle income",1990,3.22172,3.74021,861373,FALSE
"SWZ","Eswatini","Africa","Lower middle income",1991,3.2955,3.72111,885623,FALSE
"SWZ","Eswatini","Africa","Lower middle income",1992,3.14731,3.47372,906034,FALSE
"SWZ","Eswatini","Africa","Lower middle income",1993,2.78792,3.01715,924025,FALSE
"SWZ","Eswatini","Africa","Lower middle income",1994,3.54413,3.76325,941774,FALSE
"SWZ","Eswatini","Africa","Lower middle income",1995,3.51876,3.66235,960792,FALSE
"SWZ","Eswatini","Africa","Lower middle income",1996,3.30249,3.36383,981764,FALSE
"SWZ","Eswatini","Africa","Lower middle income",1997,3.36977,3.35634,1004000,FALSE
"SWZ","Eswatini","Africa","Lower middle income",1998,3.31839,3.23426,1026010,FALSE
"SWZ","Eswatini","Africa","Lower middle income",1999,3.53301,3.37883,1045630,FALSE
"SWZ","Eswatini","Africa","Lower middle income",2000,3.25503,3.06653,1061470,FALSE
"SWZ","Eswatini","Africa","Lower middle income",2001,3.11686,2.905,1072930,FALSE
"SWZ","Eswatini","Africa","Lower middle income",2002,3.14228,2.90702,1080930,FALSE
"SWZ","Eswatini","Africa","Lower middle income",2003,3.18148,2.9258,1087390,FALSE
"SWZ","Eswatini","Africa","Lower middle income",2004,3.21443,2.93541,1095050,FALSE
"SWZ","Eswatini","Africa","Lower middle income",2005,3.18699,2.88188,1105870,FALSE
"SWZ","Eswatini","Africa","Lower middle income",2006,3.11019,2.77569,1120510,FALSE
"SWZ","Eswatini","Africa","Lower middle income",2007,3.18825,2.80057,1138430,FALSE
"SWZ","Eswatini","Africa","Lower middle income",2008,3.12091,2.69299,1158900,FALSE
"SWZ","Eswatini","Africa","Lower middle income",2009,3.08371,2.61183,1180670,FALSE
"SWZ","Eswatini","Africa","Lower middle income",2010,2.78817,2.31799,1202840,FALSE
"SWZ","Eswatini","Africa","Lower middle income",2011,2.66286,2.1733,1225260,FALSE
"SWZ","Eswatini","Africa","Lower middle income",2012,2.67568,2.1437,1248160,FALSE
"SWZ","Eswatini","Africa","Lower middle income",2013,2.88587,2.26973,1271460,FALSE
"SWZ","Eswatini","Africa","Lower middle income",2014,2.8963,2.23635,1295100,FALSE
"SWZ","Eswatini","Africa","Lower middle income",2015,2.89308,2.19337,1319010,FALSE
"SWZ","Eswatini","Africa","Lower middle income",2016,2.93649,2.18635,1343100,FALSE
"SWZ","Eswatini","Africa","Lower middle income",2017,2.90812,2.12698,1367250,FALSE
"SWZ","Eswatini","Africa","Lower middle income",2018,2.91507,2.09509,1391385,FALSE
"SWZ","Eswatini","Africa","Lower middle income",2019,3.01108,2.12735,1415414,FALSE
"SWZ","Eswatini","Africa","Lower middle income",2020,2.85713,1.98509,1439295,FALSE
"SWZ","Eswatini","Africa","Lower middle income",2021,2.90589,1.98626,1463000,FALSE
"SWZ","Eswatini","Africa","Lower middle income",2022,3.04916,2.05193,1486000,FALSE
"SWZ","Eswatini","Africa","Lower middle income",2023,2.92169,1.93618,1509000,FALSE
"SWZ","Eswatini","Africa","Lower middle income",2024,2.92976,1.91237,1532000,FALSE
"SYC","Seychelles","Africa","High income",1970,0.13009,2.48426,52365,FALSE
"SYC","Seychelles","Africa","High income",1971,0.13378,2.49093,53707,FALSE
"SYC","Seychelles","Africa","High income",1972,0.1355,2.45802,55127,FALSE
"SYC","Seychelles","Africa","High income",1973,0.14091,2.48923,56606,FALSE
"SYC","Seychelles","Africa","High income",1974,0.15175,2.61193,58097,FALSE
"SYC","Seychelles","Africa","High income",1975,0.15865,2.66229,59590,FALSE
"SYC","Seychelles","Africa","High income",1976,0.16458,2.69526,61061,FALSE
"SYC","Seychelles","Africa","High income",1977,0.16952,2.71233,62500,FALSE
"SYC","Seychelles","Africa","High income",1978,0.17347,2.71565,63878,FALSE
"SYC","Seychelles","Africa","High income",1979,0.19618,3.01104,65153,FALSE
"SYC","Seychelles","Africa","High income",1980,0.19495,2.94076,66294,FALSE
"SYC","Seychelles","Africa","High income",1981,0.15964,2.37211,67298,FALSE
"SYC","Seychelles","Africa","High income",1982,0.142,2.08315,68168,FALSE
"SYC","Seychelles","Africa","High income",1983,0.23249,3.37381,68909,FALSE
"SYC","Seychelles","Africa","High income",1984,0.236,3.39763,69459,FALSE
"SYC","Seychelles","Africa","High income",1985,0.24592,3.52136,69836,FALSE
"SYC","Seychelles","Africa","High income",1986,0.24382,3.4829,70004,FALSE
"SYC","Seychelles","Africa","High income",1987,0.34216,4.88701,70014,FALSE
"SYC","Seychelles","Africa","High income",1988,0.4504,6.43524,69990,FALSE
"SYC","Seychelles","Africa","High income",1989,0.43343,6.17916,70144,FALSE
"SYC","Seychelles","Africa","High income",1990,0.31752,4.49586,70624,FALSE
"SYC","Seychelles","Africa","High income",1991,0.43486,6.08199,71500,FALSE
"SYC","Seychelles","Africa","High income",1992,0.37311,5.13139,72712,FALSE
"SYC","Seychelles","Africa","High income",1993,0.37505,5.06041,74114,FALSE
"SYC","Seychelles","Africa","High income",1994,0.37426,4.95768,75491,FALSE
"SYC","Seychelles","Africa","High income",1995,0.39561,5.15769,76703,FALSE
"SYC","Seychelles","Africa","High income",1996,0.40776,5.24961,77675,FALSE
"SYC","Seychelles","Africa","High income",1997,0.42785,5.45311,78459,FALSE
"SYC","Seychelles","Africa","High income",1998,0.43692,5.51753,79188,FALSE
"SYC","Seychelles","Africa","High income",1999,0.45391,5.67024,80051,FALSE
"SYC","Seychelles","Africa","High income",2000,0.81845,10.08555,81151,FALSE
"SYC","Seychelles","Africa","High income",2001,0.90302,10.9368,82567,FALSE
"SYC","Seychelles","Africa","High income",2002,0.82295,9.77339,84203,FALSE
"SYC","Seychelles","Africa","High income",2003,0.83002,9.66155,85910,FALSE
"SYC","Seychelles","Africa","High income",2004,1.1328,12.94861,87484,FALSE
"SYC","Seychelles","Africa","High income",2005,1.03467,11.65902,88744,FALSE
"SYC","Seychelles","Africa","High income",2006,1.12282,12.52326,89659,FALSE
"SYC","Seychelles","Africa","High income",2007,0.9387,10.3975,90281,FALSE
"SYC","Seychelles","Africa","High income",2008,0.99392,10.95997,90686,FALSE
"SYC","Seychelles","Africa","High income",2009,1.0957,12.03616,91034,FALSE
"SYC","Seychelles","Africa","High income",2010,0.99078,10.8395,91405,FALSE
"SYC","Seychelles","Africa","High income",2011,0.85434,9.30308,91834,FALSE
"SYC","Seychelles","Africa","High income",2012,0.96294,10.43437,92285,FALSE
"SYC","Seychelles","Africa","High income",2013,0.87799,9.46464,92765,FALSE
"SYC","Seychelles","Africa","High income",2014,1.00627,10.79067,93254,FALSE
"SYC","Seychelles","Africa","High income",2015,1.06953,11.40931,93742,FALSE
"SYC","Seychelles","Africa","High income",2016,1.18973,12.62606,94228,FALSE
"SYC","Seychelles","Africa","High income",2017,1.24478,13.13933,94737,FALSE
"SYC","Seychelles","Africa","High income",2018,1.09343,11.48135,95235,FALSE
"SYC","Seychelles","Africa","High income",2019,0.98279,10.26924,95702,FALSE
"SYC","Seychelles","Africa","High income",2020,0.92837,9.65921,96112,FALSE
"SYC","Seychelles","Africa","High income",2021,0.87966,9.06862,97000,FALSE
"SYC","Seychelles","Africa","High income",2022,0.9373,9.66284,97000,FALSE
"SYC","Seychelles","Africa","High income",2023,0.93524,9.64161,97000,FALSE
"SYC","Seychelles","Africa","High income",2024,0.97644,9.96365,98000,FALSE
"SYR","Syria","Asia","Low income",1970,15.60103,2.45665,6350540,FALSE
"SYR","Syria","Asia","Low income",1971,15.60318,2.3746,6570860,FALSE
"SYR","Syria","Asia","Low income",1972,15.98564,2.35078,6800140,FALSE
"SYR","Syria","Asia","Low income",1973,15.27786,2.17081,7037850,FALSE
"SYR","Syria","Asia","Low income",1974,18.61196,2.55547,7283180,FALSE
"SYR","Syria","Asia","Low income",1975,23.31919,3.09449,7535710,FALSE
"SYR","Syria","Asia","Low income",1976,25.54075,3.2767,7794660,FALSE
"SYR","Syria","Asia","Low income",1977,25.99718,3.2252,8060650,FALSE
"SYR","Syria","Asia","Low income",1978,27.39779,3.28652,8336420,FALSE
"SYR","Syria","Asia","Low income",1979,29.91152,3.46772,8625690,FALSE
"SYR","Syria","Asia","Low income",1980,29.90492,3.34853,8930770,FALSE
"SYR","Syria","Asia","Low income",1981,32.24109,3.48445,9252850,FALSE
"SYR","Syria","Asia","Low income",1982,35.1853,3.66887,9590230,FALSE
"SYR","Syria","Asia","Low income",1983,39.64034,3.98842,9938850,FALSE
"SYR","Syria","Asia","Low income",1984,42.34538,4.114,10293000,FALSE
"SYR","Syria","Asia","Low income",1985,40.11972,3.7676,10648600,FALSE
"SYR","Syria","Asia","Low income",1986,42.08679,3.82458,11004300,FALSE
"SYR","Syria","Asia","Low income",1987,50.92623,4.48259,11360900,FALSE
"SYR","Syria","Asia","Low income",1988,52.90817,4.5147,11719100,FALSE
"SYR","Syria","Asia","Low income",1989,55.92743,4.6296,12080400,FALSE
"SYR","Syria","Asia","Low income",1990,63.39898,5.09384,12446200,FALSE
"SYR","Syria","Asia","Low income",1991,71.84278,5.60606,12815200,FALSE
"SYR","Syria","Asia","Low income",1992,71.25454,5.40335,13187100,FALSE
"SYR","Syria","Asia","Low income",1993,75.23067,5.54627,13564200,FALSE
"SYR","Syria","Asia","Low income",1994,78.21747,5.60711,13949700,FALSE
"SYR","Syria","Asia","Low income",1995,79.80856,5.56332,14345500,FALSE
"SYR","Syria","Asia","Low income",1996,82.82093,5.61296,14755300,FALSE
"SYR","Syria","Asia","Low income",1997,81.58286,5.37525,15177500,FALSE
"SYR","Syria","Asia","Low income",1998,83.59816,5.3581,15602200,FALSE
"SYR","Syria","Asia","Low income",1999,82.84961,5.1729,16016100,FALSE
"SYR","Syria","Asia","Low income",2000,84.95305,5.17666,16410800,FALSE
"SYR","Syria","Asia","Low income",2001,77.65451,4.63142,16766900,FALSE
"SYR","Syria","Asia","Low income",2002,73.31065,4.29021,17087900,FALSE
"SYR","Syria","Asia","Low income",2003,73.74678,4.2346,17415300,FALSE
"SYR","Syria","Asia","Low income",2004,74.70961,4.19561,17806600,FALSE
"SYR","Syria","Asia","Low income",2005,86.64245,4.73596,18294600,FALSE
"SYR","Syria","Asia","Low income",2006,88.43471,4.67537,18915000,FALSE
"SYR","Syria","Asia","Low income",2007,92.37294,4.70503,19632800,FALSE
"SYR","Syria","Asia","Low income",2008,92.03694,4.52817,20325400,FALSE
"SYR","Syria","Asia","Low income",2009,89.24585,4.28554,20824900,FALSE
"SYR","Syria","Asia","Low income",2010,88.78644,4.22414,21018800,FALSE
"SYR","Syria","Asia","Low income",2011,84.43237,4.0468,20864000,FALSE
"SYR","Syria","Asia","Low income",2012,66.59296,3.26105,20420700,FALSE
"SYR","Syria","Asia","Low income",2013,47.90077,2.41812,19809100,FALSE
"SYR","Syria","Asia","Low income",2014,47.03551,2.44937,19203100,FALSE
"SYR","Syria","Asia","Low income",2015,43.7198,2.33359,18735000,FALSE
"SYR","Syria","Asia","Low income",2016,41.33618,2.24281,18430500,FALSE
"SYR","Syria","Asia","Low income",2017,46.26957,2.53256,18269900,FALSE
"SYR","Syria","Asia","Low income",2018,47.80147,2.61433,18284407,FALSE
"SYR","Syria","Asia","Low income",2019,47.34146,2.55911,18499181,FALSE
"SYR","Syria","Asia","Low income",2020,46.33938,2.44865,18924442,FALSE
"SYR","Syria","Asia","Low income",2021,46.28612,2.3631,19587000,FALSE
"SYR","Syria","Asia","Low income",2022,45.69907,2.23282,20467000,FALSE
"SYR","Syria","Asia","Low income",2023,46.53065,2.16674,21475000,FALSE
"SYR","Syria","Asia","Low income",2024,47.16558,2.09737,22488000,FALSE
"TCA","Turks and Caicos Islands","America","High income",1970,0.00454,0.8052,5633,FALSE
"TCA","Turks and Caicos Islands","America","High income",1971,0.00466,0.81031,5756,FALSE
"TCA","Turks and Caicos Islands","America","High income",1972,0.00542,0.91536,5922,FALSE
"TCA","Turks and Caicos Islands","America","High income",1973,0.00552,0.90125,6126,FALSE
"TCA","Turks and Caicos Islands","America","High income",1974,0.00513,0.80883,6346,FALSE
"TCA","Turks and Caicos Islands","America","High income",1975,0.00595,0.90854,6548,FALSE
"TCA","Turks and Caicos Islands","America","High income",1976,0.00559,0.83157,6723,FALSE
"TCA","Turks and Caicos Islands","America","High income",1977,0.00605,0.87901,6886,FALSE
"TCA","Turks and Caicos Islands","America","High income",1978,0.0061,0.86485,7053,FALSE
"TCA","Turks and Caicos Islands","America","High income",1979,0.00612,0.84299,7264,FALSE
"TCA","Turks and Caicos Islands","America","High income",1980,0.00613,0.81565,7519,FALSE
"TCA","Turks and Caicos Islands","America","High income",1981,0.00619,0.7874,7858,FALSE
"TCA","Turks and Caicos Islands","America","High income",1982,0.00609,0.73861,8244,FALSE
"TCA","Turks and Caicos Islands","America","High income",1983,0.0062,0.71469,8669,FALSE
"TCA","Turks and Caicos Islands","America","High income",1984,0.00684,0.75163,9095,FALSE
"TCA","Turks and Caicos Islands","America","High income",1985,0.00707,0.74368,9506,FALSE
"TCA","Turks and Caicos Islands","America","High income",1986,0.00744,0.75352,9875,FALSE
"TCA","Turks and Caicos Islands","America","High income",1987,0.0079,0.77279,10224,FALSE
"TCA","Turks and Caicos Islands","America","High income",1988,0.00851,0.80423,10582,FALSE
"TCA","Turks and Caicos Islands","America","High income",1989,0.00887,0.8051,11017,FALSE
"TCA","Turks and Caicos Islands","America","High income",1990,0.00922,0.79811,11552,FALSE
"TCA","Turks and Caicos Islands","America","High income",1991,0.00952,0.78027,12206,FALSE
"TCA","Turks and Caicos Islands","America","High income",1992,0.00988,0.76158,12968,FALSE
"TCA","Turks and Caicos Islands","America","High income",1993,0.01019,0.73871,13789,FALSE
"TCA","Turks and Caicos Islands","America","High income",1994,0.0107,0.73274,14597,FALSE
"TCA","Turks and Caicos Islands","America","High income",1995,0.011,0.71721,15332,FALSE
"TCA","Turks and Caicos Islands","America","High income",1996,0.01121,0.70215,15966,FALSE
"TCA","Turks and Caicos Islands","America","High income",1997,0.0114,0.69002,16528,FALSE
"TCA","Turks and Caicos Islands","America","High income",1998,0.01228,0.7176,17115,FALSE
"TCA","Turks and Caicos Islands","America","High income",1999,0.01281,0.71719,17864,FALSE
"TCA","Turks and Caicos Islands","America","High income",2000,0.02574,1.36382,18873,FALSE
"TCA","Turks and Caicos Islands","America","High income",2001,0.02705,1.34028,20185,FALSE
"TCA","Turks and Caicos Islands","America","High income",2002,0.03547,1.63118,21742,FALSE
"TCA","Turks and Caicos Islands","America","High income",2003,0.03268,1.39582,23410,FALSE
"TCA","Turks and Caicos Islands","America","High income",2004,0.03593,1.43574,25028,FALSE
"TCA","Turks and Caicos Islands","America","High income",2005,0.0427,1.61439,26448,FALSE
"TCA","Turks and Caicos Islands","America","High income",2006,0.0518,1.87405,27642,FALSE
"TCA","Turks and Caicos Islands","America","High income",2007,0.062,2.16482,28640,FALSE
"TCA","Turks and Caicos Islands","America","High income",2008,0.06954,2.35894,29481,FALSE
"TCA","Turks and Caicos Islands","America","High income",2009,0.07627,2.52167,30245,FALSE
"TCA","Turks and Caicos Islands","America","High income",2010,0.08397,2.70931,30994,FALSE
"TCA","Turks and Caicos Islands","America","High income",2011,0.0673,2.12105,31731,FALSE
"TCA","Turks and Caicos Islands","America","High income",2012,0.0698,2.15232,32431,FALSE
"TCA","Turks and Caicos Islands","America","High income",2013,0.07927,2.39436,33108,FALSE
"TCA","Turks and Caicos Islands","America","High income",2014,0.08709,2.58115,33739,FALSE
"TCA","Turks and Caicos Islands","America","High income",2015,0.09131,2.65903,34339,FALSE
"TCA","Turks and Caicos Islands","America","High income",2016,0.09834,2.81779,34900,FALSE
"TCA","Turks and Caicos Islands","America","High income",2017,0.09809,2.76741,35446,FALSE
"TCA","Turks and Caicos Islands","America","High income",2018,0.20147,5.6021,35963,FALSE
"TCA","Turks and Caicos Islands","America","High income",2019,0.23229,6.37085,36461,FALSE
"TCA","Turks and Caicos Islands","America","High income",2020,0.22503,6.08961,36953,FALSE
"TCA","Turks and Caicos Islands","America","High income",2021,0.2243,6.06216,37000,FALSE
"TCA","Turks and Caicos Islands","America","High income",2022,0.22948,6.03905,38000,FALSE
"TCA","Turks and Caicos Islands","America","High income",2023,0.23004,6.05372,38000,FALSE
"TCA","Turks and Caicos Islands","America","High income",2024,0.23785,6.09868,39000,FALSE
"TCD","Chad","Africa","Low income",1970,8.74952,2.40137,3643550,FALSE
"TCD","Chad","Africa","Low income",1971,8.84043,2.37258,3726090,FALSE
"TCD","Chad","Africa","Low income",1972,9.43187,2.47225,3815100,FALSE
"TCD","Chad","Africa","Low income",1973,8.53248,2.18354,3907630,FALSE
"TCD","Chad","Africa","Low income",1974,7.09654,1.77435,3999510,FALSE
"TCD","Chad","Africa","Low income",1975,7.3779,1.80479,4087950,FALSE
"TCD","Chad","Africa","Low income",1976,7.66493,1.83713,4172230,FALSE
"TCD","Chad","Africa","Low income",1977,8.3189,1.95555,4253990,FALSE
"TCD","Chad","Africa","Low income",1978,8.59611,1.98266,4335650,FALSE
"TCD","Chad","Africa","Low income",1979,8.88807,2.01055,4420720,FALSE
"TCD","Chad","Africa","Low income",1980,9.09827,2.01644,4512040,FALSE
"TCD","Chad","Africa","Low income",1981,9.23829,2.00389,4610170,FALSE
"TCD","Chad","Africa","Low income",1982,9.79286,2.07687,4715200,FALSE
"TCD","Chad","Africa","Low income",1983,9.77145,2.02346,4829090,FALSE
"TCD","Chad","Africa","Low income",1984,8.04231,1.62338,4954050,FALSE
"TCD","Chad","Africa","Low income",1985,8.1831,1.6072,5091530,FALSE
"TCD","Chad","Africa","Low income",1986,8.75972,1.67074,5243010,FALSE
"TCD","Chad","Africa","Low income",1987,9.22419,1.70563,5408090,FALSE
"TCD","Chad","Africa","Low income",1988,9.53875,1.70812,5584340,FALSE
"TCD","Chad","Africa","Low income",1989,9.98501,1.73108,5768090,FALSE
"TCD","Chad","Africa","Low income",1990,11.06569,1.85764,5956860,FALSE
"TCD","Chad","Africa","Low income",1991,17.94934,2.91855,6150080,FALSE
"TCD","Chad","Africa","Low income",1992,18.69124,2.94392,6349090,FALSE
"TCD","Chad","Africa","Low income",1993,19.29195,2.94282,6555600,FALSE
"TCD","Chad","Africa","Low income",1994,20.30727,2.99865,6772130,FALSE
"TCD","Chad","Africa","Low income",1995,21.23709,3.03356,7000720,FALSE
"TCD","Chad","Africa","Low income",1996,22.08738,3.05027,7241130,FALSE
"TCD","Chad","Africa","Low income",1997,22.83637,3.04759,7493250,FALSE
"TCD","Chad","Africa","Low income",1998,24.1335,3.11028,7759260,FALSE
"TCD","Chad","Africa","Low income",1999,25.45322,3.16509,8041850,FALSE
"TCD","Chad","Africa","Low income",2000,26.57002,3.18488,8342560,FALSE
"TCD","Chad","Africa","Low income",2001,27.83615,3.21322,8663010,FALSE
"TCD","Chad","Africa","Low income",2002,29.32787,3.25804,9001690,FALSE
"TCD","Chad","Africa","Low income",2003,31.45626,3.36315,9353200,FALSE
"TCD","Chad","Africa","Low income",2004,34.73743,3.57748,9710040,FALSE
"TCD","Chad","Africa","Low income",2005,36.63513,3.63913,10067000,FALSE
"TCD","Chad","Africa","Low income",2006,38.30198,3.67525,10421600,FALSE
"TCD","Chad","Africa","Low income",2007,40.22181,3.73264,10775700,FALSE
"TCD","Chad","Africa","Low income",2008,41.97798,3.77028,11133900,FALSE
"TCD","Chad","Africa","Low income",2009,44.0538,3.82983,11502800,FALSE
"TCD","Chad","Africa","Low income",2010,46.62977,3.92269,11887200,FALSE
"TCD","Chad","Africa","Low income",2011,48.96024,3.98417,12288700,FALSE
"TCD","Chad","Africa","Low income",2012,52.08018,4.09916,12705100,FALSE
"TCD","Chad","Africa","Low income",2013,54.75174,4.16883,13133600,FALSE
"TCD","Chad","Africa","Low income",2014,57.75786,4.25648,13569400,FALSE
"TCD","Chad","Africa","Low income",2015,62.76453,4.48017,14009400,FALSE
"TCD","Chad","Africa","Low income",2016,66.10828,4.57418,14452500,FALSE
"TCD","Chad","Africa","Low income",2017,69.97617,4.69639,14900000,FALSE
"TCD","Chad","Africa","Low income",2018,74.11451,4.82731,15353184,FALSE
"TCD","Chad","Africa","Low income",2019,78.0828,4.93747,15814345,FALSE
"TCD","Chad","Africa","Low income",2020,82.41583,5.06081,16285093,FALSE
"TCD","Chad","Africa","Low income",2021,86.14131,5.13786,16766000,FALSE
"TCD","Chad","Africa","Low income",2022,91.5312,5.30462,17255000,FALSE
"TCD","Chad","Africa","Low income",2023,96.87325,5.45642,17754000,FALSE
"TCD","Chad","Africa","Low income",2024,101.1738,5.54043,18261000,FALSE
"TGO","Togo","Africa","Low income",1970,1.96779,0.93017,2115520,FALSE
"TGO","Togo","Africa","Low income",1971,1.76763,0.80874,2185660,FALSE
"TGO","Togo","Africa","Low income",1972,1.90061,0.84562,2247580,FALSE
"TGO","Togo","Africa","Low income",1973,1.8617,0.80826,2303340,FALSE
"TGO","Togo","Africa","Low income",1974,1.86302,0.79055,2356620,FALSE
"TGO","Togo","Africa","Low income",1975,1.98097,0.82183,2410450,FALSE
"TGO","Togo","Africa","Low income",1976,1.95424,0.79297,2464450,FALSE
"TGO","Togo","Africa","Low income",1977,2.07775,0.82497,2518570,FALSE
"TGO","Togo","Africa","Low income",1978,2.15722,0.83728,2576470,FALSE
"TGO","Togo","Africa","Low income",1979,2.20763,0.83532,2642850,FALSE
"TGO","Togo","Africa","Low income",1980,2.10051,0.77201,2720840,FALSE
"TGO","Togo","Africa","Low income",1981,2.12652,0.75622,2812040,FALSE
"TGO","Togo","Africa","Low income",1982,2.36498,0.81129,2915070,FALSE
"TGO","Togo","Africa","Low income",1983,2.16196,0.7144,3026240,FALSE
"TGO","Togo","Africa","Low income",1984,2.28119,0.72644,3140240,FALSE
"TGO","Togo","Africa","Low income",1985,2.33519,0.71786,3252990,FALSE
"TGO","Togo","Africa","Low income",1986,2.66119,0.79107,3364020,FALSE
"TGO","Togo","Africa","Low income",1987,2.80349,0.80697,3474080,FALSE
"TGO","Togo","Africa","Low income",1988,3.00895,0.84004,3581930,FALSE
"TGO","Togo","Africa","Low income",1989,3.04374,0.82567,3686370,FALSE
"TGO","Togo","Africa","Low income",1990,3.24882,0.8579,3786940,FALSE
"TGO","Togo","Africa","Low income",1991,3.13033,0.80631,3882270,FALSE
"TGO","Togo","Africa","Low income",1992,2.87169,0.72274,3973330,FALSE
"TGO","Togo","Africa","Low income",1993,2.79925,0.68864,4064930,FALSE
"TGO","Togo","Africa","Low income",1994,3.25325,0.78135,4163640,FALSE
"TGO","Togo","Africa","Low income",1995,3.20516,0.74992,4274020,FALSE
"TGO","Togo","Africa","Low income",1996,3.89319,0.88517,4398240,FALSE
"TGO","Togo","Africa","Low income",1997,3.81342,0.84097,4534550,FALSE
"TGO","Togo","Africa","Low income",1998,4.21993,0.90188,4679020,FALSE
"TGO","Togo","Africa","Low income",1999,4.71817,0.97772,4825700,FALSE
"TGO","Togo","Africa","Low income",2000,4.72535,0.9507,4970370,FALSE
"TGO","Togo","Africa","Low income",2001,4.71781,0.92293,5111770,FALSE
"TGO","Togo","Africa","Low income",2002,4.89428,0.93198,5251470,FALSE
"TGO","Togo","Africa","Low income",2003,5.24881,0.97355,5391400,FALSE
"TGO","Togo","Africa","Low income",2004,5.27312,0.95276,5534600,FALSE
"TGO","Togo","Africa","Low income",2005,5.4548,0.9598,5683270,FALSE
"TGO","Togo","Africa","Low income",2006,5.43023,0.93019,5837790,FALSE
"TGO","Togo","Africa","Low income",2007,5.49846,0.91681,5997390,FALSE
"TGO","Togo","Africa","Low income",2008,5.98428,0.97119,6161800,FALSE
"TGO","Togo","Africa","Low income",2009,7.3898,1.16734,6330470,FALSE
"TGO","Togo","Africa","Low income",2010,7.29613,1.12197,6502950,FALSE
"TGO","Togo","Africa","Low income",2011,7.22128,1.08115,6679280,FALSE
"TGO","Togo","Africa","Low income",2012,7.5998,1.10793,6859480,FALSE
"TGO","Togo","Africa","Low income",2013,7.47938,1.06197,7042950,FALSE
"TGO","Togo","Africa","Low income",2014,7.24829,1.00268,7228910,FALSE
"TGO","Togo","Africa","Low income",2015,7.28007,0.98156,7416800,FALSE
"TGO","Togo","Africa","Low income",2016,8.07457,1.06155,7606370,FALSE
"TGO","Togo","Africa","Low income",2017,7.81732,1.00252,7797690,FALSE
"TGO","Togo","Africa","Low income",2018,8.28482,1.03678,7990926,FALSE
"TGO","Togo","Africa","Low income",2019,8.7286,1.06623,8186384,FALSE
"TGO","Togo","Africa","Low income",2020,9.35286,1.11552,8384291,FALSE
"TGO","Togo","Africa","Low income",2021,9.74501,1.13512,8585000,FALSE
"TGO","Togo","Africa","Low income",2022,10.12806,1.15262,8787000,FALSE
"TGO","Togo","Africa","Low income",2023,10.54513,1.17259,8993000,FALSE
"TGO","Togo","Africa","Low income",2024,10.84426,1.17872,9200000,FALSE
"THA","Thailand","Asia","Upper middle income",1970,81.6178,2.21277,36884900,FALSE
"THA","Thailand","Asia","Upper middle income",1971,81.37145,2.14333,37964900,FALSE
"THA","Thailand","Asia","Upper middle income",1972,82.4969,2.11195,39062000,FALSE
"THA","Thailand","Asia","Upper middle income",1973,88.43703,2.20184,40165000,FALSE
"THA","Thailand","Asia","Upper middle income",1974,87.4681,2.11995,41259500,FALSE
"THA","Thailand","Asia","Upper middle income",1975,92.14036,2.17646,42335000,FALSE
"THA","Thailand","Asia","Upper middle income",1976,96.98887,2.23545,43386800,FALSE
"THA","Thailand","Asia","Upper middle income",1977,101.32724,2.28132,44416000,FALSE
"THA","Thailand","Asia","Upper middle income",1978,108.14059,2.38072,45423400,FALSE
"THA","Thailand","Asia","Upper middle income",1979,108.82507,2.34475,46412300,FALSE
"THA","Thailand","Asia","Upper middle income",1980,111.0716,2.34401,47385300,FALSE
"THA","Thailand","Asia","Upper middle income",1981,113.17692,2.34139,48337500,FALSE
"THA","Thailand","Asia","Upper middle income",1982,112.83947,2.29034,49267600,FALSE
"THA","Thailand","Asia","Upper middle income",1983,117.72008,2.34567,50186200,FALSE
"THA","Thailand","Asia","Upper middle income",1984,122.52955,2.39746,51108100,FALSE
"THA","Thailand","Asia","Upper middle income",1985,129.22395,2.48309,52041500,FALSE
"THA","Thailand","Asia","Upper middle income",1986,131.03056,2.47244,52996500,FALSE
"THA","Thailand","Asia","Upper middle income",1987,139.74904,2.58965,53964400,FALSE
"THA","Thailand","Asia","Upper middle income",1988,152.18456,2.77141,54912300,FALSE
"THA","Thailand","Asia","Upper middle income",1989,166.66441,2.98708,55795100,FALSE
"THA","Thailand","Asia","Upper middle income",1990,183.28212,3.23918,56582800,FALSE
"THA","Thailand","Asia","Upper middle income",1991,197.67711,3.45237,57258400,FALSE
"THA","Thailand","Asia","Upper middle income",1992,208.53506,3.60551,57837900,FALSE
"THA","Thailand","Asia","Upper middle income",1993,223.31661,3.82621,58364900,FALSE
"THA","Thailand","Asia","Upper middle income",1994,239.18492,4.06075,58901700,FALSE
"THA","Thailand","Asia","Upper middle income",1995,255.49881,4.29469,59491800,FALSE
"THA","Thailand","Asia","Upper middle income",1996,275.11595,4.57372,60151500,FALSE
"THA","Thailand","Asia","Upper middle income",1997,279.48125,4.59194,60863500,FALSE
"THA","Thailand","Asia","Upper middle income",1998,255.84491,4.15351,61597300,FALSE
"THA","Thailand","Asia","Upper middle income",1999,265.46086,4.26055,62306700,FALSE
"THA","Thailand","Asia","Upper middle income",2000,266.58682,4.23436,62958000,FALSE
"THA","Thailand","Asia","Upper middle income",2001,278.65693,4.38531,63543300,FALSE
"THA","Thailand","Asia","Upper middle income",2002,291.77899,4.55384,64073200,FALSE
"THA","Thailand","Asia","Upper middle income",2003,305.22962,4.72821,64555000,FALSE
"THA","Thailand","Asia","Upper middle income",2004,327.03014,5.03106,65002200,FALSE
"THA","Thailand","Asia","Upper middle income",2005,338.87219,5.17951,65425500,FALSE
"THA","Thailand","Asia","Upper middle income",2006,343.89792,5.22449,65824200,FALSE
"THA","Thailand","Asia","Upper middle income",2007,355.10252,5.36444,66195600,FALSE
"THA","Thailand","Asia","Upper middle income",2008,356.99055,5.36458,66545800,FALSE
"THA","Thailand","Asia","Upper middle income",2009,354.29965,5.29739,66881900,FALSE
"THA","Thailand","Asia","Upper middle income",2010,373.95031,5.56401,67208800,FALSE
"THA","Thailand","Asia","Upper middle income",2011,373.9837,5.53803,67530100,FALSE
"THA","Thailand","Asia","Upper middle income",2012,392.56407,5.78628,67844000,FALSE
"THA","Thailand","Asia","Upper middle income",2013,403.86673,5.92674,68143100,FALSE
"THA","Thailand","Asia","Upper middle income",2014,395.70634,5.78376,68416800,FALSE
"THA","Thailand","Asia","Upper middle income",2015,401.38254,5.84615,68657600,FALSE
"THA","Thailand","Asia","Upper middle income",2016,401.08994,5.82442,68863500,FALSE
"THA","Thailand","Asia","Upper middle income",2017,406.63681,5.89009,69037500,FALSE
"THA","Thailand","Asia","Upper middle income",2018,402.11732,5.81236,69183173,FALSE
"THA","Thailand","Asia","Upper middle income",2019,410.46006,5.92242,69306160,FALSE
"THA","Thailand","Asia","Upper middle income",2020,403.90954,5.81911,69410868,FALSE
"THA","Thailand","Asia","Upper middle income",2021,398.69811,5.73683,69498000,FALSE
"THA","Thailand","Asia","Upper middle income",2022,417.77118,6.00531,69567000,FALSE
"THA","Thailand","Asia","Upper middle income",2023,410.66283,5.89855,69621000,FALSE
"THA","Thailand","Asia","Upper middle income",2024,422.38729,6.06356,69660000,FALSE
"TJK","Tajikistan","Asia","Lower middle income",1970,14.22615,4.85521,2930080,FALSE
"TJK","Tajikistan","Asia","Lower middle income",1971,14.56542,4.82236,3020390,FALSE
"TJK","Tajikistan","Asia","Lower middle income",1972,15.16994,4.87582,3111260,FALSE
"TJK","Tajikistan","Asia","Lower middle income",1973,15.76736,4.92265,3203020,FALSE
"TJK","Tajikistan","Asia","Lower middle income",1974,16.39615,4.97443,3296090,FALSE
"TJK","Tajikistan","Asia","Lower middle income",1975,17.29579,5.1006,3390930,FALSE
"TJK","Tajikistan","Asia","Lower middle income",1976,17.67238,5.06715,3487640,FALSE
"TJK","Tajikistan","Asia","Lower middle income",1977,18.04432,5.03118,3586500,FALSE
"TJK","Tajikistan","Asia","Lower middle income",1978,18.47155,5.00803,3688390,FALSE
"TJK","Tajikistan","Asia","Lower middle income",1979,18.91701,4.98548,3794420,FALSE
"TJK","Tajikistan","Asia","Lower middle income",1980,20.22499,5.17871,3905410,FALSE
"TJK","Tajikistan","Asia","Lower middle income",1981,20.3485,5.06083,4020780,FALSE
"TJK","Tajikistan","Asia","Lower middle income",1982,20.15808,4.8688,4140260,FALSE
"TJK","Tajikistan","Asia","Lower middle income",1983,20.65162,4.84183,4265250,FALSE
"TJK","Tajikistan","Asia","Lower middle income",1984,20.88393,4.74902,4397520,FALSE
"TJK","Tajikistan","Asia","Lower middle income",1985,21.59111,4.75807,4537790,FALSE
"TJK","Tajikistan","Asia","Lower middle income",1986,22.29202,4.75585,4687280,FALSE
"TJK","Tajikistan","Asia","Lower middle income",1987,22.78843,4.70451,4843950,FALSE
"TJK","Tajikistan","Asia","Lower middle income",1988,23.01978,4.60293,5001110,FALSE
"TJK","Tajikistan","Asia","Lower middle income",1989,23.19076,4.50323,5149800,FALSE
"TJK","Tajikistan","Asia","Lower middle income",1990,21.98516,4.16092,5283730,FALSE
"TJK","Tajikistan","Asia","Lower middle income",1991,22.5812,4.18115,5400710,FALSE
"TJK","Tajikistan","Asia","Lower middle income",1992,18.50657,3.36301,5502980,FALSE
"TJK","Tajikistan","Asia","Lower middle income",1993,14.12438,2.52487,5594110,FALSE
"TJK","Tajikistan","Asia","Lower middle income",1994,11.58245,2.03923,5679830,FALSE
"TJK","Tajikistan","Asia","Lower middle income",1995,11.02358,1.91225,5764710,FALSE
"TJK","Tajikistan","Asia","Lower middle income",1996,9.87663,1.68845,5849540,FALSE
"TJK","Tajikistan","Asia","Lower middle income",1997,10.05043,1.69362,5934280,FALSE
"TJK","Tajikistan","Asia","Lower middle income",1998,10.17355,1.68948,6021690,FALSE
"TJK","Tajikistan","Asia","Lower middle income",1999,10.02501,1.63944,6114890,FALSE
"TJK","Tajikistan","Asia","Lower middle income",2000,10.50862,1.69052,6216200,FALSE
"TJK","Tajikistan","Asia","Lower middle income",2001,9.99923,1.58038,6327120,FALSE
"TJK","Tajikistan","Asia","Lower middle income",2002,10.85719,1.68389,6447690,FALSE
"TJK","Tajikistan","Asia","Lower middle income",2003,10.19969,1.55084,6576880,FALSE
"TJK","Tajikistan","Asia","Lower middle income",2004,12.33439,1.83743,6712840,FALSE
"TJK","Tajikistan","Asia","Lower middle income",2005,11.80889,1.72287,6854180,FALSE
"TJK","Tajikistan","Asia","Lower middle income",2006,12.48893,1.78399,7000560,FALSE
"TJK","Tajikistan","Asia","Lower middle income",2007,13.97181,1.95345,7152390,FALSE
"TJK","Tajikistan","Asia","Lower middle income",2008,12.78947,1.74965,7309730,FALSE
"TJK","Tajikistan","Asia","Lower middle income",2009,12.00661,1.6067,7472820,FALSE
"TJK","Tajikistan","Asia","Lower middle income",2010,11.8875,1.55562,7641630,FALSE
"TJK","Tajikistan","Asia","Lower middle income",2011,11.85449,1.51671,7815950,FALSE
"TJK","Tajikistan","Asia","Lower middle income",2012,12.82962,1.60469,7995060,FALSE
"TJK","Tajikistan","Asia","Lower middle income",2013,13.05252,1.59609,8177810,FALSE
"TJK","Tajikistan","Asia","Lower middle income",2014,14.51796,1.73603,8362750,FALSE
"TJK","Tajikistan","Asia","Lower middle income",2015,15.28795,1.78835,8548650,FALSE
"TJK","Tajikistan","Asia","Lower middle income",2016,16.32231,1.86862,8734950,FALSE
"TJK","Tajikistan","Asia","Lower middle income",2017,18.05508,2.02381,8921340,FALSE
"TJK","Tajikistan","Asia","Lower middle income",2018,19.4273,2.13318,9107211,FALSE
"TJK","Tajikistan","Asia","Lower middle income",2019,20.41057,2.19657,9292000,FALSE
"TJK","Tajikistan","Asia","Lower middle income",2020,21.12641,2.22964,9475246,FALSE
"TJK","Tajikistan","Asia","Lower middle income",2021,21.35321,2.21139,9656000,FALSE
"TJK","Tajikistan","Asia","Lower middle income",2022,21.84895,2.22132,9836000,FALSE
"TJK","Tajikistan","Asia","Lower middle income",2023,21.67382,2.16457,10013000,FALSE
"TJK","Tajikistan","Asia","Lower middle income",2024,22.18897,2.17795,10188000,FALSE
"TKM","Turkmenistan","Asia","Upper middle income",1970,28.64534,13.04926,2195170,FALSE
"TKM","Turkmenistan","Asia","Upper middle income",1971,28.90498,12.7957,2258960,FALSE
"TKM","Turkmenistan","Asia","Upper middle income",1972,30.22699,13.00639,2324010,FALSE
"TKM","Turkmenistan","Asia","Upper middle income",1973,31.51587,13.1854,2390210,FALSE
"TKM","Turkmenistan","Asia","Upper middle income",1974,32.92657,13.39906,2457380,FALSE
"TKM","Turkmenistan","Asia","Upper middle income",1975,35.32795,13.98927,2525360,FALSE
"TKM","Turkmenistan","Asia","Upper middle income",1976,36.28758,13.98737,2594310,FALSE
"TKM","Turkmenistan","Asia","Upper middle income",1977,37.53013,14.08651,2664260,FALSE
"TKM","Turkmenistan","Asia","Upper middle income",1978,39.62637,14.48915,2734900,FALSE
"TKM","Turkmenistan","Asia","Upper middle income",1979,40.8389,14.55507,2805820,FALSE
"TKM","Turkmenistan","Asia","Upper middle income",1980,43.08393,14.97629,2876810,FALSE
"TKM","Turkmenistan","Asia","Upper middle income",1981,44.09305,14.95805,2947780,FALSE
"TKM","Turkmenistan","Asia","Upper middle income",1982,45.141,14.95195,3019070,FALSE
"TKM","Turkmenistan","Asia","Upper middle income",1983,46.34327,14.9905,3091510,FALSE
"TKM","Turkmenistan","Asia","Upper middle income",1984,47.78035,15.09066,3166220,FALSE
"TKM","Turkmenistan","Asia","Upper middle income",1985,48.99513,15.10322,3244020,FALSE
"TKM","Turkmenistan","Asia","Upper middle income",1986,50.59492,15.21899,3324460,FALSE
"TKM","Turkmenistan","Asia","Upper middle income",1987,52.03088,15.27032,3407320,FALSE
"TKM","Turkmenistan","Asia","Upper middle income",1988,53.11864,15.20329,3493890,FALSE
"TKM","Turkmenistan","Asia","Upper middle income",1989,53.56677,14.93829,3585870,FALSE
"TKM","Turkmenistan","Asia","Upper middle income",1990,61.3182,16.6446,3683970,FALSE
"TKM","Turkmenistan","Asia","Upper middle income",1991,55.5463,14.65919,3789180,FALSE
"TKM","Turkmenistan","Asia","Upper middle income",1992,42.67014,10.94151,3899840,FALSE
"TKM","Turkmenistan","Asia","Upper middle income",1993,42.03711,10.481,4010790,FALSE
"TKM","Turkmenistan","Asia","Upper middle income",1994,47.20298,11.47068,4115100,FALSE
"TKM","Turkmenistan","Asia","Upper middle income",1995,47.04754,11.18092,4207840,FALSE
"TKM","Turkmenistan","Asia","Upper middle income",1996,45.40687,10.59092,4287340,FALSE
"TKM","Turkmenistan","Asia","Upper middle income",1997,42.39689,9.73498,4355110,FALSE
"TKM","Turkmenistan","Asia","Upper middle income",1998,46.52787,10.54222,4413480,FALSE
"TKM","Turkmenistan","Asia","Upper middle income",1999,57.03655,12.77091,4466130,FALSE
"TKM","Turkmenistan","Asia","Upper middle income",2000,59.58974,13.19487,4516130,FALSE
"TKM","Turkmenistan","Asia","Upper middle income",2001,61.20123,13.40932,4564080,FALSE
"TKM","Turkmenistan","Asia","Upper middle income",2002,67.58349,14.66019,4610000,FALSE
"TKM","Turkmenistan","Asia","Upper middle income",2003,77.01175,16.54125,4655740,FALSE
"TKM","Turkmenistan","Asia","Upper middle income",2004,80.87171,17.19431,4703400,FALSE
"TKM","Turkmenistan","Asia","Upper middle income",2005,81.22196,17.08267,4754640,FALSE
"TKM","Turkmenistan","Asia","Upper middle income",2006,85.22555,17.71804,4810100,FALSE
"TKM","Turkmenistan","Asia","Upper middle income",2007,89.79917,18.43872,4870140,FALSE
"TKM","Turkmenistan","Asia","Upper middle income",2008,93.56304,18.95616,4935760,FALSE
"TKM","Turkmenistan","Asia","Upper middle income",2009,81.74398,16.32284,5007950,FALSE
"TKM","Turkmenistan","Asia","Upper middle income",2010,88.85668,17.46668,5087210,FALSE
"TKM","Turkmenistan","Asia","Upper middle income",2011,95.54831,18.4668,5174060,FALSE
"TKM","Turkmenistan","Asia","Upper middle income",2012,99.4391,18.87664,5267840,FALSE
"TKM","Turkmenistan","Asia","Upper middle income",2013,98.41985,18.34042,5366280,FALSE
"TKM","Turkmenistan","Asia","Upper middle income",2014,97.03477,17.75165,5466240,FALSE
"TKM","Turkmenistan","Asia","Upper middle income",2015,102.82381,18.47595,5565280,FALSE
"TKM","Turkmenistan","Asia","Upper middle income",2016,100.91361,17.82126,5662540,FALSE
"TKM","Turkmenistan","Asia","Upper middle income",2017,105.30168,18.28767,5758070,FALSE
"TKM","Turkmenistan","Asia","Upper middle income",2018,107.15991,18.31334,5851466,FALSE
"TKM","Turkmenistan","Asia","Upper middle income",2019,106.32715,17.89248,5942561,FALSE
"TKM","Turkmenistan","Asia","Upper middle income",2020,109.88407,18.21929,6031195,FALSE
"TKM","Turkmenistan","Asia","Upper middle income",2021,128.43487,20.99638,6117000,FALSE
"TKM","Turkmenistan","Asia","Upper middle income",2022,134.77888,21.74204,6199000,FALSE
"TKM","Turkmenistan","Asia","Upper middle income",2023,128.3196,20.43631,6279000,FALSE
"TKM","Turkmenistan","Asia","Upper middle income",2024,114.81218,18.06075,6357000,FALSE
"TLS","Timor-Leste","Asia","Lower middle income",1970,0.60918,1.0067,605125,FALSE
"TLS","Timor-Leste","Asia","Lower middle income",1971,0.62686,1.00952,620945,FALSE
"TLS","Timor-Leste","Asia","Lower middle income",1972,0.67209,1.05261,638499,FALSE
"TLS","Timor-Leste","Asia","Lower middle income",1973,0.68068,1.04009,654437,FALSE
"TLS","Timor-Leste","Asia","Lower middle income",1974,0.67641,1.01835,664223,FALSE
"TLS","Timor-Leste","Asia","Lower middle income",1975,0.6133,0.92228,664984,FALSE
"TLS","Timor-Leste","Asia","Lower middle income",1976,0.54683,0.83492,654947,FALSE
"TLS","Timor-Leste","Asia","Lower middle income",1977,0.47463,0.74617,636096,FALSE
"TLS","Timor-Leste","Asia","Lower middle income",1978,0.41868,0.68205,613857,FALSE
"TLS","Timor-Leste","Asia","Lower middle income",1979,0.34367,0.57675,595872,FALSE
"TLS","Timor-Leste","Asia","Lower middle income",1980,0.31072,0.52883,587563,FALSE
"TLS","Timor-Leste","Asia","Lower middle income",1981,0.31391,0.53115,591005,FALSE
"TLS","Timor-Leste","Asia","Lower middle income",1982,0.33654,0.55679,604430,FALSE
"TLS","Timor-Leste","Asia","Lower middle income",1983,0.36064,0.57735,624648,FALSE
"TLS","Timor-Leste","Asia","Lower middle income",1984,0.38819,0.60028,646688,FALSE
"TLS","Timor-Leste","Asia","Lower middle income",1985,0.41685,0.62502,666945,FALSE
"TLS","Timor-Leste","Asia","Lower middle income",1986,0.43261,0.6323,684184,FALSE
"TLS","Timor-Leste","Asia","Lower middle income",1987,0.44882,0.64161,699522,FALSE
"TLS","Timor-Leste","Asia","Lower middle income",1988,0.45134,0.63172,714474,FALSE
"TLS","Timor-Leste","Asia","Lower middle income",1989,0.48798,0.66714,731444,FALSE
"TLS","Timor-Leste","Asia","Lower middle income",1990,0.52967,0.70441,751933,FALSE
"TLS","Timor-Leste","Asia","Lower middle income",1991,0.60181,0.77453,777011,FALSE
"TLS","Timor-Leste","Asia","Lower middle income",1992,0.61001,0.75736,805435,FALSE
"TLS","Timor-Leste","Asia","Lower middle income",1993,0.66026,0.79205,833611,FALSE
"TLS","Timor-Leste","Asia","Lower middle income",1994,0.74383,0.86827,856684,FALSE
"TLS","Timor-Leste","Asia","Lower middle income",1995,0.75355,0.86471,871447,FALSE
"TLS","Timor-Leste","Asia","Lower middle income",1996,0.80172,0.91529,875916,FALSE
"TLS","Timor-Leste","Asia","Lower middle income",1997,0.79103,0.90715,871994,FALSE
"TLS","Timor-Leste","Asia","Lower middle income",1998,0.8941,1.0334,865194,FALSE
"TLS","Timor-Leste","Asia","Lower middle income",1999,0.90665,1.05025,863269,FALSE
"TLS","Timor-Leste","Asia","Lower middle income",2000,1.02256,1.17319,871607,FALSE
"TLS","Timor-Leste","Asia","Lower middle income",2001,1.08051,1.21061,892531,FALSE
"TLS","Timor-Leste","Asia","Lower middle income",2002,1.06192,1.14948,923825,FALSE
"TLS","Timor-Leste","Asia","Lower middle income",2003,1.08147,1.12553,960852,FALSE
"TLS","Timor-Leste","Asia","Lower middle income",2004,1.68253,1.6881,996698,FALSE
"TLS","Timor-Leste","Asia","Lower middle income",2005,2.01521,1.96323,1026480,FALSE
"TLS","Timor-Leste","Asia","Lower middle income",2006,2.16077,2.06059,1048620,FALSE
"TLS","Timor-Leste","Asia","Lower middle income",2007,1.97582,1.85528,1064970,FALSE
"TLS","Timor-Leste","Asia","Lower middle income",2008,2.17807,2.02027,1078110,FALSE
"TLS","Timor-Leste","Asia","Lower middle income",2009,2.17213,1.9891,1092020,FALSE
"TLS","Timor-Leste","Asia","Lower middle income",2010,2.08113,1.87558,1109590,FALSE
"TLS","Timor-Leste","Asia","Lower middle income",2011,2.22374,1.96527,1131520,FALSE
"TLS","Timor-Leste","Asia","Lower middle income",2012,2.61464,2.26032,1156760,FALSE
"TLS","Timor-Leste","Asia","Lower middle income",2013,2.37829,2.00806,1184370,FALSE
"TLS","Timor-Leste","Asia","Lower middle income",2014,2.16043,1.78134,1212810,FALSE
"TLS","Timor-Leste","Asia","Lower middle income",2015,2.21146,1.78202,1240980,FALSE
"TLS","Timor-Leste","Asia","Lower middle income",2016,2.01601,1.58908,1268670,FALSE
"TLS","Timor-Leste","Asia","Lower middle income",2017,1.89535,1.46211,1296310,FALSE
"TLS","Timor-Leste","Asia","Lower middle income",2018,1.88142,1.42091,1324094,FALSE
"TLS","Timor-Leste","Asia","Lower middle income",2019,2.10948,1.55985,1352360,FALSE
"TLS","Timor-Leste","Asia","Lower middle income",2020,1.91406,1.38559,1381400,FALSE
"TLS","Timor-Leste","Asia","Lower middle income",2021,1.8925,1.34125,1411000,FALSE
"TLS","Timor-Leste","Asia","Lower middle income",2022,1.93291,1.34137,1441000,FALSE
"TLS","Timor-Leste","Asia","Lower middle income",2023,1.87702,1.27429,1473000,FALSE
"TLS","Timor-Leste","Asia","Lower middle income",2024,1.94012,1.28997,1504000,FALSE
"TON","Tonga","Oceania","Upper middle income",1970,0.06716,0.79606,84369,FALSE
"TON","Tonga","Oceania","Upper middle income",1971,0.06709,0.78451,85518,FALSE
"TON","Tonga","Oceania","Upper middle income",1972,0.06906,0.79983,86347,FALSE
"TON","Tonga","Oceania","Upper middle income",1973,0.07926,0.91116,86988,FALSE
"TON","Tonga","Oceania","Upper middle income",1974,0.0883,1.00791,87609,FALSE
"TON","Tonga","Oceania","Upper middle income",1975,0.0916,1.03679,88348,FALSE
"TON","Tonga","Oceania","Upper middle income",1976,0.09837,1.10209,89254,FALSE
"TON","Tonga","Oceania","Upper middle income",1977,0.10815,1.19778,90295,FALSE
"TON","Tonga","Oceania","Upper middle income",1978,0.12577,1.3766,91364,FALSE
"TON","Tonga","Oceania","Upper middle income",1979,0.12918,1.39961,92300,FALSE
"TON","Tonga","Oceania","Upper middle income",1980,0.13436,1.44459,93007,FALSE
"TON","Tonga","Oceania","Upper middle income",1981,0.16021,1.71436,93453,FALSE
"TON","Tonga","Oceania","Upper middle income",1982,0.15051,1.6066,93681,FALSE
"TON","Tonga","Oceania","Upper middle income",1983,0.13488,1.43839,93774,FALSE
"TON","Tonga","Oceania","Upper middle income",1984,0.12219,1.30205,93842,FALSE
"TON","Tonga","Oceania","Upper middle income",1985,0.13942,1.48392,93953,FALSE
"TON","Tonga","Oceania","Upper middle income",1986,0.12342,1.31092,94145,FALSE
"TON","Tonga","Oceania","Upper middle income",1987,0.1689,1.78951,94384,FALSE
"TON","Tonga","Oceania","Upper middle income",1988,0.19181,2.02614,94667,FALSE
"TON","Tonga","Oceania","Upper middle income",1989,0.19741,2.07951,94929,FALSE
"TON","Tonga","Oceania","Upper middle income",1990,0.19407,2.03954,95153,FALSE
"TON","Tonga","Oceania","Upper middle income",1991,0.19952,2.0929,95333,FALSE
"TON","Tonga","Oceania","Upper middle income",1992,0.20906,2.18922,95496,FALSE
"TON","Tonga","Oceania","Upper middle income",1993,0.20967,2.19215,95644,FALSE
"TON","Tonga","Oceania","Upper middle income",1994,0.24853,2.59341,95833,FALSE
"TON","Tonga","Oceania","Upper middle income",1995,0.21909,2.2804,96076,FALSE
"TON","Tonga","Oceania","Upper middle income",1996,0.236,2.44891,96369,FALSE
"TON","Tonga","Oceania","Upper middle income",1997,0.24653,2.54875,96725,FALSE
"TON","Tonga","Oceania","Upper middle income",1998,0.25354,2.61013,97135,FALSE
"TON","Tonga","Oceania","Upper middle income",1999,0.25531,2.61608,97591,FALSE
"TON","Tonga","Oceania","Upper middle income",2000,0.20814,2.1221,98082,FALSE
"TON","Tonga","Oceania","Upper middle income",2001,0.20297,2.0583,98611,FALSE
"TON","Tonga","Oceania","Upper middle income",2002,0.21362,2.15373,99184,FALSE
"TON","Tonga","Oceania","Upper middle income",2003,0.23532,2.35816,99789,FALSE
"TON","Tonga","Oceania","Upper middle income",2004,0.22134,2.2045,100406,FALSE
"TON","Tonga","Oceania","Upper middle income",2005,0.23106,2.2868,101041,FALSE
"TON","Tonga","Oceania","Upper middle income",2006,0.2434,2.39354,101689,FALSE
"TON","Tonga","Oceania","Upper middle income",2007,0.22474,2.19564,102357,FALSE
"TON","Tonga","Oceania","Upper middle income",2008,0.23479,2.2794,103005,FALSE
"TON","Tonga","Oceania","Upper middle income",2009,0.24213,2.33709,103604,FALSE
"TON","Tonga","Oceania","Upper middle income",2010,0.23782,2.28368,104137,FALSE
"TON","Tonga","Oceania","Upper middle income",2011,0.23149,2.21359,104577,FALSE
"TON","Tonga","Oceania","Upper middle income",2012,0.23083,2.19937,104951,FALSE
"TON","Tonga","Oceania","Upper middle income",2013,0.23228,2.20527,105328,FALSE
"TON","Tonga","Oceania","Upper middle income",2014,0.2456,2.32172,105782,FALSE
"TON","Tonga","Oceania","Upper middle income",2015,0.24937,2.3445,106364,FALSE
"TON","Tonga","Oceania","Upper middle income",2016,0.25893,2.41712,107122,FALSE
"TON","Tonga","Oceania","Upper middle income",2017,0.27156,2.51396,108020,FALSE
"TON","Tonga","Oceania","Upper middle income",2018,0.26437,2.42525,109008,FALSE
"TON","Tonga","Oceania","Upper middle income",2019,0.28361,2.57733,110041,FALSE
"TON","Tonga","Oceania","Upper middle income",2020,0.30796,2.77349,111037,FALSE
"TON","Tonga","Oceania","Upper middle income",2021,0.32897,2.93725,112000,FALSE
"TON","Tonga","Oceania","Upper middle income",2022,0.28371,2.51067,113000,FALSE
"TON","Tonga","Oceania","Upper middle income",2023,0.28424,2.51542,113000,FALSE
"TON","Tonga","Oceania","Upper middle income",2024,0.2929,2.54699,115000,FALSE
"TTO","Trinidad and Tobago","America","High income",1970,9.08433,9.60296,945993,FALSE
"TTO","Trinidad and Tobago","America","High income",1971,9.11614,9.53207,956366,FALSE
"TTO","Trinidad and Tobago","America","High income",1972,8.81574,9.10021,968741,FALSE
"TTO","Trinidad and Tobago","America","High income",1973,9.23218,9.39574,982592,FALSE
"TTO","Trinidad and Tobago","America","High income",1974,9.47929,9.50731,997053,FALSE
"TTO","Trinidad and Tobago","America","High income",1975,8.91188,8.81064,1011490,FALSE
"TTO","Trinidad and Tobago","America","High income",1976,10.0452,9.79389,1025660,FALSE
"TTO","Trinidad and Tobago","America","High income",1977,10.95179,10.533,1039760,FALSE
"TTO","Trinidad and Tobago","America","High income",1978,11.3343,10.75239,1054120,FALSE
"TTO","Trinidad and Tobago","America","High income",1979,11.40705,10.66878,1069200,FALSE
"TTO","Trinidad and Tobago","America","High income",1980,12.24437,11.28191,1085310,FALSE
"TTO","Trinidad and Tobago","America","High income",1981,12.68836,11.50809,1102560,FALSE
"TTO","Trinidad and Tobago","America","High income",1982,13.73007,12.25232,1120610,FALSE
"TTO","Trinidad and Tobago","America","High income",1983,14.06671,12.35353,1138680,FALSE
"TTO","Trinidad and Tobago","America","High income",1984,14.75955,12.77121,1155690,FALSE
"TTO","Trinidad and Tobago","America","High income",1985,15.12721,12.91897,1170930,FALSE
"TTO","Trinidad and Tobago","America","High income",1986,14.87201,12.56029,1184050,FALSE
"TTO","Trinidad and Tobago","America","High income",1987,15.16171,12.68497,1195250,FALSE
"TTO","Trinidad and Tobago","America","High income",1988,15.94151,13.23068,1204890,FALSE
"TTO","Trinidad and Tobago","America","High income",1989,15.96073,13.15134,1213620,FALSE
"TTO","Trinidad and Tobago","America","High income",1990,15.89402,13.00763,1221900,FALSE
"TTO","Trinidad and Tobago","America","High income",1991,16.11953,13.10626,1229910,FALSE
"TTO","Trinidad and Tobago","America","High income",1992,16.37632,13.2335,1237490,FALSE
"TTO","Trinidad and Tobago","America","High income",1993,16.16288,12.98839,1244410,FALSE
"TTO","Trinidad and Tobago","America","High income",1994,17.89855,14.31517,1250320,FALSE
"TTO","Trinidad and Tobago","America","High income",1995,17.31927,13.80022,1255000,FALSE
"TTO","Trinidad and Tobago","America","High income",1996,18.38946,14.61383,1258360,FALSE
"TTO","Trinidad and Tobago","America","High income",1997,18.24846,14.47509,1260680,FALSE
"TTO","Trinidad and Tobago","America","High income",1998,22.01724,17.43885,1262540,FALSE
"TTO","Trinidad and Tobago","America","High income",1999,22.59189,17.86231,1264780,FALSE
"TTO","Trinidad and Tobago","America","High income",2000,23.50216,18.53512,1267980,FALSE
"TTO","Trinidad and Tobago","America","High income",2001,26.29462,20.6657,1272380,FALSE
"TTO","Trinidad and Tobago","America","High income",2002,28.34493,22.18191,1277840,FALSE
"TTO","Trinidad and Tobago","America","High income",2003,32.40575,25.23714,1284050,FALSE
"TTO","Trinidad and Tobago","America","High income",2004,34.54698,26.7694,1290540,FALSE
"TTO","Trinidad and Tobago","America","High income",2005,41.54202,32.03104,1296930,FALSE
"TTO","Trinidad and Tobago","America","High income",2006,45.69921,35.06853,1303140,FALSE
"TTO","Trinidad and Tobago","America","High income",2007,46.50947,35.52348,1309260,FALSE
"TTO","Trinidad and Tobago","America","High income",2008,45.50181,34.5924,1315370,FALSE
"TTO","Trinidad and Tobago","America","High income",2009,44.3753,33.57644,1321620,FALSE
"TTO","Trinidad and Tobago","America","High income",2010,48.07442,36.19789,1328100,FALSE
"TTO","Trinidad and Tobago","America","High income",2011,48.21173,36.11934,1334790,FALSE
"TTO","Trinidad and Tobago","America","High income",2012,44.70604,33.32318,1341590,FALSE
"TTO","Trinidad and Tobago","America","High income",2013,43.90957,32.56782,1348250,FALSE
"TTO","Trinidad and Tobago","America","High income",2014,43.77516,32.31855,1354490,FALSE
"TTO","Trinidad and Tobago","America","High income",2015,43.36214,31.88182,1360090,FALSE
"TTO","Trinidad and Tobago","America","High income",2016,40.04996,29.34149,1364960,FALSE
"TTO","Trinidad and Tobago","America","High income",2017,39.07623,28.54113,1369120,FALSE
"TTO","Trinidad and Tobago","America","High income",2018,39.27917,28.61666,1372598,FALSE
"TTO","Trinidad and Tobago","America","High income",2019,40.06816,29.13109,1375443,FALSE
"TTO","Trinidad and Tobago","America","High income",2020,36.52395,26.51026,1377729,FALSE
"TTO","Trinidad and Tobago","America","High income",2021,35.30654,25.58445,1380000,FALSE
"TTO","Trinidad and Tobago","America","High income",2022,35.18928,25.49948,1380000,FALSE
"TTO","Trinidad and Tobago","America","High income",2023,33.67537,24.38477,1381000,FALSE
"TTO","Trinidad and Tobago","America","High income",2024,33.58658,24.32048,1381000,FALSE
"TUN","Tunisia","Africa","Lower middle income",1970,10.47338,2.06967,5060400,FALSE
"TUN","Tunisia","Africa","Lower middle income",1971,10.84665,2.09691,5172690,FALSE
"TUN","Tunisia","Africa","Lower middle income",1972,11.56976,2.18812,5287540,FALSE
"TUN","Tunisia","Africa","Lower middle income",1973,11.6757,2.16003,5405350,FALSE
"TUN","Tunisia","Africa","Lower middle income",1974,12.52078,2.26548,5526760,FALSE
"TUN","Tunisia","Africa","Lower middle income",1975,12.96508,2.2937,5652480,FALSE
"TUN","Tunisia","Africa","Lower middle income",1976,12.95838,2.24124,5781800,FALSE
"TUN","Tunisia","Africa","Lower middle income",1977,14.05425,2.37603,5915010,FALSE
"TUN","Tunisia","Africa","Lower middle income",1978,14.75652,2.43712,6054910,FALSE
"TUN","Tunisia","Africa","Lower middle income",1979,15.88855,2.56052,6205210,FALSE
"TUN","Tunisia","Africa","Lower middle income",1980,17.07593,2.68145,6368170,FALSE
"TUN","Tunisia","Africa","Lower middle income",1981,17.52846,2.67814,6545020,FALSE
"TUN","Tunisia","Africa","Lower middle income",1982,17.39366,2.58298,6733960,FALSE
"TUN","Tunisia","Africa","Lower middle income",1983,19.12223,2.75919,6930390,FALSE
"TUN","Tunisia","Africa","Lower middle income",1984,19.84443,2.78403,7127940,FALSE
"TUN","Tunisia","Africa","Lower middle income",1985,20.34013,2.77799,7321880,FALSE
"TUN","Tunisia","Africa","Lower middle income",1986,20.57712,2.74005,7509760,FALSE
"TUN","Tunisia","Africa","Lower middle income",1987,20.89396,2.71623,7692250,FALSE
"TUN","Tunisia","Africa","Lower middle income",1988,21.61366,2.74583,7871460,FALSE
"TUN","Tunisia","Africa","Lower middle income",1989,22.75827,2.82679,8050930,FALSE
"TUN","Tunisia","Africa","Lower middle income",1990,23.21815,2.8202,8232800,FALSE
"TUN","Tunisia","Africa","Lower middle income",1991,24.27981,2.88438,8417680,FALSE
"TUN","Tunisia","Africa","Lower middle income",1992,25.43981,2.95701,8603230,FALSE
"TUN","Tunisia","Africa","Lower middle income",1993,25.99525,2.95909,8784890,FALSE
"TUN","Tunisia","Africa","Lower middle income",1994,25.73888,2.87373,8956600,FALSE
"TUN","Tunisia","Africa","Lower middle income",1995,26.23544,2.87859,9113980,FALSE
"TUN","Tunisia","Africa","Lower middle income",1996,27.23789,2.94272,9256040,FALSE
"TUN","Tunisia","Africa","Lower middle income",1997,27.68827,2.95054,9384150,FALSE
"TUN","Tunisia","Africa","Lower middle income",1998,29.00511,3.05336,9499400,FALSE
"TUN","Tunisia","Africa","Lower middle income",1999,30.55387,3.18146,9603740,FALSE
"TUN","Tunisia","Africa","Lower middle income",2000,31.60443,3.25846,9699200,FALSE
"TUN","Tunisia","Africa","Lower middle income",2001,32.57996,3.32934,9785700,FALSE
"TUN","Tunisia","Africa","Lower middle income",2002,32.32627,3.27709,9864330,FALSE
"TUN","Tunisia","Africa","Lower middle income",2003,32.03427,3.22287,9939680,FALSE
"TUN","Tunisia","Africa","Lower middle income",2004,33.60742,3.35484,10017600,FALSE
"TUN","Tunisia","Africa","Lower middle income",2005,34.82373,3.44704,10102500,FALSE
"TUN","Tunisia","Africa","Lower middle income",2006,36.20351,3.55072,10196100,FALSE
"TUN","Tunisia","Africa","Lower middle income",2007,37.06072,3.59879,10298100,FALSE
"TUN","Tunisia","Africa","Lower middle income",2008,38.34102,3.68405,10407300,FALSE
"TUN","Tunisia","Africa","Lower middle income",2009,38.2274,3.63316,10521800,FALSE
"TUN","Tunisia","Africa","Lower middle income",2010,40.14159,3.77274,10639900,FALSE
"TUN","Tunisia","Africa","Lower middle income",2011,38.31742,3.5606,10761500,FALSE
"TUN","Tunisia","Africa","Lower middle income",2012,40.32436,3.704,10886700,FALSE
"TUN","Tunisia","Africa","Lower middle income",2013,40.05525,3.63656,11014600,FALSE
"TUN","Tunisia","Africa","Lower middle income",2014,42.01371,3.77011,11143900,FALSE
"TUN","Tunisia","Africa","Lower middle income",2015,42.4361,3.76417,11273700,FALSE
"TUN","Tunisia","Africa","Lower middle income",2016,41.62745,3.65051,11403200,FALSE
"TUN","Tunisia","Africa","Lower middle income",2017,41.84074,3.6282,11532100,FALSE
"TUN","Tunisia","Africa","Lower middle income",2018,41.83082,3.5878,11659174,FALSE
"TUN","Tunisia","Africa","Lower middle income",2019,41.88368,3.55453,11783168,FALSE
"TUN","Tunisia","Africa","Lower middle income",2020,40.35552,3.39033,11903136,FALSE
"TUN","Tunisia","Africa","Lower middle income",2021,43.31988,3.60428,12019000,FALSE
"TUN","Tunisia","Africa","Lower middle income",2022,42.70545,3.52094,12129000,FALSE
"TUN","Tunisia","Africa","Lower middle income",2023,43.60206,3.56372,12235000,FALSE
"TUN","Tunisia","Africa","Lower middle income",2024,44.621,3.61743,12335000,FALSE
"TUR","Türkiye","Asia","Upper middle income",1970,101.57023,2.9123,34876300,FALSE
"TUR","Türkiye","Asia","Upper middle income",1971,105.86479,2.96369,35720600,FALSE
"TUR","Türkiye","Asia","Upper middle income",1972,114.77247,3.13696,36587200,FALSE
"TUR","Türkiye","Asia","Upper middle income",1973,120.54744,3.21697,37472300,FALSE
"TUR","Türkiye","Asia","Upper middle income",1974,123.76481,3.22555,38370200,FALSE
"TUR","Türkiye","Asia","Upper middle income",1975,130.91073,3.333,39277200,FALSE
"TUR","Türkiye","Asia","Upper middle income",1976,141.06822,3.51008,40189500,FALSE
"TUR","Türkiye","Asia","Upper middle income",1977,150.78246,3.66794,41108200,FALSE
"TUR","Türkiye","Asia","Upper middle income",1978,150.59638,3.58222,42039900,FALSE
"TUR","Türkiye","Asia","Upper middle income",1979,145.39986,3.38186,42994000,FALSE
"TUR","Türkiye","Asia","Upper middle income",1980,150.51396,3.42265,43975900,FALSE
"TUR","Türkiye","Asia","Upper middle income",1981,153.55237,3.41315,44988400,FALSE
"TUR","Türkiye","Asia","Upper middle income",1982,161.84646,3.51646,46025400,FALSE
"TUR","Türkiye","Asia","Upper middle income",1983,165.96694,3.52571,47073400,FALSE
"TUR","Türkiye","Asia","Upper middle income",1984,172.64354,3.58821,48114100,FALSE
"TUR","Türkiye","Asia","Upper middle income",1985,177.09387,3.60431,49133900,FALSE
"TUR","Türkiye","Asia","Upper middle income",1986,189.57663,3.78181,50128500,FALSE
"TUR","Türkiye","Asia","Upper middle income",1987,202.40679,3.96092,51100900,FALSE
"TUR","Türkiye","Asia","Upper middle income",1988,197.89307,3.80171,52053700,FALSE
"TUR","Türkiye","Asia","Upper middle income",1989,212.3052,4.00633,52992400,FALSE
"TUR","Türkiye","Asia","Upper middle income",1990,226.17777,4.19456,53921700,FALSE
"TUR","Türkiye","Asia","Upper middle income",1991,222.42509,4.05585,54840500,FALSE
"TUR","Türkiye","Asia","Upper middle income",1992,231.82302,4.15834,55748900,FALSE
"TUR","Türkiye","Asia","Upper middle income",1993,238.55191,4.2107,56653700,FALSE
"TUR","Türkiye","Asia","Upper middle income",1994,234.66235,4.07654,57564100,FALSE
"TUR","Türkiye","Asia","Upper middle income",1995,250.77798,4.2878,58486400,FALSE
"TUR","Türkiye","Asia","Upper middle income",1996,267.86962,4.50783,59423200,FALSE
"TUR","Türkiye","Asia","Upper middle income",1997,277.91168,4.60328,60372500,FALSE
"TUR","Türkiye","Asia","Upper middle income",1998,280.29265,4.57027,61329600,FALSE
"TUR","Türkiye","Asia","Upper middle income",1999,278.91131,4.47782,62287300,FALSE
"TUR","Türkiye","Asia","Upper middle income",2000,301.81841,4.77258,63240100,FALSE
"TUR","Türkiye","Asia","Upper middle income",2001,278.60535,4.34022,64191500,FALSE
"TUR","Türkiye","Asia","Upper middle income",2002,289.73731,4.44771,65143100,FALSE
"TUR","Türkiye","Asia","Upper middle income",2003,302.70714,4.58052,66085800,FALSE
"TUR","Türkiye","Asia","Upper middle income",2004,309.66872,4.62138,67007900,FALSE
"TUR","Türkiye","Asia","Upper middle income",2005,320.73024,4.72333,67903400,FALSE
"TUR","Türkiye","Asia","Upper middle income",2006,352.19089,5.12178,68763400,FALSE
"TUR","Türkiye","Asia","Upper middle income",2007,379.25637,5.4493,69597300,FALSE
"TUR","Türkiye","Asia","Upper middle income",2008,378.80854,5.37775,70440000,FALSE
"TUR","Türkiye","Asia","Upper middle income",2009,383.4098,5.37446,71339200,FALSE
"TUR","Türkiye","Asia","Upper middle income",2010,394.85122,5.45926,72326900,FALSE
"TUR","Türkiye","Asia","Upper middle income",2011,418.00671,5.69418,73409500,FALSE
"TUR","Türkiye","Asia","Upper middle income",2012,434.13872,5.8219,74569900,FALSE
"TUR","Türkiye","Asia","Upper middle income",2013,427.84288,5.64531,75787300,FALSE
"TUR","Türkiye","Asia","Upper middle income",2014,451.74372,5.86447,77030600,FALSE
"TUR","Türkiye","Asia","Upper middle income",2015,465.34767,5.9453,78271500,FALSE
"TUR","Türkiye","Asia","Upper middle income",2016,492.3681,6.19234,79512400,FALSE
"TUR","Türkiye","Asia","Upper middle income",2017,535.87724,6.63666,80745000,FALSE
"TUR","Türkiye","Asia","Upper middle income",2018,538.89425,6.57855,81916871,FALSE
"TUR","Türkiye","Asia","Upper middle income",2019,528.91451,6.3754,82961805,FALSE
"TUR","Türkiye","Asia","Upper middle income",2020,543.42887,6.48207,83835750,FALSE
"TUR","Türkiye","Asia","Upper middle income",2021,581.98483,6.88625,84514000,FALSE
"TUR","Türkiye","Asia","Upper middle income",2022,564.26142,6.63689,85019000,FALSE
"TUR","Türkiye","Asia","Upper middle income",2023,564.06214,6.60463,85404000,FALSE
"TUR","Türkiye","Asia","Upper middle income",2024,579.50682,6.75794,85752000,FALSE
"TWN","Taiwan","Asia","High income",1970,52.41039,3.56698,14693200,FALSE
"TWN","Taiwan","Asia","High income",1971,52.43481,3.48682,15038000,FALSE
"TWN","Taiwan","Asia","High income",1972,57.10401,3.71902,15354600,FALSE
"TWN","Taiwan","Asia","High income",1973,61.49837,3.92928,15651300,FALSE
"TWN","Taiwan","Asia","High income",1974,60.7455,3.81067,15940900,FALSE
"TWN","Taiwan","Asia","High income",1975,64.63826,3.98198,16232700,FALSE
"TWN","Taiwan","Asia","High income",1976,74.16577,4.48709,16528700,FALSE
"TWN","Taiwan","Asia","High income",1977,78.32203,4.65468,16826500,FALSE
"TWN","Taiwan","Asia","High income",1978,86.29128,5.03885,17125200,FALSE
"TWN","Taiwan","Asia","High income",1979,90.06499,5.1694,17422700,FALSE
"TWN","Taiwan","Asia","High income",1980,97.00341,5.47504,17717400,FALSE
"TWN","Taiwan","Asia","High income",1981,90.20516,5.00878,18009400,FALSE
"TWN","Taiwan","Asia","High income",1982,94.658,5.17279,18299200,FALSE
"TWN","Taiwan","Asia","High income",1983,99.09614,5.33225,18584300,FALSE
"TWN","Taiwan","Asia","High income",1984,99.7637,5.28914,18862000,FALSE
"TWN","Taiwan","Asia","High income",1985,99.02471,5.17638,19130100,FALSE
"TWN","Taiwan","Asia","High income",1986,110.7397,5.71194,19387400,FALSE
"TWN","Taiwan","Asia","High income",1987,115.61006,5.88826,19634000,FALSE
"TWN","Taiwan","Asia","High income",1988,132.8817,6.68759,19869900,FALSE
"TWN","Taiwan","Asia","High income",1989,143.18389,7.1251,20095700,FALSE
"TWN","Taiwan","Asia","High income",1990,146.52274,7.21371,20311700,FALSE
"TWN","Taiwan","Asia","High income",1991,157.43205,7.67258,20518800,FALSE
"TWN","Taiwan","Asia","High income",1992,165.47555,7.98754,20716700,FALSE
"TWN","Taiwan","Asia","High income",1993,176.91891,8.46385,20902900,FALSE
"TWN","Taiwan","Asia","High income",1994,186.93499,8.87037,21074100,FALSE
"TWN","Taiwan","Asia","High income",1995,196.86389,9.27357,21228500,FALSE
"TWN","Taiwan","Asia","High income",1996,206.36626,9.65949,21364100,FALSE
"TWN","Taiwan","Asia","High income",1997,221.22799,10.29758,21483500,FALSE
"TWN","Taiwan","Asia","High income",1998,232.46178,10.76441,21595400,FALSE
"TWN","Taiwan","Asia","High income",1999,242.3658,11.16296,21711600,FALSE
"TWN","Taiwan","Asia","High income",2000,259.16494,11.86642,21840200,FALSE
"TWN","Taiwan","Asia","High income",2001,267.33158,12.15956,21985300,FALSE
"TWN","Taiwan","Asia","High income",2002,322.42102,14.56066,22143300,FALSE
"TWN","Taiwan","Asia","High income",2003,333.51557,14.95163,22306300,FALSE
"TWN","Taiwan","Asia","High income",2004,348.35278,15.50826,22462400,FALSE
"TWN","Taiwan","Asia","High income",2005,342.50181,15.153,22602900,FALSE
"TWN","Taiwan","Asia","High income",2006,332.47432,14.63001,22725500,FALSE
"TWN","Taiwan","Asia","High income",2007,341.67219,14.96396,22833000,FALSE
"TWN","Taiwan","Asia","High income",2008,324.80059,14.1658,22928500,FALSE
"TWN","Taiwan","Asia","High income",2009,306.56814,13.31915,23017100,FALSE
"TWN","Taiwan","Asia","High income",2010,313.73755,13.5803,23102400,FALSE
"TWN","Taiwan","Asia","High income",2011,320.33784,13.8166,23185000,FALSE
"TWN","Taiwan","Asia","High income",2012,314.589,13.52263,23263900,FALSE
"TWN","Taiwan","Asia","High income",2013,319.76642,13.70042,23339900,FALSE
"TWN","Taiwan","Asia","High income",2014,324.67291,13.86679,23413700,FALSE
"TWN","Taiwan","Asia","High income",2015,323.55903,13.77679,23485800,FALSE
"TWN","Taiwan","Asia","High income",2016,327.07634,13.88464,23556700,FALSE
"TWN","Taiwan","Asia","High income",2017,332.65063,14.07956,23626500,FALSE
"TWN","Taiwan","Asia","High income",2018,328.54488,13.86611,23694089,FALSE
"TWN","Taiwan","Asia","High income",2019,318.57235,13.40892,23758247,FALSE
"TWN","Taiwan","Asia","High income",2020,317.03715,13.31087,23817905,FALSE
"TWN","Taiwan","Asia","High income",2021,328.01532,13.74001,23873000,FALSE
"TWN","Taiwan","Asia","High income",2022,318.56015,13.31606,23923000,FALSE
"TWN","Taiwan","Asia","High income",2023,310.44052,12.95229,23968000,FALSE
"TWN","Taiwan","Asia","High income",2024,309.61165,12.89565,24009000,FALSE
"TZA","Tanzania","Africa","Lower middle income",1970,19.034,1.39899,13605500,FALSE
"TZA","Tanzania","Africa","Lower middle income",1971,19.23122,1.36918,14045800,FALSE
"TZA","Tanzania","Africa","Lower middle income",1972,19.75851,1.36204,14506600,FALSE
"TZA","Tanzania","Africa","Lower middle income",1973,20.05069,1.33804,14985100,FALSE
"TZA","Tanzania","Africa","Lower middle income",1974,20.27194,1.30979,15477300,FALSE
"TZA","Tanzania","Africa","Lower middle income",1975,20.62501,1.29065,15980300,FALSE
"TZA","Tanzania","Africa","Lower middle income",1976,21.39991,1.29749,16493300,FALSE
"TZA","Tanzania","Africa","Lower middle income",1977,21.93332,1.28885,17017700,FALSE
"TZA","Tanzania","Africa","Lower middle income",1978,22.58643,1.28657,17555500,FALSE
"TZA","Tanzania","Africa","Lower middle income",1979,23.23137,1.2828,18109900,FALSE
"TZA","Tanzania","Africa","Lower middle income",1980,23.61837,1.26415,18683200,FALSE
"TZA","Tanzania","Africa","Lower middle income",1981,24.35485,1.26341,19277100,FALSE
"TZA","Tanzania","Africa","Lower middle income",1982,26.44326,1.32937,19891500,FALSE
"TZA","Tanzania","Africa","Lower middle income",1983,28.09005,1.3686,20524700,FALSE
"TZA","Tanzania","Africa","Lower middle income",1984,26.41749,1.24766,21173600,FALSE
"TZA","Tanzania","Africa","Lower middle income",1985,27.10909,1.24143,21837000,FALSE
"TZA","Tanzania","Africa","Lower middle income",1986,28.08763,1.24772,22511200,FALSE
"TZA","Tanzania","Africa","Lower middle income",1987,28.75748,1.23963,23198500,FALSE
"TZA","Tanzania","Africa","Lower middle income",1988,29.24805,1.22326,23910000,FALSE
"TZA","Tanzania","Africa","Lower middle income",1989,28.32666,1.14866,24660600,FALSE
"TZA","Tanzania","Africa","Lower middle income",1990,29.19735,1.14681,25459600,FALSE
"TZA","Tanzania","Africa","Lower middle income",1991,29.07893,1.10503,26315000,FALSE
"TZA","Tanzania","Africa","Lower middle income",1992,30.05791,1.10427,27219600,FALSE
"TZA","Tanzania","Africa","Lower middle income",1993,31.58759,1.12214,28149300,FALSE
"TZA","Tanzania","Africa","Lower middle income",1994,31.22663,1.07417,29070600,FALSE
"TZA","Tanzania","Africa","Lower middle income",1995,35.07579,1.17072,29960800,FALSE
"TZA","Tanzania","Africa","Lower middle income",1996,33.46089,1.08597,30811900,FALSE
"TZA","Tanzania","Africa","Lower middle income",1997,32.87075,1.03905,31635300,FALSE
"TZA","Tanzania","Africa","Lower middle income",1998,34.44494,1.06142,32451700,FALSE
"TZA","Tanzania","Africa","Lower middle income",1999,38.10655,1.14463,33291500,FALSE
"TZA","Tanzania","Africa","Lower middle income",2000,39.19678,1.14684,34178000,FALSE
"TZA","Tanzania","Africa","Lower middle income",2001,40.03588,1.14007,35117000,FALSE
"TZA","Tanzania","Africa","Lower middle income",2002,41.27365,1.14313,36105800,FALSE
"TZA","Tanzania","Africa","Lower middle income",2003,43.04914,1.15882,37149100,FALSE
"TZA","Tanzania","Africa","Lower middle income",2004,44.61464,1.1664,38250000,FALSE
"TZA","Tanzania","Africa","Lower middle income",2005,46.44098,1.17839,39410500,FALSE
"TZA","Tanzania","Africa","Lower middle income",2006,48.0044,1.18136,40634900,FALSE
"TZA","Tanzania","Africa","Lower middle income",2007,48.00855,1.14514,41923700,FALSE
"TZA","Tanzania","Africa","Lower middle income",2008,49.44003,1.14259,43270100,FALSE
"TZA","Tanzania","Africa","Lower middle income",2009,50.12557,1.12228,44664200,FALSE
"TZA","Tanzania","Africa","Lower middle income",2010,52.92434,1.14807,46098600,FALSE
"TZA","Tanzania","Africa","Lower middle income",2011,57.7279,1.21351,47570900,FALSE
"TZA","Tanzania","Africa","Lower middle income",2012,61.13525,1.24555,49083000,FALSE
"TZA","Tanzania","Africa","Lower middle income",2013,65.16552,1.28693,50636600,FALSE
"TZA","Tanzania","Africa","Lower middle income",2014,66.83646,1.27954,52234900,FALSE
"TZA","Tanzania","Africa","Lower middle income",2015,70.41585,1.3069,53880000,FALSE
"TZA","Tanzania","Africa","Lower middle income",2016,72.55737,1.30564,55572200,FALSE
"TZA","Tanzania","Africa","Lower middle income",2017,73.16076,1.27658,57310000,FALSE
"TZA","Tanzania","Africa","Lower middle income",2018,74.27701,1.25699,59091392,FALSE
"TZA","Tanzania","Africa","Lower middle income",2019,79.44247,1.30418,60913557,FALSE
"TZA","Tanzania","Africa","Lower middle income",2020,81.87966,1.30434,62774619,FALSE
"TZA","Tanzania","Africa","Lower middle income",2021,85.32824,1.31936,64674000,FALSE
"TZA","Tanzania","Africa","Lower middle income",2022,89.52293,1.34395,66612000,FALSE
"TZA","Tanzania","Africa","Lower middle income",2023,99.48498,1.45041,68591000,FALSE
"TZA","Tanzania","Africa","Lower middle income",2024,102.52501,1.45193,70613000,FALSE
"UGA","Uganda","Africa","Low income",1970,11.20204,1.1859,9446060,FALSE
"UGA","Uganda","Africa","Low income",1971,11.26984,1.1594,9720400,FALSE
"UGA","Uganda","Africa","Low income",1972,11.61983,1.16333,9988380,FALSE
"UGA","Uganda","Africa","Low income",1973,11.85233,1.1556,10256400,FALSE
"UGA","Uganda","Africa","Low income",1974,12.14473,1.15294,10533700,FALSE
"UGA","Uganda","Africa","Low income",1975,12.40998,1.1462,10827100,FALSE
"UGA","Uganda","Africa","Low income",1976,12.97226,1.1645,11139800,FALSE
"UGA","Uganda","Africa","Low income",1977,12.93611,1.12773,11470900,FALSE
"UGA","Uganda","Africa","Low income",1978,13.49029,1.14147,11818300,FALSE
"UGA","Uganda","Africa","Low income",1979,13.65765,1.12146,12178500,FALSE
"UGA","Uganda","Africa","Low income",1980,13.06026,1.0407,12549500,FALSE
"UGA","Uganda","Africa","Low income",1981,13.0442,1.00882,12930200,FALSE
"UGA","Uganda","Africa","Low income",1982,13.32806,1.00036,13323300,FALSE
"UGA","Uganda","Africa","Low income",1983,13.53948,0.98574,13735300,FALSE
"UGA","Uganda","Africa","Low income",1984,13.89823,0.98051,14174500,FALSE
"UGA","Uganda","Africa","Low income",1985,14.21693,0.97066,14646600,FALSE
"UGA","Uganda","Africa","Low income",1986,14.70177,0.97013,15154500,FALSE
"UGA","Uganda","Africa","Low income",1987,12.89233,0.82141,15695400,FALSE
"UGA","Uganda","Africa","Low income",1988,13.64903,0.83929,16262500,FALSE
"UGA","Uganda","Africa","Low income",1989,14.15188,0.84007,16846100,FALSE
"UGA","Uganda","Africa","Low income",1990,15.29444,0.87703,17438900,FALSE
"UGA","Uganda","Africa","Low income",1991,15.92057,0.8825,18040400,FALSE
"UGA","Uganda","Africa","Low income",1992,16.29602,0.87365,18652900,FALSE
"UGA","Uganda","Africa","Low income",1993,16.72063,0.86746,19275400,FALSE
"UGA","Uganda","Africa","Low income",1994,16.45639,0.82664,19907600,FALSE
"UGA","Uganda","Africa","Low income",1995,17.05731,0.83003,20550300,FALSE
"UGA","Uganda","Africa","Low income",1996,17.4821,0.82455,21202100,FALSE
"UGA","Uganda","Africa","Low income",1997,17.95904,0.82133,21865900,FALSE
"UGA","Uganda","Africa","Low income",1998,18.63834,0.82647,22551800,FALSE
"UGA","Uganda","Africa","Low income",1999,19.16639,0.82355,23273000,FALSE
"UGA","Uganda","Africa","Low income",2000,19.63392,0.81674,24039300,FALSE
"UGA","Uganda","Africa","Low income",2001,20.20443,0.8129,24854900,FALSE
"UGA","Uganda","Africa","Low income",2002,21.0556,0.81871,25718000,FALSE
"UGA","Uganda","Africa","Low income",2003,21.94045,0.82406,26624800,FALSE
"UGA","Uganda","Africa","Low income",2004,22.51,0.81651,27568400,FALSE
"UGA","Uganda","Africa","Low income",2005,23.68787,0.82988,28543900,FALSE
"UGA","Uganda","Africa","Low income",2006,24.48813,0.82868,29550700,FALSE
"UGA","Uganda","Africa","Low income",2007,25.81745,0.84397,30590500,FALSE
"UGA","Uganda","Africa","Low income",2008,33.38182,1.05425,31663900,FALSE
"UGA","Uganda","Africa","Low income",2009,34.72561,1.05962,32771900,FALSE
"UGA","Uganda","Africa","Low income",2010,35.8324,1.05653,33915100,FALSE
"UGA","Uganda","Africa","Low income",2011,37.38106,1.06518,35093600,FALSE
"UGA","Uganda","Africa","Low income",2012,38.6247,1.06384,36306800,FALSE
"UGA","Uganda","Africa","Low income",2013,39.65531,1.05596,37553700,FALSE
"UGA","Uganda","Africa","Low income",2014,41.38371,1.06568,38833300,FALSE
"UGA","Uganda","Africa","Low income",2015,43.42843,1.08179,40144900,FALSE
"UGA","Uganda","Africa","Low income",2016,45.39879,1.09426,41488000,FALSE
"UGA","Uganda","Africa","Low income",2017,45.96466,1.07236,42863000,FALSE
"UGA","Uganda","Africa","Low income",2018,48.07431,1.08592,44270563,FALSE
"UGA","Uganda","Africa","Low income",2019,49.98042,1.09338,45711874,FALSE
"UGA","Uganda","Africa","Low income",2020,50.91808,1.07905,47187703,FALSE
"UGA","Uganda","Africa","Low income",2021,53.56019,1.09984,48698000,FALSE
"UGA","Uganda","Africa","Low income",2022,54.26957,1.08014,50243000,FALSE
"UGA","Uganda","Africa","Low income",2023,56.60282,1.09223,51823000,FALSE
"UGA","Uganda","Africa","Low income",2024,57.29815,1.07226,53437000,FALSE
"UKR","Ukraine","Europe","Upper middle income",1970,612.81368,13.01455,47086800,FALSE
"UKR","Ukraine","Europe","Upper middle income",1971,616.77779,13.00292,47433800,FALSE
"UKR","Ukraine","Europe","Upper middle income",1972,647.39676,13.54868,47783000,FALSE
"UKR","Ukraine","Europe","Upper middle income",1973,682.57649,14.18276,48127200,FALSE
"UKR","Ukraine","Europe","Upper middle income",1974,711.49665,14.68363,48455100,FALSE
"UKR","Ukraine","Europe","Upper middle income",1975,741.56207,15.20872,48759000,FALSE
"UKR","Ukraine","Europe","Upper middle income",1976,763.41313,15.56826,49036500,FALSE
"UKR","Ukraine","Europe","Upper middle income",1977,776.85063,15.76053,49290900,FALSE
"UKR","Ukraine","Europe","Upper middle income",1978,821.43643,16.58566,49526900,FALSE
"UKR","Ukraine","Europe","Upper middle income",1979,836.69686,16.81759,49751300,FALSE
"UKR","Ukraine","Europe","Upper middle income",1980,857.83756,17.16746,49968800,FALSE
"UKR","Ukraine","Europe","Upper middle income",1981,847.1165,16.88189,50179000,FALSE
"UKR","Ukraine","Europe","Upper middle income",1982,846.41885,16.80089,50379400,FALSE
"UKR","Ukraine","Europe","Upper middle income",1983,849.58961,16.80027,50570000,FALSE
"UKR","Ukraine","Europe","Upper middle income",1984,855.13599,16.84967,50750900,FALSE
"UKR","Ukraine","Europe","Upper middle income",1985,857.90598,16.84785,50920800,FALSE
"UKR","Ukraine","Europe","Upper middle income",1986,875.44489,17.1391,51078800,FALSE
"UKR","Ukraine","Europe","Upper middle income",1987,899.59574,17.56299,51221100,FALSE
"UKR","Ukraine","Europe","Upper middle income",1988,905.36154,17.63476,51339600,FALSE
"UKR","Ukraine","Europe","Upper middle income",1989,902.37872,17.54798,51423500,FALSE
"UKR","Ukraine","Europe","Upper middle income",1990,977.94581,19.00241,51464300,FALSE
"UKR","Ukraine","Europe","Upper middle income",1991,918.80294,17.8538,51462600,FALSE
"UKR","Ukraine","Europe","Upper middle income",1992,818.6225,15.92112,51417400,FALSE
"UKR","Ukraine","Europe","Upper middle income",1993,725.07411,14.12915,51317600,FALSE
"UKR","Ukraine","Europe","Upper middle income",1994,613.50347,11.99432,51149500,FALSE
"UKR","Ukraine","Europe","Upper middle income",1995,597.36909,11.73482,50905700,FALSE
"UKR","Ukraine","Europe","Upper middle income",1996,518.07606,10.2422,50582500,FALSE
"UKR","Ukraine","Europe","Upper middle income",1997,496.07939,9.88417,50189300,FALSE
"UKR","Ukraine","Europe","Upper middle income",1998,469.7716,9.44291,49748600,FALSE
"UKR","Ukraine","Europe","Upper middle income",1999,468.32914,9.50135,49290800,FALSE
"UKR","Ukraine","Europe","Upper middle income",2000,462.11093,9.46171,48840100,FALSE
"UKR","Ukraine","Europe","Upper middle income",2001,460.2655,9.50905,48402900,FALSE
"UKR","Ukraine","Europe","Upper middle income",2002,463.15765,9.65322,47979600,FALSE
"UKR","Ukraine","Europe","Upper middle income",2003,495.65791,10.41723,47580600,FALSE
"UKR","Ukraine","Europe","Upper middle income",2004,468.96426,9.93232,47216000,FALSE
"UKR","Ukraine","Europe","Upper middle income",2005,456.23518,9.72945,46892200,FALSE
"UKR","Ukraine","Europe","Upper middle income",2006,455.73435,9.77627,46616400,FALSE
"UKR","Ukraine","Europe","Upper middle income",2007,471.21759,10.15853,46386400,FALSE
"UKR","Ukraine","Europe","Upper middle income",2008,455.99249,9.87287,46186400,FALSE
"UKR","Ukraine","Europe","Upper middle income",2009,389.79412,8.47489,45994000,FALSE
"UKR","Ukraine","Europe","Upper middle income",2010,414.19987,9.04515,45792500,FALSE
"UKR","Ukraine","Europe","Upper middle income",2011,441.1345,9.67903,45576300,FALSE
"UKR","Ukraine","Europe","Upper middle income",2012,431.65277,9.5184,45349300,FALSE
"UKR","Ukraine","Europe","Upper middle income",2013,423.15491,9.37931,45115800,FALSE
"UKR","Ukraine","Europe","Upper middle income",2014,372.05925,8.28946,44883400,FALSE
"UKR","Ukraine","Europe","Upper middle income",2015,316.8593,7.09529,44657700,FALSE
"UKR","Ukraine","Europe","Upper middle income",2016,322.88153,7.26579,44438600,FALSE
"UKR","Ukraine","Europe","Upper middle income",2017,297.82488,6.73463,44222900,FALSE
"UKR","Ukraine","Europe","Upper middle income",2018,311.19259,7.07108,44009214,FALSE
"UKR","Ukraine","Europe","Upper middle income",2019,301.63755,6.88745,43795220,FALSE
"UKR","Ukraine","Europe","Upper middle income",2020,292.72726,6.71713,43579234,FALSE
"UKR","Ukraine","Europe","Upper middle income",2021,285.03644,6.57357,43361000,FALSE
"UKR","Ukraine","Europe","Upper middle income",2022,199.76948,4.63072,43140000,FALSE
"UKR","Ukraine","Europe","Upper middle income",2023,201.6123,4.69784,42916000,FALSE
"UKR","Ukraine","Europe","Upper middle income",2024,196.96401,4.61404,42688000,FALSE
"URY","Uruguay","America","High income",1970,28.56863,10.1675,2809800,FALSE
"URY","Uruguay","America","High income",1971,28.22973,10.01669,2818270,FALSE
"URY","Uruguay","America","High income",1972,29.13353,10.32577,2821440,FALSE
"URY","Uruguay","America","High income",1973,29.91182,10.59921,2822080,FALSE
"URY","Uruguay","America","High income",1974,30.98741,10.97261,2824070,FALSE
"URY","Uruguay","America","High income",1975,32.94681,11.64128,2830170,FALSE
"URY","Uruguay","America","High income",1976,31.35694,11.03562,2841430,FALSE
"URY","Uruguay","America","High income",1977,30.99088,10.84693,2857110,FALSE
"URY","Uruguay","America","High income",1978,31.35457,10.90226,2875970,FALSE
"URY","Uruguay","America","High income",1979,33.01061,11.39861,2896020,FALSE
"URY","Uruguay","America","High income",1980,35.05868,12.02378,2915780,FALSE
"URY","Uruguay","America","High income",1981,35.29596,12.02572,2935040,FALSE
"URY","Uruguay","America","High income",1982,34.46312,11.66549,2954280,FALSE
"URY","Uruguay","America","High income",1983,30.19478,10.15476,2973460,FALSE
"URY","Uruguay","America","High income",1984,28.48585,9.51863,2992640,FALSE
"URY","Uruguay","America","High income",1985,29.02245,9.6359,3011910,FALSE
"URY","Uruguay","America","High income",1986,29.21345,9.63809,3031040,FALSE
"URY","Uruguay","America","High income",1987,31.04326,10.17822,3049970,FALSE
"URY","Uruguay","America","High income",1988,33.1384,10.79743,3069100,FALSE
"URY","Uruguay","America","High income",1989,31.76867,10.28452,3088980,FALSE
"URY","Uruguay","America","High income",1990,28.9014,9.29308,3109990,FALSE
"URY","Uruguay","America","High income",1991,30.69943,9.8017,3132050,FALSE
"URY","Uruguay","America","High income",1992,32.54588,10.31611,3154860,FALSE
"URY","Uruguay","America","High income",1993,33.28102,10.47179,3178160,FALSE
"URY","Uruguay","America","High income",1994,33.44213,10.44541,3201610,FALSE
"URY","Uruguay","America","High income",1995,33.79298,10.47909,3224800,FALSE
"URY","Uruguay","America","High income",1996,35.24075,10.84988,3248030,FALSE
"URY","Uruguay","America","High income",1997,34.97196,10.69149,3271010,FALSE
"URY","Uruguay","America","High income",1998,34.51085,10.4828,3292140,FALSE
"URY","Uruguay","America","High income",1999,35.65349,10.77366,3309320,FALSE
"URY","Uruguay","America","High income",2000,33.82888,10.18562,3321240,FALSE
"URY","Uruguay","America","High income",2001,33.47999,10.06281,3327100,FALSE
"URY","Uruguay","America","High income",2002,34.17969,10.27105,3327770,FALSE
"URY","Uruguay","America","High income",2003,35.13291,10.56425,3325640,FALSE
"URY","Uruguay","America","High income",2004,37.14885,11.17561,3324100,FALSE
"URY","Uruguay","America","High income",2005,37.30304,11.2169,3325610,FALSE
"URY","Uruguay","America","High income",2006,39.33407,11.80834,3331040,FALSE
"URY","Uruguay","America","High income",2007,38.50204,11.52845,3339740,FALSE
"URY","Uruguay","America","High income",2008,42.11014,12.56711,3350820,FALSE
"URY","Uruguay","America","High income",2009,41.49345,12.33911,3362760,FALSE
"URY","Uruguay","America","High income",2010,38.4637,11.39864,3374410,FALSE
"URY","Uruguay","America","High income",2011,39.67807,11.71959,3385620,FALSE
"URY","Uruguay","America","High income",2012,40.26697,11.85445,3396780,FALSE
"URY","Uruguay","America","High income",2013,39.0731,11.46508,3408010,FALSE
"URY","Uruguay","America","High income",2014,39.22911,11.47201,3419550,FALSE
"URY","Uruguay","America","High income",2015,39.67297,11.56124,3431550,FALSE
"URY","Uruguay","America","High income",2016,39.87999,11.57952,3444010,FALSE
"URY","Uruguay","America","High income",2017,39.01435,11.28642,3456750,FALSE
"URY","Uruguay","America","High income",2018,38.66145,11.14307,3469551,FALSE
"URY","Uruguay","America","High income",2019,39.23815,11.26835,3482156,FALSE
"URY","Uruguay","America","High income",2020,38.60494,11.0477,3494387,FALSE
"URY","Uruguay","America","High income",2021,42.27181,12.05699,3506000,FALSE
"URY","Uruguay","America","High income",2022,41.11043,11.68574,3518000,FALSE
"URY","Uruguay","America","High income",2023,42.92718,12.16757,3528000,FALSE
"URY","Uruguay","America","High income",2024,44.62715,12.6101,3539000,FALSE
"USA","United States","America","High income",1970,5788.21145,27.61709,209588000,FALSE
"USA","United States","America","High income",1971,5661.12977,26.77138,211462000,FALSE
"USA","United States","America","High income",1972,5930.48133,27.7967,213352000,FALSE
"USA","United States","America","High income",1973,6128.57083,28.46936,215269000,FALSE
"USA","United States","America","High income",1974,5948.97425,27.38711,217218000,FALSE
"USA","United States","America","High income",1975,5730.16648,26.14067,219205000,FALSE
"USA","United States","America","High income",1976,6043.9505,27.31865,221239000,FALSE
"USA","United States","America","High income",1977,6199.7839,27.76139,223324000,FALSE
"USA","United States","America","High income",1978,6193.97737,27.47384,225450000,FALSE
"USA","United States","America","High income",1979,6259.75577,27.50332,227600000,FALSE
"USA","United States","America","High income",1980,6027.23378,26.2324,229763000,FALSE
"USA","United States","America","High income",1981,5949.37727,25.65061,231939000,FALSE
"USA","United States","America","High income",1982,5681.11318,24.26447,234133000,FALSE
"USA","United States","America","High income",1983,5651.2482,23.91111,236344000,FALSE
"USA","United States","America","High income",1984,5882.18518,24.6556,238574000,FALSE
"USA","United States","America","High income",1985,5892.81638,24.46939,240824000,FALSE
"USA","United States","America","High income",1986,5846.33433,24.04919,243099000,FALSE
"USA","United States","America","High income",1987,6007.3421,24.4795,245403000,FALSE
"USA","United States","America","High income",1988,6238.14508,25.18021,247740000,FALSE
"USA","United States","America","High income",1989,6296.01283,25.17267,250113000,FALSE
"USA","United States","America","High income",1990,6216.3265,24.61619,252530000,FALSE
"USA","United States","America","High income",1991,6161.41656,24.16479,254975000,FALSE
"USA","United States","America","High income",1992,6258.64546,24.30976,257454000,FALSE
"USA","United States","America","High income",1993,6380.35692,24.53795,260020000,FALSE
"USA","United States","America","High income",1994,6490.88815,24.70442,262742000,FALSE
"USA","United States","America","High income",1995,6558.69719,24.68841,265659000,FALSE
"USA","United States","America","High income",1996,6728.07646,25.02977,268803000,FALSE
"USA","United States","America","High income",1997,7010.45216,25.76075,272137000,FALSE
"USA","United States","America","High income",1998,7055.12064,25.60443,275543000,FALSE
"USA","United States","America","High income",1999,7060.16962,25.31779,278862000,FALSE
"USA","United States","America","High income",2000,7219.82453,25.60376,281983000,FALSE
"USA","United States","America","High income",2001,7157.79284,25.12811,284852000,FALSE
"USA","United States","America","High income",2002,6992.39858,24.32079,287507000,FALSE
"USA","United States","America","High income",2003,7058.64369,24.3378,290028000,FALSE
"USA","United States","America","High income",2004,7157.79873,24.46784,292539000,FALSE
"USA","United States","America","High income",2005,7160.63905,24.26266,295130000,FALSE
"USA","United States","America","High income",2006,7041.30862,23.64228,297827000,FALSE
"USA","United States","America","High income",2007,7129.18182,23.7169,300595000,FALSE
"USA","United States","America","High income",2008,6941.73049,22.88176,303374000,FALSE
"USA","United States","America","High income",2009,6487.70101,21.19637,306076000,FALSE
"USA","United States","America","High income",2010,6754.18639,21.88363,308641000,FALSE
"USA","United States","America","High income",2011,6546.87001,21.04758,311051000,FALSE
"USA","United States","America","High income",2012,6311.69345,20.1436,313335000,FALSE
"USA","United States","America","High income",2013,6448.63675,20.43702,315537000,FALSE
"USA","United States","America","High income",2014,6488.47676,20.42206,317719000,FALSE
"USA","United States","America","High income",2015,6364.00372,19.89193,319929000,FALSE
"USA","United States","America","High income",2016,6237.73796,19.36103,322180000,FALSE
"USA","United States","America","High income",2017,6183.64446,19.05832,324459000,FALSE
"USA","United States","America","High income",2018,6370.44757,19.4954,326766748,FALSE
"USA","United States","America","High income",2019,6248.24288,18.98625,329093110,FALSE
"USA","United States","America","High income",2020,5703.91542,17.20994,331431534,FALSE
"USA","United States","America","High income",2021,6000.50671,17.97727,333783000,FALSE
"USA","United States","America","High income",2022,6074.23615,18.07002,336150000,FALSE
"USA","United States","America","High income",2023,5890.98643,17.40198,338524000,FALSE
"USA","United States","America","High income",2024,5912.61772,17.3444,340895000,FALSE
"UZB","Uzbekistan","Asia","Lower middle income",1970,78.59211,6.48985,12110000,FALSE
"UZB","Uzbekistan","Asia","Lower middle income",1971,79.79193,6.39507,12477100,FALSE
"UZB","Uzbekistan","Asia","Lower middle income",1972,83.63396,6.51934,12828600,FALSE
"UZB","Uzbekistan","Asia","Lower middle income",1973,87.65573,6.65389,13173600,FALSE
"UZB","Uzbekistan","Asia","Lower middle income",1974,92.28313,6.8231,13525100,FALSE
"UZB","Uzbekistan","Asia","Lower middle income",1975,99.80863,7.1843,13892600,FALSE
"UZB","Uzbekistan","Asia","Lower middle income",1976,101.22317,7.0889,14279100,FALSE
"UZB","Uzbekistan","Asia","Lower middle income",1977,104.61942,7.12594,14681500,FALSE
"UZB","Uzbekistan","Asia","Lower middle income",1978,109.33481,7.24263,15096000,FALSE
"UZB","Uzbekistan","Asia","Lower middle income",1979,112.68563,7.26212,15516900,FALSE
"UZB","Uzbekistan","Asia","Lower middle income",1980,119.67864,7.50821,15939700,FALSE
"UZB","Uzbekistan","Asia","Lower middle income",1981,122.97584,7.51521,16363600,FALSE
"UZB","Uzbekistan","Asia","Lower middle income",1982,126.5587,7.5377,16790100,FALSE
"UZB","Uzbekistan","Asia","Lower middle income",1983,130.72996,7.59122,17221200,FALSE
"UZB","Uzbekistan","Asia","Lower middle income",1984,135.12661,7.65156,17660000,FALSE
"UZB","Uzbekistan","Asia","Lower middle income",1985,139.38397,7.69724,18108300,FALSE
"UZB","Uzbekistan","Asia","Lower middle income",1986,144.4087,7.77834,18565500,FALSE
"UZB","Uzbekistan","Asia","Lower middle income",1987,149.28316,7.84466,19029900,FALSE
"UZB","Uzbekistan","Asia","Lower middle income",1988,151.75954,7.78206,19501200,FALSE
"UZB","Uzbekistan","Asia","Lower middle income",1989,152.72749,7.64436,19979100,FALSE
"UZB","Uzbekistan","Asia","Lower middle income",1990,163.18132,7.97465,20462500,FALSE
"UZB","Uzbekistan","Asia","Lower middle income",1991,162.5073,7.75639,20951400,FALSE
"UZB","Uzbekistan","Asia","Lower middle income",1992,152.70716,7.12137,21443500,FALSE
"UZB","Uzbekistan","Asia","Lower middle income",1993,153.37804,6.99344,21931700,FALSE
"UZB","Uzbekistan","Asia","Lower middle income",1994,150.37785,6.71114,22407200,FALSE
"UZB","Uzbekistan","Asia","Lower middle income",1995,142.19608,6.2194,22863300,FALSE
"UZB","Uzbekistan","Asia","Lower middle income",1996,146.62375,6.29316,23298900,FALSE
"UZB","Uzbekistan","Asia","Lower middle income",1997,145.08697,6.11781,23715500,FALSE
"UZB","Uzbekistan","Asia","Lower middle income",1998,160.96569,6.67564,24112400,FALSE
"UZB","Uzbekistan","Asia","Lower middle income",1999,159.51043,6.51334,24489800,FALSE
"UZB","Uzbekistan","Asia","Lower middle income",2000,169.40505,6.81741,24848900,FALSE
"UZB","Uzbekistan","Asia","Lower middle income",2001,175.01425,6.94818,25188500,FALSE
"UZB","Uzbekistan","Asia","Lower middle income",2002,185.78778,7.2824,25511900,FALSE
"UZB","Uzbekistan","Asia","Lower middle income",2003,174.13707,6.74148,25830700,FALSE
"UZB","Uzbekistan","Asia","Lower middle income",2004,176.14121,6.73315,26160300,FALSE
"UZB","Uzbekistan","Asia","Lower middle income",2005,177.25226,6.68569,26512200,FALSE
"UZB","Uzbekistan","Asia","Lower middle income",2006,189.40996,7.0438,26890300,FALSE
"UZB","Uzbekistan","Asia","Lower middle income",2007,183.60086,6.72718,27292400,FALSE
"UZB","Uzbekistan","Asia","Lower middle income",2008,195.14118,7.04079,27715800,FALSE
"UZB","Uzbekistan","Asia","Lower middle income",2009,176.54807,6.27051,28155300,FALSE
"UZB","Uzbekistan","Asia","Lower middle income",2010,192.44408,6.72733,28606300,FALSE
"UZB","Uzbekistan","Asia","Lower middle income",2011,198.39161,6.82504,29068200,FALSE
"UZB","Uzbekistan","Asia","Lower middle income",2012,187.0615,6.33231,29540800,FALSE
"UZB","Uzbekistan","Asia","Lower middle income",2013,186.4686,6.21154,30019700,FALSE
"UZB","Uzbekistan","Asia","Lower middle income",2014,178.11407,5.83988,30499600,FALSE
"UZB","Uzbekistan","Asia","Lower middle income",2015,173.18533,5.59095,30976000,FALSE
"UZB","Uzbekistan","Asia","Lower middle income",2016,182.96665,5.81829,31446800,FALSE
"UZB","Uzbekistan","Asia","Lower middle income",2017,188.0524,5.8931,31910600,FALSE
"UZB","Uzbekistan","Asia","Lower middle income",2018,185.51816,5.73206,32364996,FALSE
"UZB","Uzbekistan","Asia","Lower middle income",2019,189.63608,5.78029,32807368,FALSE
"UZB","Uzbekistan","Asia","Lower middle income",2020,198.23834,5.9646,33235825,FALSE
"UZB","Uzbekistan","Asia","Lower middle income",2021,210.47887,6.25513,33649000,FALSE
"UZB","Uzbekistan","Asia","Lower middle income",2022,206.85466,6.07556,34047000,FALSE
"UZB","Uzbekistan","Asia","Lower middle income",2023,211.36569,6.13935,34428000,FALSE
"UZB","Uzbekistan","Asia","Lower middle income",2024,227.48837,6.53815,34794000,FALSE
"VCT","Saint Vincent and the Grenadines","America","Upper middle income",1970,0.04647,0.51371,90452,FALSE
"VCT","Saint Vincent and the Grenadines","America","Upper middle income",1971,0.04756,0.52017,91440,FALSE
"VCT","Saint Vincent and the Grenadines","America","Upper middle income",1972,0.05038,0.54482,92463,FALSE
"VCT","Saint Vincent and the Grenadines","America","Upper middle income",1973,0.05195,0.55547,93517,FALSE
"VCT","Saint Vincent and the Grenadines","America","Upper middle income",1974,0.05121,0.54151,94568,FALSE
"VCT","Saint Vincent and the Grenadines","America","Upper middle income",1975,0.05443,0.56932,95611,FALSE
"VCT","Saint Vincent and the Grenadines","America","Upper middle income",1976,0.05386,0.55727,96641,FALSE
"VCT","Saint Vincent and the Grenadines","America","Upper middle income",1977,0.05627,0.57624,97649,FALSE
"VCT","Saint Vincent and the Grenadines","America","Upper middle income",1978,0.05712,0.57907,98633,FALSE
"VCT","Saint Vincent and the Grenadines","America","Upper middle income",1979,0.05804,0.58278,99590,FALSE
"VCT","Saint Vincent and the Grenadines","America","Upper middle income",1980,0.0588,0.58508,100505,FALSE
"VCT","Saint Vincent and the Grenadines","America","Upper middle income",1981,0.05973,0.58921,101379,FALSE
"VCT","Saint Vincent and the Grenadines","America","Upper middle income",1982,0.05996,0.58669,102204,FALSE
"VCT","Saint Vincent and the Grenadines","America","Upper middle income",1983,0.06104,0.59276,102984,FALSE
"VCT","Saint Vincent and the Grenadines","America","Upper middle income",1984,0.06527,0.6292,103742,FALSE
"VCT","Saint Vincent and the Grenadines","America","Upper middle income",1985,0.06581,0.62987,104477,FALSE
"VCT","Saint Vincent and the Grenadines","America","Upper middle income",1986,0.06372,0.60573,105198,FALSE
"VCT","Saint Vincent and the Grenadines","America","Upper middle income",1987,0.06099,0.57593,105896,FALSE
"VCT","Saint Vincent and the Grenadines","America","Upper middle income",1988,0.06833,0.6414,106536,FALSE
"VCT","Saint Vincent and the Grenadines","America","Upper middle income",1989,0.07754,0.72408,107084,FALSE
"VCT","Saint Vincent and the Grenadines","America","Upper middle income",1990,0.07848,0.73,107505,FALSE
"VCT","Saint Vincent and the Grenadines","America","Upper middle income",1991,0.07599,0.7048,107814,FALSE
"VCT","Saint Vincent and the Grenadines","America","Upper middle income",1992,0.08241,0.76302,108003,FALSE
"VCT","Saint Vincent and the Grenadines","America","Upper middle income",1993,0.07626,0.70547,108092,FALSE
"VCT","Saint Vincent and the Grenadines","America","Upper middle income",1994,0.10019,0.92657,108129,FALSE
"VCT","Saint Vincent and the Grenadines","America","Upper middle income",1995,0.10528,0.97374,108122,FALSE
"VCT","Saint Vincent and the Grenadines","America","Upper middle income",1996,0.09943,0.92002,108075,FALSE
"VCT","Saint Vincent and the Grenadines","America","Upper middle income",1997,0.11023,1.0206,108004,FALSE
"VCT","Saint Vincent and the Grenadines","America","Upper middle income",1998,0.11759,1.08958,107922,FALSE
"VCT","Saint Vincent and the Grenadines","America","Upper middle income",1999,0.11846,1.09811,107880,FALSE
"VCT","Saint Vincent and the Grenadines","America","Upper middle income",2000,0.09236,0.85604,107898,FALSE
"VCT","Saint Vincent and the Grenadines","America","Upper middle income",2001,0.09893,0.91608,107988,FALSE
"VCT","Saint Vincent and the Grenadines","America","Upper middle income",2002,0.10592,0.97939,108146,FALSE
"VCT","Saint Vincent and the Grenadines","America","Upper middle income",2003,0.10961,1.0116,108350,FALSE
"VCT","Saint Vincent and the Grenadines","America","Upper middle income",2004,0.1144,1.05376,108559,FALSE
"VCT","Saint Vincent and the Grenadines","America","Upper middle income",2005,0.11684,1.07442,108744,FALSE
"VCT","Saint Vincent and the Grenadines","America","Upper middle income",2006,0.12437,1.14197,108907,FALSE
"VCT","Saint Vincent and the Grenadines","America","Upper middle income",2007,0.1306,1.19764,109047,FALSE
"VCT","Saint Vincent and the Grenadines","America","Upper middle income",2008,0.13437,1.23087,109165,FALSE
"VCT","Saint Vincent and the Grenadines","America","Upper middle income",2009,0.179,1.63839,109253,FALSE
"VCT","Saint Vincent and the Grenadines","America","Upper middle income",2010,0.15154,1.38623,109315,FALSE
"VCT","Saint Vincent and the Grenadines","America","Upper middle income",2011,0.12498,1.14299,109341,FALSE
"VCT","Saint Vincent and the Grenadines","America","Upper middle income",2012,0.14281,1.30622,109328,FALSE
"VCT","Saint Vincent and the Grenadines","America","Upper middle income",2013,0.13565,1.24084,109320,FALSE
"VCT","Saint Vincent and the Grenadines","America","Upper middle income",2014,0.14531,1.32878,109357,FALSE
"VCT","Saint Vincent and the Grenadines","America","Upper middle income",2015,0.14762,1.34873,109455,FALSE
"VCT","Saint Vincent and the Grenadines","America","Upper middle income",2016,0.1534,1.39912,109643,FALSE
"VCT","Saint Vincent and the Grenadines","America","Upper middle income",2017,0.1613,1.46777,109897,FALSE
"VCT","Saint Vincent and the Grenadines","America","Upper middle income",2018,0.16219,1.47176,110200,FALSE
"VCT","Saint Vincent and the Grenadines","America","Upper middle income",2019,0.16883,1.52808,110488,FALSE
"VCT","Saint Vincent and the Grenadines","America","Upper middle income",2020,0.17602,1.58921,110757,FALSE
"VCT","Saint Vincent and the Grenadines","America","Upper middle income",2021,0.16936,1.52576,111000,FALSE
"VCT","Saint Vincent and the Grenadines","America","Upper middle income",2022,0.18005,1.62207,111000,FALSE
"VCT","Saint Vincent and the Grenadines","America","Upper middle income",2023,0.1807,1.62796,111000,FALSE
"VCT","Saint Vincent and the Grenadines","America","Upper middle income",2024,0.18524,1.66879,111000,FALSE
"VEN","Venezuela","America",NA,1970,106.79516,9.21617,11587800,FALSE
"VEN","Venezuela","America",NA,1971,106.14778,8.89174,11937800,FALSE
"VEN","Venezuela","America",NA,1972,105.98043,8.62583,12286400,FALSE
"VEN","Venezuela","America",NA,1973,116.06792,9.18477,12637000,FALSE
"VEN","Venezuela","America",NA,1974,113.2933,8.71889,12994000,FALSE
"VEN","Venezuela","America",NA,1975,106.49982,7.97095,13361000,FALSE
"VEN","Venezuela","America",NA,1976,110.18178,8.01958,13739100,FALSE
"VEN","Venezuela","America",NA,1977,113.35934,8.02385,14127800,FALSE
"VEN","Venezuela","America",NA,1978,119.32595,8.2147,14525900,FALSE
"VEN","Venezuela","America",NA,1979,132.07971,8.84559,14931700,FALSE
"VEN","Venezuela","America",NA,1980,140.56599,9.16103,15343900,FALSE
"VEN","Venezuela","America",NA,1981,141.45958,8.97484,15761800,FALSE
"VEN","Venezuela","America",NA,1982,142.8589,8.82613,16185900,FALSE
"VEN","Venezuela","America",NA,1983,140.67219,8.46541,16617300,FALSE
"VEN","Venezuela","America",NA,1984,145.71207,8.54225,17057800,FALSE
"VEN","Venezuela","America",NA,1985,143.89585,8.21882,17508100,FALSE
"VEN","Venezuela","America",NA,1986,146.5676,8.15687,17968600,FALSE
"VEN","Venezuela","America",NA,1987,152.65148,8.27927,18437800,FALSE
"VEN","Venezuela","America",NA,1988,151.16314,7.99276,18912500,FALSE
"VEN","Venezuela","America",NA,1989,158.24244,8.16175,19388300,FALSE
"VEN","Venezuela","America",NA,1990,163.73103,8.24343,19862000,FALSE
"VEN","Venezuela","America",NA,1991,168.86381,8.30528,20332100,FALSE
"VEN","Venezuela","America",NA,1992,169.8582,8.16661,20799100,FALSE
"VEN","Venezuela","America",NA,1993,174.29946,8.19716,21263400,FALSE
"VEN","Venezuela","America",NA,1994,188.26618,8.66532,21726400,FALSE
"VEN","Venezuela","America",NA,1995,191.07116,8.61119,22188700,FALSE
"VEN","Venezuela","America",NA,1996,207.18453,9.14718,22650100,FALSE
"VEN","Venezuela","America",NA,1997,212.13227,9.17916,23110200,FALSE
"VEN","Venezuela","America",NA,1998,217.31851,9.22033,23569500,FALSE
"VEN","Venezuela","America",NA,1999,213.08172,8.8678,24028700,FALSE
"VEN","Venezuela","America",NA,2000,222.84679,9.10013,24488300,FALSE
"VEN","Venezuela","America",NA,2001,229.0593,9.18129,24948500,FALSE
"VEN","Venezuela","America",NA,2002,230.27066,9.06267,25408700,FALSE
"VEN","Venezuela","America",NA,2003,225.32101,8.71025,25868500,FALSE
"VEN","Venezuela","America",NA,2004,235.966,8.96282,26327200,FALSE
"VEN","Venezuela","America",NA,2005,244.96993,9.14606,26784200,FALSE
"VEN","Venezuela","America",NA,2006,247.85925,9.09936,27239200,FALSE
"VEN","Venezuela","America",NA,2007,246.7892,8.91193,27692000,FALSE
"VEN","Venezuela","America",NA,2008,258.0486,9.16962,28141700,FALSE
"VEN","Venezuela","America",NA,2009,256.01938,8.9557,28587300,FALSE
"VEN","Venezuela","America",NA,2010,260.96712,8.99019,29028000,FALSE
"VEN","Venezuela","America",NA,2011,258.04897,8.75832,29463300,FALSE
"VEN","Venezuela","America",NA,2012,284.55478,9.51908,29893100,FALSE
"VEN","Venezuela","America",NA,2013,283.6562,9.35609,30317800,FALSE
"VEN","Venezuela","America",NA,2014,281.46804,9.15689,30738400,FALSE
"VEN","Venezuela","America",NA,2015,262.94895,8.44,31155100,FALSE
"VEN","Venezuela","America",NA,2016,246.14186,7.79715,31568200,FALSE
"VEN","Venezuela","America",NA,2017,231.08142,7.22647,31977100,FALSE
"VEN","Venezuela","America",NA,2018,210.63567,6.50487,32381221,FALSE
"VEN","Venezuela","America",NA,2019,189.50282,5.78107,32779868,FALSE
"VEN","Venezuela","America",NA,2020,141.50348,4.2657,33172392,FALSE
"VEN","Venezuela","America",NA,2021,141.32642,4.21128,33559000,FALSE
"VEN","Venezuela","America",NA,2022,160.26067,4.72216,33938000,FALSE
"VEN","Venezuela","America",NA,2023,165.3115,4.81803,34311000,FALSE
"VEN","Venezuela","America",NA,2024,167.31843,4.82492,34678000,FALSE
"VGB","British Virgin Islands","America","High income",1970,0.01579,1.61052,9803,FALSE
"VGB","British Virgin Islands","America","High income",1971,0.01633,1.63743,9970,FALSE
"VGB","British Virgin Islands","America","High income",1972,0.01809,1.7868,10125,FALSE
"VGB","British Virgin Islands","America","High income",1973,0.01837,1.78941,10264,FALSE
"VGB","British Virgin Islands","America","High income",1974,0.01791,1.72557,10379,FALSE
"VGB","British Virgin Islands","America","High income",1975,0.0197,1.8804,10476,FALSE
"VGB","British Virgin Islands","America","High income",1976,0.01926,1.82635,10543,FALSE
"VGB","British Virgin Islands","America","High income",1977,0.02027,1.91384,10591,FALSE
"VGB","British Virgin Islands","America","High income",1978,0.0201,1.88504,10662,FALSE
"VGB","British Virgin Islands","America","High income",1979,0.02009,1.86176,10792,FALSE
"VGB","British Virgin Islands","America","High income",1980,0.02045,1.85855,11002,FALSE
"VGB","British Virgin Islands","America","High income",1981,0.02512,2.22029,11315,FALSE
"VGB","British Virgin Islands","America","High income",1982,0.02402,2.05102,11712,FALSE
"VGB","British Virgin Islands","America","High income",1983,0.02381,1.9538,12188,FALSE
"VGB","British Virgin Islands","America","High income",1984,0.02055,1.61409,12731,FALSE
"VGB","British Virgin Islands","America","High income",1985,0.02043,1.53545,13304,FALSE
"VGB","British Virgin Islands","America","High income",1986,0.01643,1.17895,13938,FALSE
"VGB","British Virgin Islands","America","High income",1987,0.02716,1.86155,14589,FALSE
"VGB","British Virgin Islands","America","High income",1988,0.02867,1.87795,15266,FALSE
"VGB","British Virgin Islands","America","High income",1989,0.02923,1.83864,15900,FALSE
"VGB","British Virgin Islands","America","High income",1990,0.02907,1.76588,16461,FALSE
"VGB","British Virgin Islands","America","High income",1991,0.02933,1.73205,16934,FALSE
"VGB","British Virgin Islands","America","High income",1992,0.02951,1.70136,17344,FALSE
"VGB","British Virgin Islands","America","High income",1993,0.02909,1.64319,17703,FALSE
"VGB","British Virgin Islands","America","High income",1994,0.02959,1.63893,18052,FALSE
"VGB","British Virgin Islands","America","High income",1995,0.02938,1.59465,18427,FALSE
"VGB","British Virgin Islands","America","High income",1996,0.03497,1.85698,18833,FALSE
"VGB","British Virgin Islands","America","High income",1997,0.03576,1.85575,19270,FALSE
"VGB","British Virgin Islands","America","High income",1998,0.03648,1.84976,19722,FALSE
"VGB","British Virgin Islands","America","High income",1999,0.03688,1.82684,20188,FALSE
"VGB","British Virgin Islands","America","High income",2000,0.03979,1.92736,20645,FALSE
"VGB","British Virgin Islands","America","High income",2001,0.04002,1.8982,21085,FALSE
"VGB","British Virgin Islands","America","High income",2002,0.04347,2.01912,21529,FALSE
"VGB","British Virgin Islands","America","High income",2003,0.04707,2.13933,22000,FALSE
"VGB","British Virgin Islands","America","High income",2004,0.04818,2.13761,22541,FALSE
"VGB","British Virgin Islands","America","High income",2005,0.05015,2.16483,23168,FALSE
"VGB","British Virgin Islands","America","High income",2006,0.05797,2.42494,23905,FALSE
"VGB","British Virgin Islands","America","High income",2007,0.06195,2.50475,24731,FALSE
"VGB","British Virgin Islands","America","High income",2008,0.06843,2.67282,25604,FALSE
"VGB","British Virgin Islands","America","High income",2009,0.07722,2.9197,26447,FALSE
"VGB","British Virgin Islands","America","High income",2010,0.0845,3.10382,27224,FALSE
"VGB","British Virgin Islands","America","High income",2011,0.06947,2.48995,27901,FALSE
"VGB","British Virgin Islands","America","High income",2012,0.07139,2.50424,28509,FALSE
"VGB","British Virgin Islands","America","High income",2013,0.07998,2.75257,29056,FALSE
"VGB","British Virgin Islands","America","High income",2014,0.08491,2.86983,29588,FALSE
"VGB","British Virgin Islands","America","High income",2015,0.0866,2.87581,30113,FALSE
"VGB","British Virgin Islands","America","High income",2016,0.0923,3.01045,30661,FALSE
"VGB","British Virgin Islands","America","High income",2017,0.08207,2.63067,31196,FALSE
"VGB","British Virgin Islands","America","High income",2018,0.08141,2.56676,31719,FALSE
"VGB","British Virgin Islands","America","High income",2019,0.10294,3.19621,32206,FALSE
"VGB","British Virgin Islands","America","High income",2020,0.10028,3.07292,32634,FALSE
"VGB","British Virgin Islands","America","High income",2021,0.1004,3.04242,33000,FALSE
"VGB","British Virgin Islands","America","High income",2022,0.10462,3.1704,33000,FALSE
"VGB","British Virgin Islands","America","High income",2023,0.105,3.0883,34000,FALSE
"VGB","British Virgin Islands","America","High income",2024,0.1083,3.18515,34000,FALSE
"VNM","Viet Nam","Asia","Lower middle income",1970,62.68168,1.44404,43407300,FALSE
"VNM","Viet Nam","Asia","Lower middle income",1971,63.09208,1.41825,44485900,FALSE
"VNM","Viet Nam","Asia","Lower middle income",1972,62.96032,1.38224,45549500,FALSE
"VNM","Viet Nam","Asia","Lower middle income",1973,66.85643,1.43454,46604700,FALSE
"VNM","Viet Nam","Asia","Lower middle income",1974,64.75482,1.35863,47661800,FALSE
"VNM","Viet Nam","Asia","Lower middle income",1975,66.22258,1.35899,48729400,FALSE
"VNM","Viet Nam","Asia","Lower middle income",1976,64.47741,1.29452,49808100,FALSE
"VNM","Viet Nam","Asia","Lower middle income",1977,66.27606,1.3021,50899500,FALSE
"VNM","Viet Nam","Asia","Lower middle income",1978,65.09173,1.2514,52015300,FALSE
"VNM","Viet Nam","Asia","Lower middle income",1979,67.37628,1.26719,53169700,FALSE
"VNM","Viet Nam","Asia","Lower middle income",1980,68.70969,1.26368,54372500,FALSE
"VNM","Viet Nam","Asia","Lower middle income",1981,71.61379,1.28738,55627700,FALSE
"VNM","Viet Nam","Asia","Lower middle income",1982,76.52424,1.34414,56931800,FALSE
"VNM","Viet Nam","Asia","Lower middle income",1983,79.34493,1.3615,58277400,FALSE
"VNM","Viet Nam","Asia","Lower middle income",1984,80.51325,1.34969,59653100,FALSE
"VNM","Viet Nam","Asia","Lower middle income",1985,82.30255,1.34813,61049400,FALSE
"VNM","Viet Nam","Asia","Lower middle income",1986,85.62036,1.37081,62459600,FALSE
"VNM","Viet Nam","Asia","Lower middle income",1987,87.58073,1.37099,63881300,FALSE
"VNM","Viet Nam","Asia","Lower middle income",1988,90.78123,1.38993,65313700,FALSE
"VNM","Viet Nam","Asia","Lower middle income",1989,90.41701,1.35441,66757400,FALSE
"VNM","Viet Nam","Asia","Lower middle income",1990,91.89518,1.34725,68209600,FALSE
"VNM","Viet Nam","Asia","Lower middle income",1991,96.04614,1.37857,69670900,FALSE
"VNM","Viet Nam","Asia","Lower middle income",1992,100.51933,1.41317,71130400,FALSE
"VNM","Viet Nam","Asia","Lower middle income",1993,107.69625,1.48423,72560400,FALSE
"VNM","Viet Nam","Asia","Lower middle income",1994,115.24825,1.55899,73925100,FALSE
"VNM","Viet Nam","Asia","Lower middle income",1995,123.79547,1.64624,75199000,FALSE
"VNM","Viet Nam","Asia","Lower middle income",1996,132.2994,1.73229,76372700,FALSE
"VNM","Viet Nam","Asia","Lower middle income",1997,139.37209,1.79943,77453300,FALSE
"VNM","Viet Nam","Asia","Lower middle income",1998,149.67134,1.90779,78452900,FALSE
"VNM","Viet Nam","Asia","Lower middle income",1999,156.12792,1.96656,79391400,FALSE
"VNM","Viet Nam","Asia","Lower middle income",2000,163.64243,2.03825,80285600,FALSE
"VNM","Viet Nam","Asia","Lower middle income",2001,168.13075,2.07211,81139900,FALSE
"VNM","Viet Nam","Asia","Lower middle income",2002,182.89448,2.2316,81956500,FALSE
"VNM","Viet Nam","Asia","Lower middle income",2003,191.03923,2.3087,82747700,FALSE
"VNM","Viet Nam","Asia","Lower middle income",2004,213.41539,2.55503,83527700,FALSE
"VNM","Viet Nam","Asia","Lower middle income",2005,225.20494,2.67119,84308800,FALSE
"VNM","Viet Nam","Asia","Lower middle income",2006,231.43666,2.71976,85094600,FALSE
"VNM","Viet Nam","Asia","Lower middle income",2007,245.16681,2.85444,85889600,FALSE
"VNM","Viet Nam","Asia","Lower middle income",2008,256.19883,2.95474,86707800,FALSE
"VNM","Viet Nam","Asia","Lower middle income",2009,275.6843,3.14832,87565400,FALSE
"VNM","Viet Nam","Asia","Lower middle income",2010,292.74041,3.30883,88472500,FALSE
"VNM","Viet Nam","Asia","Lower middle income",2011,295.6414,3.3056,89436600,FALSE
"VNM","Viet Nam","Asia","Lower middle income",2012,295.46043,3.26649,90451900,FALSE
"VNM","Viet Nam","Asia","Lower middle income",2013,304.03801,3.3229,91497700,FALSE
"VNM","Viet Nam","Asia","Lower middle income",2014,320.08947,3.45875,92544900,FALSE
"VNM","Viet Nam","Asia","Lower middle income",2015,343.62627,3.67234,93571600,FALSE
"VNM","Viet Nam","Asia","Lower middle income",2016,364.37847,3.85304,94569100,FALSE
"VNM","Viet Nam","Asia","Lower middle income",2017,370.39054,3.87678,95540800,FALSE
"VNM","Viet Nam","Asia","Lower middle income",2018,427.73995,4.43295,96491146,FALSE
"VNM","Viet Nam","Asia","Lower middle income",2019,484.71004,4.975,97429061,FALSE
"VNM","Viet Nam","Asia","Lower middle income",2020,492.95509,5.01174,98360145,FALSE
"VNM","Viet Nam","Asia","Lower middle income",2021,486.77943,4.9029,99284000,FALSE
"VNM","Viet Nam","Asia","Lower middle income",2022,494.47438,4.93512,100195000,FALSE
"VNM","Viet Nam","Asia","Lower middle income",2023,542.92347,5.37096,101085000,FALSE
"VNM","Viet Nam","Asia","Lower middle income",2024,584.25762,5.73122,101943000,FALSE
"VUT","Vanuatu","Oceania","Lower middle income",1970,0.29154,3.4142,85389,FALSE
"VUT","Vanuatu","Oceania","Lower middle income",1971,0.31309,3.55697,88022,FALSE
"VUT","Vanuatu","Oceania","Lower middle income",1972,0.32083,3.53249,90823,FALSE
"VUT","Vanuatu","Oceania","Lower middle income",1973,0.36279,3.86913,93765,FALSE
"VUT","Vanuatu","Oceania","Lower middle income",1974,0.39772,4.10881,96796,FALSE
"VUT","Vanuatu","Oceania","Lower middle income",1975,0.38967,3.90174,99872,FALSE
"VUT","Vanuatu","Oceania","Lower middle income",1976,0.40061,3.88835,103028,FALSE
"VUT","Vanuatu","Oceania","Lower middle income",1977,0.39586,3.72672,106222,FALSE
"VUT","Vanuatu","Oceania","Lower middle income",1978,0.38564,3.5241,109429,FALSE
"VUT","Vanuatu","Oceania","Lower middle income",1979,0.3859,3.4278,112580,FALSE
"VUT","Vanuatu","Oceania","Lower middle income",1980,0.39221,3.39186,115632,FALSE
"VUT","Vanuatu","Oceania","Lower middle income",1981,0.37531,3.16502,118580,FALSE
"VUT","Vanuatu","Oceania","Lower middle income",1982,0.38054,3.13367,121435,FALSE
"VUT","Vanuatu","Oceania","Lower middle income",1983,0.38661,3.1116,124249,FALSE
"VUT","Vanuatu","Oceania","Lower middle income",1984,0.37734,2.96905,127092,FALSE
"VUT","Vanuatu","Oceania","Lower middle income",1985,0.41181,3.1671,130027,FALSE
"VUT","Vanuatu","Oceania","Lower middle income",1986,0.40054,3.01072,133038,FALSE
"VUT","Vanuatu","Oceania","Lower middle income",1987,0.41208,3.02722,136125,FALSE
"VUT","Vanuatu","Oceania","Lower middle income",1988,0.44274,3.17679,139366,FALSE
"VUT","Vanuatu","Oceania","Lower middle income",1989,0.437,3.05914,142849,FALSE
"VUT","Vanuatu","Oceania","Lower middle income",1990,0.46956,3.20228,146634,FALSE
"VUT","Vanuatu","Oceania","Lower middle income",1991,0.47547,3.15342,150778,FALSE
"VUT","Vanuatu","Oceania","Lower middle income",1992,0.456,2.9373,155243,FALSE
"VUT","Vanuatu","Oceania","Lower middle income",1993,0.48111,3.01045,159814,FALSE
"VUT","Vanuatu","Oceania","Lower middle income",1994,0.48784,2.97086,164208,FALSE
"VUT","Vanuatu","Oceania","Lower middle income",1995,0.48456,2.88025,168235,FALSE
"VUT","Vanuatu","Oceania","Lower middle income",1996,0.49037,2.85429,171801,FALSE
"VUT","Vanuatu","Oceania","Lower middle income",1997,0.49624,2.83568,174999,FALSE
"VUT","Vanuatu","Oceania","Lower middle income",1998,0.50242,2.82134,178078,FALSE
"VUT","Vanuatu","Oceania","Lower middle income",1999,0.51325,2.83024,181345,FALSE
"VUT","Vanuatu","Oceania","Lower middle income",2000,0.52377,2.83024,185063,FALSE
"VUT","Vanuatu","Oceania","Lower middle income",2001,0.51393,2.71503,189290,FALSE
"VUT","Vanuatu","Oceania","Lower middle income",2002,0.51339,2.64693,193956,FALSE
"VUT","Vanuatu","Oceania","Lower middle income",2003,0.54457,2.73705,198964,FALSE
"VUT","Vanuatu","Oceania","Lower middle income",2004,0.52648,2.57895,204143,FALSE
"VUT","Vanuatu","Oceania","Lower middle income",2005,0.53508,2.55568,209370,FALSE
"VUT","Vanuatu","Oceania","Lower middle income",2006,0.53464,2.49093,214634,FALSE
"VUT","Vanuatu","Oceania","Lower middle income",2007,0.66221,3.0107,219953,FALSE
"VUT","Vanuatu","Oceania","Lower middle income",2008,0.66517,2.95185,225340,FALSE
"VUT","Vanuatu","Oceania","Lower middle income",2009,0.64757,2.80597,230785,FALSE
"VUT","Vanuatu","Oceania","Lower middle income",2010,0.67077,2.83868,236295,FALSE
"VUT","Vanuatu","Oceania","Lower middle income",2011,0.70522,2.91571,241871,FALSE
"VUT","Vanuatu","Oceania","Lower middle income",2012,0.67433,2.72472,247485,FALSE
"VUT","Vanuatu","Oceania","Lower middle income",2013,0.67831,2.67957,253142,FALSE
"VUT","Vanuatu","Oceania","Lower middle income",2014,0.70486,2.72304,258850,FALSE
"VUT","Vanuatu","Oceania","Lower middle income",2015,0.63537,2.4012,264603,FALSE
"VUT","Vanuatu","Oceania","Lower middle income",2016,0.56114,2.07519,270402,FALSE
"VUT","Vanuatu","Oceania","Lower middle income",2017,0.52887,1.91449,276244,FALSE
"VUT","Vanuatu","Oceania","Lower middle income",2018,0.595,2.10907,282117,FALSE
"VUT","Vanuatu","Oceania","Lower middle income",2019,0.58732,2.03918,288017,FALSE
"VUT","Vanuatu","Oceania","Lower middle income",2020,0.62266,2.11835,293934,FALSE
"VUT","Vanuatu","Oceania","Lower middle income",2021,0.66578,2.21925,3e+05,FALSE
"VUT","Vanuatu","Oceania","Lower middle income",2022,0.64761,2.11638,306000,FALSE
"VUT","Vanuatu","Oceania","Lower middle income",2023,0.62263,1.99561,312000,FALSE
"VUT","Vanuatu","Oceania","Lower middle income",2024,0.63205,1.98759,318000,FALSE
"WSM","Samoa","Oceania","Upper middle income",1970,0.15759,1.10065,143176,FALSE
"WSM","Samoa","Oceania","Upper middle income",1971,0.15781,1.08503,145439,FALSE
"WSM","Samoa","Oceania","Upper middle income",1972,0.16265,1.10407,147321,FALSE
"WSM","Samoa","Oceania","Upper middle income",1973,0.17787,1.19461,148889,FALSE
"WSM","Samoa","Oceania","Upper middle income",1974,0.20149,1.34128,150221,FALSE
"WSM","Samoa","Oceania","Upper middle income",1975,0.18892,1.24792,151387,FALSE
"WSM","Samoa","Oceania","Upper middle income",1976,0.18988,1.246,152390,FALSE
"WSM","Samoa","Oceania","Upper middle income",1977,0.19505,1.27277,153247,FALSE
"WSM","Samoa","Oceania","Upper middle income",1978,0.19683,1.27805,154007,FALSE
"WSM","Samoa","Oceania","Upper middle income",1979,0.20669,1.33553,154760,FALSE
"WSM","Samoa","Oceania","Upper middle income",1980,0.21774,1.39972,155557,FALSE
"WSM","Samoa","Oceania","Upper middle income",1981,0.22129,1.41463,156428,FALSE
"WSM","Samoa","Oceania","Upper middle income",1982,0.2397,1.52281,157403,FALSE
"WSM","Samoa","Oceania","Upper middle income",1983,0.24037,1.51766,158384,FALSE
"WSM","Samoa","Oceania","Upper middle income",1984,0.25788,1.61902,159283,FALSE
"WSM","Samoa","Oceania","Upper middle income",1985,0.2523,1.57658,160031,FALSE
"WSM","Samoa","Oceania","Upper middle income",1986,0.23957,1.49177,160592,FALSE
"WSM","Samoa","Oceania","Upper middle income",1987,0.2642,1.64083,161015,FALSE
"WSM","Samoa","Oceania","Upper middle income",1988,0.26542,1.64429,161421,FALSE
"WSM","Samoa","Oceania","Upper middle income",1989,0.28766,1.77572,161998,FALSE
"WSM","Samoa","Oceania","Upper middle income",1990,0.29442,1.80772,162866,FALSE
"WSM","Samoa","Oceania","Upper middle income",1991,0.29864,1.82016,164076,FALSE
"WSM","Samoa","Oceania","Upper middle income",1992,0.29146,1.76031,165570,FALSE
"WSM","Samoa","Oceania","Upper middle income",1993,0.31197,1.8658,167207,FALSE
"WSM","Samoa","Oceania","Upper middle income",1994,0.31833,1.88598,168788,FALSE
"WSM","Samoa","Oceania","Upper middle income",1995,0.30118,1.77,170157,FALSE
"WSM","Samoa","Oceania","Upper middle income",1996,0.30282,1.76797,171283,FALSE
"WSM","Samoa","Oceania","Upper middle income",1997,0.30726,1.78436,172198,FALSE
"WSM","Samoa","Oceania","Upper middle income",1998,0.31371,1.81356,172981,FALSE
"WSM","Samoa","Oceania","Upper middle income",1999,0.31392,1.80666,173755,FALSE
"WSM","Samoa","Oceania","Upper middle income",2000,0.36079,2.06624,174610,FALSE
"WSM","Samoa","Oceania","Upper middle income",2001,0.38935,2.21771,175566,FALSE
"WSM","Samoa","Oceania","Upper middle income",2002,0.39683,2.24731,176582,FALSE
"WSM","Samoa","Oceania","Upper middle income",2003,0.40595,2.28495,177662,FALSE
"WSM","Samoa","Oceania","Upper middle income",2004,0.40434,2.26165,178781,FALSE
"WSM","Samoa","Oceania","Upper middle income",2005,0.41191,2.28932,179929,FALSE
"WSM","Samoa","Oceania","Upper middle income",2006,0.41279,2.27943,181094,FALSE
"WSM","Samoa","Oceania","Upper middle income",2007,0.42545,2.33396,182286,FALSE
"WSM","Samoa","Oceania","Upper middle income",2008,0.42911,2.33814,183526,FALSE
"WSM","Samoa","Oceania","Upper middle income",2009,0.43958,2.37834,184826,FALSE
"WSM","Samoa","Oceania","Upper middle income",2010,0.46876,2.51744,186205,FALSE
"WSM","Samoa","Oceania","Upper middle income",2011,0.48133,2.56484,187665,FALSE
"WSM","Samoa","Oceania","Upper middle income",2012,0.48658,2.57187,189194,FALSE
"WSM","Samoa","Oceania","Upper middle income",2013,0.50131,2.62803,190757,FALSE
"WSM","Samoa","Oceania","Upper middle income",2014,0.51001,2.65229,192290,FALSE
"WSM","Samoa","Oceania","Upper middle income",2015,0.56582,2.92025,193759,FALSE
"WSM","Samoa","Oceania","Upper middle income",2016,0.57209,2.93192,195125,FALSE
"WSM","Samoa","Oceania","Upper middle income",2017,0.52259,2.66028,196440,FALSE
"WSM","Samoa","Oceania","Upper middle income",2018,0.53374,2.69981,197695,FALSE
"WSM","Samoa","Oceania","Upper middle income",2019,0.54055,2.71759,198909,FALSE
"WSM","Samoa","Oceania","Upper middle income",2020,0.46664,2.33183,200117,FALSE
"WSM","Samoa","Oceania","Upper middle income",2021,0.52859,2.61677,202000,FALSE
"WSM","Samoa","Oceania","Upper middle income",2022,0.51156,2.52,203000,FALSE
"WSM","Samoa","Oceania","Upper middle income",2023,0.50796,2.49,204000,FALSE
"WSM","Samoa","Oceania","Upper middle income",2024,0.52165,2.54462,205000,FALSE
"YEM","Yemen","Asia","Low income",1970,5.39794,0.87151,6193810,FALSE
"YEM","Yemen","Asia","Low income",1971,5.69473,0.90385,6300550,FALSE
"YEM","Yemen","Asia","Low income",1972,5.95556,0.9295,6407300,FALSE
"YEM","Yemen","Asia","Low income",1973,6.26024,0.95965,6523450,FALSE
"YEM","Yemen","Asia","Low income",1974,6.48386,0.97332,6661570,FALSE
"YEM","Yemen","Asia","Low income",1975,6.50211,0.9519,6830690,FALSE
"YEM","Yemen","Asia","Low income",1976,6.81684,0.96901,7034870,FALSE
"YEM","Yemen","Asia","Low income",1977,6.93852,0.95416,7271870,FALSE
"YEM","Yemen","Asia","Low income",1978,7.27324,0.96503,7536760,FALSE
"YEM","Yemen","Asia","Low income",1979,7.55124,0.96544,7821550,FALSE
"YEM","Yemen","Asia","Low income",1980,8.51617,1.04873,8120500,FALSE
"YEM","Yemen","Asia","Low income",1981,8.63948,1.02436,8434020,FALSE
"YEM","Yemen","Asia","Low income",1982,9.22368,1.05238,8764620,FALSE
"YEM","Yemen","Asia","Low income",1983,9.79186,1.07472,9111100,FALSE
"YEM","Yemen","Asia","Low income",1984,10.00986,1.05677,9472170,FALSE
"YEM","Yemen","Asia","Low income",1985,10.47036,1.06321,9847900,FALSE
"YEM","Yemen","Asia","Low income",1986,11.09188,1.08396,10232700,FALSE
"YEM","Yemen","Asia","Low income",1987,11.99835,1.12887,10628600,FALSE
"YEM","Yemen","Asia","Low income",1988,15.78768,1.42856,11051500,FALSE
"YEM","Yemen","Asia","Low income",1989,16.58573,1.43932,11523300,FALSE
"YEM","Yemen","Asia","Low income",1990,17.50711,1.45203,12057000,FALSE
"YEM","Yemen","Asia","Low income",1991,19.37795,1.53045,12661600,FALSE
"YEM","Yemen","Asia","Low income",1992,19.9459,1.49681,13325600,FALSE
"YEM","Yemen","Asia","Low income",1993,20.00655,1.42729,14017200,FALSE
"YEM","Yemen","Asia","Low income",1994,22.59399,1.53777,14692700,FALSE
"YEM","Yemen","Asia","Low income",1995,23.18743,1.51347,15320700,FALSE
"YEM","Yemen","Asia","Low income",1996,24.07023,1.51486,15889400,FALSE
"YEM","Yemen","Asia","Low income",1997,25.73595,1.5684,16409000,FALSE
"YEM","Yemen","Asia","Low income",1998,26.70254,1.58039,16896200,FALSE
"YEM","Yemen","Asia","Low income",1999,29.59106,1.70278,17378100,FALSE
"YEM","Yemen","Asia","Low income",2000,32.43329,1.81448,17874700,FALSE
"YEM","Yemen","Asia","Low income",2001,33.40981,1.81673,18390100,FALSE
"YEM","Yemen","Asia","Low income",2002,33.7391,1.78333,18919200,FALSE
"YEM","Yemen","Asia","Low income",2003,38.94631,2.00114,19462100,FALSE
"YEM","Yemen","Asia","Low income",2004,39.92169,1.99438,20017100,FALSE
"YEM","Yemen","Asia","Low income",2005,44.1974,2.14729,20582900,FALSE
"YEM","Yemen","Asia","Low income",2006,48.72833,2.3028,21160500,FALSE
"YEM","Yemen","Asia","Low income",2007,50.95693,2.34268,21751600,FALSE
"YEM","Yemen","Asia","Low income",2008,50.25303,2.24781,22356400,FALSE
"YEM","Yemen","Asia","Low income",2009,53.5111,2.32911,22974900,FALSE
"YEM","Yemen","Asia","Low income",2010,53.02024,2.24597,23606800,FALSE
"YEM","Yemen","Asia","Low income",2011,47.41023,1.95488,24252200,FALSE
"YEM","Yemen","Asia","Low income",2012,44.5069,1.78671,24910000,FALSE
"YEM","Yemen","Asia","Low income",2013,52.94121,2.06993,25576300,FALSE
"YEM","Yemen","Asia","Low income",2014,51.66128,1.96833,26246300,FALSE
"YEM","Yemen","Asia","Low income",2015,31.47537,1.16938,26916200,FALSE
"YEM","Yemen","Asia","Low income",2016,27.20825,0.98637,27584200,FALSE
"YEM","Yemen","Asia","Low income",2017,28.29203,1.00147,28250400,FALSE
"YEM","Yemen","Asia","Low income",2018,31.81645,1.10033,28915284,FALSE
"YEM","Yemen","Asia","Low income",2019,33.7054,1.13947,29579986,FALSE
"YEM","Yemen","Asia","Low income",2020,33.05104,1.09277,30245305,FALSE
"YEM","Yemen","Asia","Low income",2021,33.60329,1.0871,30911000,FALSE
"YEM","Yemen","Asia","Low income",2022,33.56291,1.06292,31576000,FALSE
"YEM","Yemen","Asia","Low income",2023,32.36588,1.00394,32239000,FALSE
"YEM","Yemen","Asia","Low income",2024,32.90276,1.00005,32901000,FALSE
"ZAF","South Africa","Africa","Upper middle income",1970,241.15176,10.55854,22839500,FALSE
"ZAF","South Africa","Africa","Upper middle income",1971,240.65738,10.24824,23482800,FALSE
"ZAF","South Africa","Africa","Upper middle income",1972,247.9574,10.26819,24148100,FALSE
"ZAF","South Africa","Africa","Upper middle income",1973,267.03924,10.75483,24829700,FALSE
"ZAF","South Africa","Africa","Upper middle income",1974,276.11848,10.81986,25519600,FALSE
"ZAF","South Africa","Africa","Upper middle income",1975,294.32194,11.22835,26212400,FALSE
"ZAF","South Africa","Africa","Upper middle income",1976,310.34426,11.53512,26904300,FALSE
"ZAF","South Africa","Africa","Upper middle income",1977,312.57877,11.32643,27597300,FALSE
"ZAF","South Africa","Africa","Upper middle income",1978,292.17942,10.32502,28298200,FALSE
"ZAF","South Africa","Africa","Upper middle income",1979,302.03105,10.40876,29017000,FALSE
"ZAF","South Africa","Africa","Upper middle income",1980,317.69274,10.67498,29760500,FALSE
"ZAF","South Africa","Africa","Upper middle income",1981,334.21933,10.94617,30533000,FALSE
"ZAF","South Africa","Africa","Upper middle income",1982,343.35569,10.95922,31330300,FALSE
"ZAF","South Africa","Africa","Upper middle income",1983,346.73139,10.78826,32139700,FALSE
"ZAF","South Africa","Africa","Upper middle income",1984,367.78714,11.16415,32943600,FALSE
"ZAF","South Africa","Africa","Upper middle income",1985,373.26882,11.06634,33730100,FALSE
"ZAF","South Africa","Africa","Upper middle income",1986,371.32792,10.76612,34490400,FALSE
"ZAF","South Africa","Africa","Upper middle income",1987,388.39796,11.02457,35230200,FALSE
"ZAF","South Africa","Africa","Upper middle income",1988,394.12994,10.95703,35970500,FALSE
"ZAF","South Africa","Africa","Upper middle income",1989,392.91511,10.69422,36740900,FALSE
"ZAF","South Africa","Africa","Upper middle income",1990,407.09311,10.83833,37560500,FALSE
"ZAF","South Africa","Africa","Upper middle income",1991,399.47872,10.39283,38437900,FALSE
"ZAF","South Africa","Africa","Upper middle income",1992,393.46993,9.99664,39360200,FALSE
"ZAF","South Africa","Africa","Upper middle income",1993,397.68795,9.86814,40300200,FALSE
"ZAF","South Africa","Africa","Upper middle income",1994,404.46298,9.81256,41218900,FALSE
"ZAF","South Africa","Africa","Upper middle income",1995,423.26436,10.0566,42088200,FALSE
"ZAF","South Africa","Africa","Upper middle income",1996,437.45845,10.19752,42898500,FALSE
"ZAF","South Africa","Africa","Upper middle income",1997,456.82189,10.46389,43657000,FALSE
"ZAF","South Africa","Africa","Upper middle income",1998,464.12944,10.45994,44372100,FALSE
"ZAF","South Africa","Africa","Upper middle income",1999,446.83718,9.91676,45058800,FALSE
"ZAF","South Africa","Africa","Upper middle income",2000,449.68128,9.83376,45728300,FALSE
"ZAF","South Africa","Africa","Upper middle income",2001,461.08606,9.94041,46385000,FALSE
"ZAF","South Africa","Africa","Upper middle income",2002,475.91071,10.12012,47026200,FALSE
"ZAF","South Africa","Africa","Upper middle income",2003,502.80798,10.5524,47648700,FALSE
"ZAF","South Africa","Africa","Upper middle income",2004,537.00158,11.13017,48247400,FALSE
"ZAF","South Africa","Africa","Upper middle income",2005,549.40256,11.2535,48820600,FALSE
"ZAF","South Africa","Africa","Upper middle income",2006,553.56422,11.21379,49364600,FALSE
"ZAF","South Africa","Africa","Upper middle income",2007,575.59944,11.53802,49887200,FALSE
"ZAF","South Africa","Africa","Upper middle income",2008,604.93798,11.99986,50412100,FALSE
"ZAF","South Africa","Africa","Upper middle income",2009,573.05246,11.24276,50970800,FALSE
"ZAF","South Africa","Africa","Upper middle income",2010,581.50665,11.27285,51584700,FALSE
"ZAF","South Africa","Africa","Upper middle income",2011,561.31659,10.74013,52263500,FALSE
"ZAF","South Africa","Africa","Upper middle income",2012,582.71167,10.99493,52998200,FALSE
"ZAF","South Africa","Africa","Upper middle income",2013,597.17631,11.10666,53767400,FALSE
"ZAF","South Africa","Africa","Upper middle income",2014,610.89302,11.20091,54539600,FALSE
"ZAF","South Africa","Africa","Upper middle income",2015,584.94994,10.57944,55291200,FALSE
"ZAF","South Africa","Africa","Upper middle income",2016,582.20418,10.39363,56015500,FALSE
"ZAF","South Africa","Africa","Upper middle income",2017,599.0716,10.56243,56717200,FALSE
"ZAF","South Africa","Africa","Upper middle income",2018,600.3929,10.46009,57398421,FALSE
"ZAF","South Africa","Africa","Upper middle income",2019,604.70192,10.41421,58065097,FALSE
"ZAF","South Africa","Africa","Upper middle income",2020,576.99902,9.82607,58721229,FALSE
"ZAF","South Africa","Africa","Upper middle income",2021,575.42921,9.69291,59366000,FALSE
"ZAF","South Africa","Africa","Upper middle income",2022,556.07994,9.26862,59996000,FALSE
"ZAF","South Africa","Africa","Upper middle income",2023,555.44529,9.1641,60611000,FALSE
"ZAF","South Africa","Africa","Upper middle income",2024,569.80961,9.30925,61209000,FALSE
"ZMB","Zambia","Africa","Lower middle income",1970,10.08034,2.41503,4174000,FALSE
"ZMB","Zambia","Africa","Lower middle income",1971,10.33643,2.3938,4318000,FALSE
"ZMB","Zambia","Africa","Lower middle income",1972,10.9175,2.44239,4470000,FALSE
"ZMB","Zambia","Africa","Lower middle income",1973,11.3773,2.4573,4630000,FALSE
"ZMB","Zambia","Africa","Lower middle income",1974,11.59418,2.41797,4795000,FALSE
"ZMB","Zambia","Africa","Lower middle income",1975,11.88487,2.39421,4964000,FALSE
"ZMB","Zambia","Africa","Lower middle income",1976,12.31337,2.39606,5139000,FALSE
"ZMB","Zambia","Africa","Lower middle income",1977,12.0597,2.26771,5318000,FALSE
"ZMB","Zambia","Africa","Lower middle income",1978,11.87673,2.15901,5501000,FALSE
"ZMB","Zambia","Africa","Lower middle income",1979,11.67852,2.0521,5691000,FALSE
"ZMB","Zambia","Africa","Lower middle income",1980,11.73716,1.99307,5889000,FALSE
"ZMB","Zambia","Africa","Lower middle income",1981,11.70917,1.92143,6094000,FALSE
"ZMB","Zambia","Africa","Lower middle income",1982,14.49346,2.29836,6306000,FALSE
"ZMB","Zambia","Africa","Lower middle income",1983,14.44322,2.21454,6522000,FALSE
"ZMB","Zambia","Africa","Lower middle income",1984,13.08052,1.94102,6739000,FALSE
"ZMB","Zambia","Africa","Lower middle income",1985,14.57984,2.09631,6955000,FALSE
"ZMB","Zambia","Africa","Lower middle income",1986,15.1851,2.11757,7171000,FALSE
"ZMB","Zambia","Africa","Lower middle income",1987,14.64111,1.98255,7385000,FALSE
"ZMB","Zambia","Africa","Lower middle income",1988,14.92271,1.96351,7600000,FALSE
"ZMB","Zambia","Africa","Lower middle income",1989,15.80057,2.02208,7814000,FALSE
"ZMB","Zambia","Africa","Lower middle income",1990,15.86414,1.97635,8027000,FALSE
"ZMB","Zambia","Africa","Lower middle income",1991,14.81569,1.79802,8240000,FALSE
"ZMB","Zambia","Africa","Lower middle income",1992,15.38099,1.8198,8452000,FALSE
"ZMB","Zambia","Africa","Lower middle income",1993,14.9245,1.72159,8669000,FALSE
"ZMB","Zambia","Africa","Lower middle income",1994,14.38282,1.61677,8896000,FALSE
"ZMB","Zambia","Africa","Lower middle income",1995,14.02022,1.53444,9137000,FALSE
"ZMB","Zambia","Africa","Lower middle income",1996,13.65953,1.45407,9394000,FALSE
"ZMB","Zambia","Africa","Lower middle income",1997,13.27247,1.37297,9667000,FALSE
"ZMB","Zambia","Africa","Lower middle income",1998,14.85021,1.49248,9950000,FALSE
"ZMB","Zambia","Africa","Lower middle income",1999,14.53272,1.41935,10239000,FALSE
"ZMB","Zambia","Africa","Lower middle income",2000,14.00999,1.33036,10531000,FALSE
"ZMB","Zambia","Africa","Lower middle income",2001,15.17859,1.40231,10824000,FALSE
"ZMB","Zambia","Africa","Lower middle income",2002,14.45621,1.30002,11120000,FALSE
"ZMB","Zambia","Africa","Lower middle income",2003,15.0111,1.31423,11422000,FALSE
"ZMB","Zambia","Africa","Lower middle income",2004,15.27319,1.30184,11732000,FALSE
"ZMB","Zambia","Africa","Lower middle income",2005,16.29351,1.35182,12053000,FALSE
"ZMB","Zambia","Africa","Lower middle income",2006,16.29464,1.31578,12384000,FALSE
"ZMB","Zambia","Africa","Lower middle income",2007,15.76818,1.23905,12726000,FALSE
"ZMB","Zambia","Africa","Lower middle income",2008,16.70262,1.27667,13083000,FALSE
"ZMB","Zambia","Africa","Lower middle income",2009,18.26253,1.3572,13456000,FALSE
"ZMB","Zambia","Africa","Lower middle income",2010,19.94094,1.43978,13850000,FALSE
"ZMB","Zambia","Africa","Lower middle income",2011,19.77891,1.38653,14265000,FALSE
"ZMB","Zambia","Africa","Lower middle income",2012,23.26915,1.58294,14700000,FALSE
"ZMB","Zambia","Africa","Lower middle income",2013,24.5537,1.62039,15153000,FALSE
"ZMB","Zambia","Africa","Lower middle income",2014,25.54804,1.63549,15621000,FALSE
"ZMB","Zambia","Africa","Lower middle income",2015,26.21087,1.628,16100000,FALSE
"ZMB","Zambia","Africa","Lower middle income",2016,27.06109,1.63107,16591000,FALSE
"ZMB","Zambia","Africa","Lower middle income",2017,29.28465,1.71315,17094000,FALSE
"ZMB","Zambia","Africa","Lower middle income",2018,30.96471,1.75836,17610000,FALSE
"ZMB","Zambia","Africa","Lower middle income",2019,32.39122,1.78592,18137000,FALSE
"ZMB","Zambia","Africa","Lower middle income",2020,33.01291,1.76738,18679000,FALSE
"ZMB","Zambia","Africa","Lower middle income",2021,34.14927,1.77537,19235000,FALSE
"ZMB","Zambia","Africa","Lower middle income",2022,37.10906,1.87391,19803000,FALSE
"ZMB","Zambia","Africa","Lower middle income",2023,37.492,1.83911,20386000,FALSE
"ZMB","Zambia","Africa","Lower middle income",2024,38.519,1.83572,20983000,FALSE
"ZWE","Zimbabwe","Africa","Lower middle income",1970,21.72111,4.19681,5175620,FALSE
"ZWE","Zimbabwe","Africa","Lower middle income",1971,22.31569,4.17023,5351190,FALSE
"ZWE","Zimbabwe","Africa","Lower middle income",1972,21.95795,3.96649,5535870,FALSE
"ZWE","Zimbabwe","Africa","Lower middle income",1973,23.56829,4.11527,5727040,FALSE
"ZWE","Zimbabwe","Africa","Lower middle income",1974,23.65431,3.99503,5920940,FALSE
"ZWE","Zimbabwe","Africa","Lower middle income",1975,22.96576,3.75542,6115370,FALSE
"ZWE","Zimbabwe","Africa","Lower middle income",1976,24.09502,3.81957,6308300,FALSE
"ZWE","Zimbabwe","Africa","Lower middle income",1977,23.30258,3.58397,6501890,FALSE
"ZWE","Zimbabwe","Africa","Lower middle income",1978,22.27935,3.3237,6703180,FALSE
"ZWE","Zimbabwe","Africa","Lower middle income",1979,21.65531,3.12857,6921790,FALSE
"ZWE","Zimbabwe","Africa","Lower middle income",1980,21.93575,3.06187,7164170,FALSE
"ZWE","Zimbabwe","Africa","Lower middle income",1981,21.85616,2.94084,7431940,FALSE
"ZWE","Zimbabwe","Africa","Lower middle income",1982,22.25622,2.88236,7721540,FALSE
"ZWE","Zimbabwe","Africa","Lower middle income",1983,22.13905,2.75788,8027560,FALSE
"ZWE","Zimbabwe","Africa","Lower middle income",1984,22.70698,2.72194,8342190,FALSE
"ZWE","Zimbabwe","Africa","Lower middle income",1985,24.86509,2.87164,8658860,FALSE
"ZWE","Zimbabwe","Africa","Lower middle income",1986,27.16092,3.02588,8976200,FALSE
"ZWE","Zimbabwe","Africa","Lower middle income",1987,31.1271,3.34942,9293280,FALSE
"ZWE","Zimbabwe","Africa","Lower middle income",1988,30.808,3.20773,9604300,FALSE
"ZWE","Zimbabwe","Africa","Lower middle income",1989,31.19539,3.15024,9902540,FALSE
"ZWE","Zimbabwe","Africa","Lower middle income",1990,34.44416,3.38248,10183100,FALSE
"ZWE","Zimbabwe","Africa","Lower middle income",1991,34.33694,3.28803,10443000,FALSE
"ZWE","Zimbabwe","Africa","Lower middle income",1992,35.25917,3.30052,10682900,FALSE
"ZWE","Zimbabwe","Africa","Lower middle income",1993,30.77687,2.82206,10905800,FALSE
"ZWE","Zimbabwe","Africa","Lower middle income",1994,29.87513,2.68736,11116900,FALSE
"ZWE","Zimbabwe","Africa","Lower middle income",1995,29.75367,2.62835,11320300,FALSE
"ZWE","Zimbabwe","Africa","Lower middle income",1996,31.25861,2.71382,11518300,FALSE
"ZWE","Zimbabwe","Africa","Lower middle income",1997,30.19087,2.57821,11710000,FALSE
"ZWE","Zimbabwe","Africa","Lower middle income",1998,31.10008,2.61492,11893300,FALSE
"ZWE","Zimbabwe","Africa","Lower middle income",1999,34.40467,2.85173,12064500,FALSE
"ZWE","Zimbabwe","Africa","Lower middle income",2000,31.24355,2.55627,12222300,FALSE
"ZWE","Zimbabwe","Africa","Lower middle income",2001,31.40599,2.53966,12366200,FALSE
"ZWE","Zimbabwe","Africa","Lower middle income",2002,28.68862,2.295,12500500,FALSE
"ZWE","Zimbabwe","Africa","Lower middle income",2003,25.43669,2.01337,12633900,FALSE
"ZWE","Zimbabwe","Africa","Lower middle income",2004,24.60781,1.92587,12777500,FALSE
"ZWE","Zimbabwe","Africa","Lower middle income",2005,25.89775,2.00137,12940000,FALSE
"ZWE","Zimbabwe","Africa","Lower middle income",2006,24.81571,1.89082,13124300,FALSE
"ZWE","Zimbabwe","Africa","Lower middle income",2007,24.83984,1.86347,13329900,FALSE
"ZWE","Zimbabwe","Africa","Lower middle income",2008,22.23317,1.6398,13558500,FALSE
"ZWE","Zimbabwe","Africa","Lower middle income",2009,22.8139,1.65191,13810600,FALSE
"ZWE","Zimbabwe","Africa","Lower middle income",2010,25.98958,1.84503,14086300,FALSE
"ZWE","Zimbabwe","Africa","Lower middle income",2011,32.48699,2.25814,14386600,FALSE
"ZWE","Zimbabwe","Africa","Lower middle income",2012,29.53355,2.00761,14710800,FALSE
"ZWE","Zimbabwe","Africa","Lower middle income",2013,29.6596,1.97015,15054500,FALSE
"ZWE","Zimbabwe","Africa","Lower middle income",2014,27.40979,1.77851,15411700,FALSE
"ZWE","Zimbabwe","Africa","Lower middle income",2015,28.46945,1.80443,15777500,FALSE
"ZWE","Zimbabwe","Africa","Lower middle income",2016,26.59281,1.64657,16150400,FALSE
"ZWE","Zimbabwe","Africa","Lower middle income",2017,26.05141,1.57602,16529900,FALSE
"ZWE","Zimbabwe","Africa","Lower middle income",2018,28.03108,1.65734,16913261,FALSE
"ZWE","Zimbabwe","Africa","Lower middle income",2019,26.46949,1.53025,17297495,FALSE
"ZWE","Zimbabwe","Africa","Lower middle income",2020,24.79379,1.40233,17680465,FALSE
"ZWE","Zimbabwe","Africa","Lower middle income",2021,27.14971,1.50331,18060000,FALSE
"ZWE","Zimbabwe","Africa","Lower middle income",2022,28.02563,1.51999,18438000,FALSE
"ZWE","Zimbabwe","Africa","Lower middle income",2023,30.12498,1.6012,18814000,FALSE
"ZWE","Zimbabwe","Africa","Lower middle income",2024,30.78427,1.60418,19190000,FALSE
"EU27","EU27",NA,NA,1970,4571.89628,11.85375,385692065,NA
"EU27","EU27",NA,NA,1971,4595.06098,11.83476,388268143,NA
"EU27","EU27",NA,NA,1972,4746.06932,12.1431,390844942,NA
"EU27","EU27",NA,NA,1973,4964.94373,12.62106,393385498,NA
"EU27","EU27",NA,NA,1974,4925.75556,12.44396,395835081,NA
"EU27","EU27",NA,NA,1975,4839.41229,12.15464,398153599,NA
"EU27","EU27",NA,NA,1976,5103.79858,12.74873,400337717,NA
"EU27","EU27",NA,NA,1977,5093.34908,12.65756,402395745,NA
"EU27","EU27",NA,NA,1978,5263.40619,13.0181,404314355,NA
"EU27","EU27",NA,NA,1979,5421.83966,13.35166,406079691,NA
"EU27","EU27",NA,NA,1980,5333.49227,13.08231,407687448,NA
"EU27","EU27",NA,NA,1981,5128.35717,12.5349,409126317,NA
"EU27","EU27",NA,NA,1982,5044.0289,12.29018,410411452,NA
"EU27","EU27",NA,NA,1983,5023.48676,12.20488,411596490,NA
"EU27","EU27",NA,NA,1984,5062.19685,12.26445,412753550,NA
"EU27","EU27",NA,NA,1985,5066.24151,12.23919,413936097,NA
"EU27","EU27",NA,NA,1986,5065.05736,12.20026,415159683,NA
"EU27","EU27",NA,NA,1987,5100.57281,12.24887,416411725,NA
"EU27","EU27",NA,NA,1988,5082.22497,12.16768,417682445,NA
"EU27","EU27",NA,NA,1989,5070.84641,12.10367,418951121,NA
"EU27","EU27",NA,NA,1990,4864.27723,11.57615,420198056,NA
"EU27","EU27",NA,NA,1991,4783.08095,11.34927,421443759,NA
"EU27","EU27",NA,NA,1992,4607.85503,10.9013,422688485,NA
"EU27","EU27",NA,NA,1993,4520.54857,10.66493,423870465,NA
"EU27","EU27",NA,NA,1994,4506.61417,10.6061,424907939,NA
"EU27","EU27",NA,NA,1995,4557.65391,10.70495,425752008,NA
"EU27","EU27",NA,NA,1996,4666.62895,10.94523,426362012,NA
"EU27","EU27",NA,NA,1997,4582.93814,10.7384,426780350,NA
"EU27","EU27",NA,NA,1998,4534.42803,10.61572,427142652,NA
"EU27","EU27",NA,NA,1999,4454.0451,10.41549,427636527,NA
"EU27","EU27",NA,NA,2000,4468.65825,10.43124,428391677,NA
"EU27","EU27",NA,NA,2001,4500.94924,10.48064,429453725,NA
"EU27","EU27",NA,NA,2002,4484.56575,10.41059,430769445,NA
"EU27","EU27",NA,NA,2003,4578.94075,10.59336,432246406,NA
"EU27","EU27",NA,NA,2004,4585.1651,10.57107,433746666,NA
"EU27","EU27",NA,NA,2005,4552.22439,10.46097,435162709,NA
"EU27","EU27",NA,NA,2006,4550.10632,10.42458,436478447,NA
"EU27","EU27",NA,NA,2007,4518.74922,10.32365,437708486,NA
"EU27","EU27",NA,NA,2008,4409.42679,10.04847,438815903,NA
"EU27","EU27",NA,NA,2009,4118.76738,9.36587,439763584,NA
"EU27","EU27",NA,NA,2010,4235.07875,9.61362,440528869,NA
"EU27","EU27",NA,NA,2011,4127.27869,9.35715,441082878,NA
"EU27","EU27",NA,NA,2012,4063.45643,9.20507,441436556,NA
"EU27","EU27",NA,NA,2013,3973.98714,8.99782,441660877,NA
"EU27","EU27",NA,NA,2014,3831.01793,8.67028,441856406,NA
"EU27","EU27",NA,NA,2015,3885.94436,8.78984,442094897,NA
"EU27","EU27",NA,NA,2016,3894.39095,8.80278,442404619,NA
"EU27","EU27",NA,NA,2017,3915.22579,8.84274,442761850,NA
"EU27","EU27",NA,NA,2018,3834.91155,8.65427,443123600,NA
"EU27","EU27",NA,NA,2019,3683.75414,8.30755,443422363,NA
"EU27","EU27",NA,NA,2020,3395.60383,7.65447,443610807,NA
"EU27","EU27",NA,NA,2021,3572.36561,8.05174,443676000,NA
"EU27","EU27",NA,NA,2022,3483.10604,7.85118,443641000,NA
"EU27","EU27",NA,NA,2023,3222.51902,7.26573,443523000,NA
"EU27","EU27",NA,NA,2024,3164.66465,7.13785,443364000,NA
"GLOBAL TOTAL","GLOBAL TOTAL",NA,NA,1970,23228.50626,6.2783,3699806538,NA
"GLOBAL TOTAL","GLOBAL TOTAL",NA,NA,1971,23262.16148,6.16216,3775000421,NA
"GLOBAL TOTAL","GLOBAL TOTAL",NA,NA,1972,24200.86746,6.28474,3850735848,NA
"GLOBAL TOTAL","GLOBAL TOTAL",NA,NA,1973,25423.89714,6.47461,3926708251,NA
"GLOBAL TOTAL","GLOBAL TOTAL",NA,NA,1974,25424.67982,6.35205,4002596524,NA
"GLOBAL TOTAL","GLOBAL TOTAL",NA,NA,1975,25445.00853,6.23925,4078216716,NA
"GLOBAL TOTAL","GLOBAL TOTAL",NA,NA,1976,26585.87337,6.40099,4153400282,NA
"GLOBAL TOTAL","GLOBAL TOTAL",NA,NA,1977,27272.38308,6.44997,4228294039,NA
"GLOBAL TOTAL","GLOBAL TOTAL",NA,NA,1978,27997.10023,6.50573,4303451200,NA
"GLOBAL TOTAL","GLOBAL TOTAL",NA,NA,1979,28713.07157,6.55603,4379641355,NA
"GLOBAL TOTAL","GLOBAL TOTAL",NA,NA,1980,28439.68946,6.38027,4457444115,NA
"GLOBAL TOTAL","GLOBAL TOTAL",NA,NA,1981,27937.88501,6.15798,4536856084,NA
"GLOBAL TOTAL","GLOBAL TOTAL",NA,NA,1982,27775.59767,6.01495,4617758767,NA
"GLOBAL TOTAL","GLOBAL TOTAL",NA,NA,1983,28027.8971,5.96276,4700487376,NA
"GLOBAL TOTAL","GLOBAL TOTAL",NA,NA,1984,28823.5317,6.0232,4785419824,NA
"GLOBAL TOTAL","GLOBAL TOTAL",NA,NA,1985,29138.66537,5.98,4872686265,NA
"GLOBAL TOTAL","GLOBAL TOTAL",NA,NA,1986,29635.80879,5.97193,4962517043,NA
"GLOBAL TOTAL","GLOBAL TOTAL",NA,NA,1987,30395.98773,6.01366,5054487361,NA
"GLOBAL TOTAL","GLOBAL TOTAL",NA,NA,1988,31352.63936,6.09098,5147384342,NA
"GLOBAL TOTAL","GLOBAL TOTAL",NA,NA,1989,31920.6737,6.09227,5239532808,NA
"GLOBAL TOTAL","GLOBAL TOTAL",NA,NA,1990,32249.86692,6.05096,5329711525,NA
"GLOBAL TOTAL","GLOBAL TOTAL",NA,NA,1991,32322.91366,5.9664,5417488719,NA
"GLOBAL TOTAL","GLOBAL TOTAL",NA,NA,1992,32283.6613,5.86645,5503098373,NA
"GLOBAL TOTAL","GLOBAL TOTAL",NA,NA,1993,32363.42842,5.79287,5586767806,NA
"GLOBAL TOTAL","GLOBAL TOTAL",NA,NA,1994,32721.43546,5.77204,5668953241,NA
"GLOBAL TOTAL","GLOBAL TOTAL",NA,NA,1995,33546.50284,5.8341,5750075968,NA
"GLOBAL TOTAL","GLOBAL TOTAL",NA,NA,1996,34183.67784,5.86328,5830129835,NA
"GLOBAL TOTAL","GLOBAL TOTAL",NA,NA,1997,34587.07331,5.85319,5909101668,NA
"GLOBAL TOTAL","GLOBAL TOTAL",NA,NA,1998,34692.8085,5.79436,5987340166,NA
"GLOBAL TOTAL","GLOBAL TOTAL",NA,NA,1999,34923.598,5.7579,6065339460,NA
"GLOBAL TOTAL","GLOBAL TOTAL",NA,NA,2000,35793.98038,5.82637,6143443078,NA
"GLOBAL TOTAL","GLOBAL TOTAL",NA,NA,2001,36099.4838,5.80208,6221822275,NA
"GLOBAL TOTAL","GLOBAL TOTAL",NA,NA,2002,36555.71892,5.802,6300534240,NA
"GLOBAL TOTAL","GLOBAL TOTAL",NA,NA,2003,38064.79673,5.96649,6379758712,NA
"GLOBAL TOTAL","GLOBAL TOTAL",NA,NA,2004,39626.76085,6.13444,6459716099,NA
"GLOBAL TOTAL","GLOBAL TOTAL",NA,NA,2005,40919.6246,6.25635,6540498006,NA
"GLOBAL TOTAL","GLOBAL TOTAL",NA,NA,2006,42078.82589,6.3542,6622210006,NA
"GLOBAL TOTAL","GLOBAL TOTAL",NA,NA,2007,43350.58688,6.4656,6704806455,NA
"GLOBAL TOTAL","GLOBAL TOTAL",NA,NA,2008,43642.40723,6.42915,6788203085,NA
"GLOBAL TOTAL","GLOBAL TOTAL",NA,NA,2009,43188.41693,6.28453,6872183597,NA
"GLOBAL TOTAL","GLOBAL TOTAL",NA,NA,2010,45433.10284,6.53093,6956606792,NA
"GLOBAL TOTAL","GLOBAL TOTAL",NA,NA,2011,46808.09861,6.64754,7041413120,NA
"GLOBAL TOTAL","GLOBAL TOTAL",NA,NA,2012,47430.07288,6.65543,7126525380,NA
"GLOBAL TOTAL","GLOBAL TOTAL",NA,NA,2013,48193.43752,6.68269,7211677986,NA
"GLOBAL TOTAL","GLOBAL TOTAL",NA,NA,2014,48549.13733,6.65367,7296594840,NA
"GLOBAL TOTAL","GLOBAL TOTAL",NA,NA,2015,48451.42067,6.56434,7380999635,NA
"GLOBAL TOTAL","GLOBAL TOTAL",NA,NA,2016,48655.80638,6.51805,7464774702,NA
"GLOBAL TOTAL","GLOBAL TOTAL",NA,NA,2017,49478.56006,6.55531,7547863031,NA
"GLOBAL TOTAL","GLOBAL TOTAL",NA,NA,2018,50566.42197,6.62714,7630199311,NA
"GLOBAL TOTAL","GLOBAL TOTAL",NA,NA,2019,50829.62901,6.59119,7711752289,NA
"GLOBAL TOTAL","GLOBAL TOTAL",NA,NA,2020,48962.12689,6.28325,7792490304,NA
"GLOBAL TOTAL","GLOBAL TOTAL",NA,NA,2021,51187.9534,6.5002,7874832893,NA
"GLOBAL TOTAL","GLOBAL TOTAL",NA,NA,2022,51748.1215,6.50607,7953826245,NA
"GLOBAL TOTAL","GLOBAL TOTAL",NA,NA,2023,52540.76587,6.54158,8031821208,NA
"GLOBAL TOTAL","GLOBAL TOTAL",NA,NA,2024,53206.40127,6.56153,8108838865,NA
