"query","query_type","abridged_query","year","n","reference_n","comparison_percentage","average_comparison_percentage","topic"
"TITLE-ABS-KEY(""language evolution"" OR ""evolution of language"")","reference","""language evolution"" OR ""evolution of language""",1980,5,5,100,100,"language evolution"
"TITLE-ABS-KEY(""language evolution"" OR ""evolution of language"")","reference","""language evolution"" OR ""evolution of language""",1981,4,4,100,100,"language evolution"
"TITLE-ABS-KEY(""language evolution"" OR ""evolution of language"")","reference","""language evolution"" OR ""evolution of language""",1982,4,4,100,100,"language evolution"
"TITLE-ABS-KEY(""language evolution"" OR ""evolution of language"")","reference","""language evolution"" OR ""evolution of language""",1983,1,1,100,100,"language evolution"
"TITLE-ABS-KEY(""language evolution"" OR ""evolution of language"")","reference","""language evolution"" OR ""evolution of language""",1984,5,5,100,100,"language evolution"
"TITLE-ABS-KEY(""language evolution"" OR ""evolution of language"")","reference","""language evolution"" OR ""evolution of language""",1985,6,6,100,100,"language evolution"
"TITLE-ABS-KEY(""language evolution"" OR ""evolution of language"")","reference","""language evolution"" OR ""evolution of language""",1986,2,2,100,100,"language evolution"
"TITLE-ABS-KEY(""language evolution"" OR ""evolution of language"")","reference","""language evolution"" OR ""evolution of language""",1987,3,3,100,100,"language evolution"
"TITLE-ABS-KEY(""language evolution"" OR ""evolution of language"")","reference","""language evolution"" OR ""evolution of language""",1988,4,4,100,100,"language evolution"
"TITLE-ABS-KEY(""language evolution"" OR ""evolution of language"")","reference","""language evolution"" OR ""evolution of language""",1989,10,10,100,100,"language evolution"
"TITLE-ABS-KEY(""language evolution"" OR ""evolution of language"")","reference","""language evolution"" OR ""evolution of language""",1990,5,5,100,100,"language evolution"
"TITLE-ABS-KEY(""language evolution"" OR ""evolution of language"")","reference","""language evolution"" OR ""evolution of language""",1991,6,6,100,100,"language evolution"
"TITLE-ABS-KEY(""language evolution"" OR ""evolution of language"")","reference","""language evolution"" OR ""evolution of language""",1992,7,7,100,100,"language evolution"
"TITLE-ABS-KEY(""language evolution"" OR ""evolution of language"")","reference","""language evolution"" OR ""evolution of language""",1993,3,3,100,100,"language evolution"
"TITLE-ABS-KEY(""language evolution"" OR ""evolution of language"")","reference","""language evolution"" OR ""evolution of language""",1994,4,4,100,100,"language evolution"
"TITLE-ABS-KEY(""language evolution"" OR ""evolution of language"")","reference","""language evolution"" OR ""evolution of language""",1995,7,7,100,100,"language evolution"
"TITLE-ABS-KEY(""language evolution"" OR ""evolution of language"")","reference","""language evolution"" OR ""evolution of language""",1996,12,12,100,100,"language evolution"
"TITLE-ABS-KEY(""language evolution"" OR ""evolution of language"")","reference","""language evolution"" OR ""evolution of language""",1997,10,10,100,100,"language evolution"
"TITLE-ABS-KEY(""language evolution"" OR ""evolution of language"")","reference","""language evolution"" OR ""evolution of language""",1998,13,13,100,100,"language evolution"
"TITLE-ABS-KEY(""language evolution"" OR ""evolution of language"")","reference","""language evolution"" OR ""evolution of language""",1999,14,14,100,100,"language evolution"
"TITLE-ABS-KEY(""language evolution"" OR ""evolution of language"")","reference","""language evolution"" OR ""evolution of language""",2000,35,35,100,100,"language evolution"
"TITLE-ABS-KEY(""language evolution"" OR ""evolution of language"")","reference","""language evolution"" OR ""evolution of language""",2001,23,23,100,100,"language evolution"
"TITLE-ABS-KEY(""language evolution"" OR ""evolution of language"")","reference","""language evolution"" OR ""evolution of language""",2002,32,32,100,100,"language evolution"
"TITLE-ABS-KEY(""language evolution"" OR ""evolution of language"")","reference","""language evolution"" OR ""evolution of language""",2003,46,46,100,100,"language evolution"
"TITLE-ABS-KEY(""language evolution"" OR ""evolution of language"")","reference","""language evolution"" OR ""evolution of language""",2004,32,32,100,100,"language evolution"
"TITLE-ABS-KEY(""language evolution"" OR ""evolution of language"")","reference","""language evolution"" OR ""evolution of language""",2005,74,74,100,100,"language evolution"
"TITLE-ABS-KEY(""language evolution"" OR ""evolution of language"")","reference","""language evolution"" OR ""evolution of language""",2006,91,91,100,100,"language evolution"
"TITLE-ABS-KEY(""language evolution"" OR ""evolution of language"")","reference","""language evolution"" OR ""evolution of language""",2007,80,80,100,100,"language evolution"
"TITLE-ABS-KEY(""language evolution"" OR ""evolution of language"")","reference","""language evolution"" OR ""evolution of language""",2008,97,97,100,100,"language evolution"
"TITLE-ABS-KEY(""language evolution"" OR ""evolution of language"")","reference","""language evolution"" OR ""evolution of language""",2009,81,81,100,100,"language evolution"
"TITLE-ABS-KEY(""language evolution"" OR ""evolution of language"")","reference","""language evolution"" OR ""evolution of language""",2010,153,153,100,100,"language evolution"
"TITLE-ABS-KEY(""language evolution"" OR ""evolution of language"")","reference","""language evolution"" OR ""evolution of language""",2011,142,142,100,100,"language evolution"
"TITLE-ABS-KEY(""language evolution"" OR ""evolution of language"")","reference","""language evolution"" OR ""evolution of language""",2012,119,119,100,100,"language evolution"
"TITLE-ABS-KEY(""language evolution"" OR ""evolution of language"")","reference","""language evolution"" OR ""evolution of language""",2013,112,112,100,100,"language evolution"
"TITLE-ABS-KEY(""language evolution"" OR ""evolution of language"")","reference","""language evolution"" OR ""evolution of language""",2014,146,146,100,100,"language evolution"
"TITLE-ABS-KEY(""language evolution"" OR ""evolution of language"")","reference","""language evolution"" OR ""evolution of language""",2015,138,138,100,100,"language evolution"
"TITLE-ABS-KEY(""language evolution"" OR ""evolution of language"")","reference","""language evolution"" OR ""evolution of language""",2016,129,129,100,100,"language evolution"
"TITLE-ABS-KEY(""language evolution"" OR ""evolution of language"")","reference","""language evolution"" OR ""evolution of language""",2017,192,192,100,100,"language evolution"
"TITLE-ABS-KEY(""language evolution"" OR ""evolution of language"")","reference","""language evolution"" OR ""evolution of language""",2018,192,192,100,100,"language evolution"
"TITLE-ABS-KEY(""language evolution"" OR ""evolution of language"")","reference","""language evolution"" OR ""evolution of language""",2019,149,149,100,100,"language evolution"
"TITLE-ABS-KEY(""language evolution"" OR ""evolution of language"")","reference","""language evolution"" OR ""evolution of language""",2020,150,150,100,100,"language evolution"
"TITLE-ABS-KEY(""language evolution"" OR ""evolution of language"")","reference","""language evolution"" OR ""evolution of language""",2021,171,171,100,100,"language evolution"
"TITLE-ABS-KEY(""language evolution"" OR ""evolution of language"")","reference","""language evolution"" OR ""evolution of language""",2022,139,139,100,100,"language evolution"
"TITLE-ABS-KEY(""language evolution"" OR ""evolution of language"")","reference","""language evolution"" OR ""evolution of language""",2023,167,167,100,100,"language evolution"
"TITLE-ABS-KEY(""language evolution"" OR ""evolution of language"")","reference","""language evolution"" OR ""evolution of language""",2024,195,195,100,100,"language evolution"
"TITLE-ABS-KEY(""language evolution"" OR ""evolution of language"")","reference","""language evolution"" OR ""evolution of language""",2025,250,250,100,100,"language evolution"
"TITLE-ABS-KEY(""language evolution"" OR ""evolution of language"")","reference","""language evolution"" OR ""evolution of language""",2026,116,116,100,100,"language evolution"
"TITLE-ABS-KEY(""language evolution"" OR ""evolution of language"") AND TITLE-ABS-KEY(speculat*)","comparison","speculat*",1980,0,5,0,1.4218009478673,"language evolution"
"TITLE-ABS-KEY(""language evolution"" OR ""evolution of language"") AND TITLE-ABS-KEY(speculat*)","comparison","speculat*",1981,0,4,0,1.4218009478673,"language evolution"
"TITLE-ABS-KEY(""language evolution"" OR ""evolution of language"") AND TITLE-ABS-KEY(speculat*)","comparison","speculat*",1982,0,4,0,1.4218009478673,"language evolution"
"TITLE-ABS-KEY(""language evolution"" OR ""evolution of language"") AND TITLE-ABS-KEY(speculat*)","comparison","speculat*",1983,0,1,0,1.4218009478673,"language evolution"
"TITLE-ABS-KEY(""language evolution"" OR ""evolution of language"") AND TITLE-ABS-KEY(speculat*)","comparison","speculat*",1984,0,5,0,1.4218009478673,"language evolution"
"TITLE-ABS-KEY(""language evolution"" OR ""evolution of language"") AND TITLE-ABS-KEY(speculat*)","comparison","speculat*",1985,0,6,0,1.4218009478673,"language evolution"
"TITLE-ABS-KEY(""language evolution"" OR ""evolution of language"") AND TITLE-ABS-KEY(speculat*)","comparison","speculat*",1986,0,2,0,1.4218009478673,"language evolution"
"TITLE-ABS-KEY(""language evolution"" OR ""evolution of language"") AND TITLE-ABS-KEY(speculat*)","comparison","speculat*",1987,0,3,0,1.4218009478673,"language evolution"
"TITLE-ABS-KEY(""language evolution"" OR ""evolution of language"") AND TITLE-ABS-KEY(speculat*)","comparison","speculat*",1988,0,4,0,1.4218009478673,"language evolution"
"TITLE-ABS-KEY(""language evolution"" OR ""evolution of language"") AND TITLE-ABS-KEY(speculat*)","comparison","speculat*",1989,0,10,0,1.4218009478673,"language evolution"
"TITLE-ABS-KEY(""language evolution"" OR ""evolution of language"") AND TITLE-ABS-KEY(speculat*)","comparison","speculat*",1990,0,5,0,1.4218009478673,"language evolution"
"TITLE-ABS-KEY(""language evolution"" OR ""evolution of language"") AND TITLE-ABS-KEY(speculat*)","comparison","speculat*",1991,0,6,0,1.4218009478673,"language evolution"
"TITLE-ABS-KEY(""language evolution"" OR ""evolution of language"") AND TITLE-ABS-KEY(speculat*)","comparison","speculat*",1992,0,7,0,1.4218009478673,"language evolution"
"TITLE-ABS-KEY(""language evolution"" OR ""evolution of language"") AND TITLE-ABS-KEY(speculat*)","comparison","speculat*",1993,0,3,0,1.4218009478673,"language evolution"
"TITLE-ABS-KEY(""language evolution"" OR ""evolution of language"") AND TITLE-ABS-KEY(speculat*)","comparison","speculat*",1994,0,4,0,1.4218009478673,"language evolution"
"TITLE-ABS-KEY(""language evolution"" OR ""evolution of language"") AND TITLE-ABS-KEY(speculat*)","comparison","speculat*",1995,0,7,0,1.4218009478673,"language evolution"
"TITLE-ABS-KEY(""language evolution"" OR ""evolution of language"") AND TITLE-ABS-KEY(speculat*)","comparison","speculat*",1996,1,12,8.33333333333333,1.4218009478673,"language evolution"
"TITLE-ABS-KEY(""language evolution"" OR ""evolution of language"") AND TITLE-ABS-KEY(speculat*)","comparison","speculat*",1997,0,10,0,1.4218009478673,"language evolution"
"TITLE-ABS-KEY(""language evolution"" OR ""evolution of language"") AND TITLE-ABS-KEY(speculat*)","comparison","speculat*",1998,0,13,0,1.4218009478673,"language evolution"
"TITLE-ABS-KEY(""language evolution"" OR ""evolution of language"") AND TITLE-ABS-KEY(speculat*)","comparison","speculat*",1999,1,14,7.14285714285714,1.4218009478673,"language evolution"
"TITLE-ABS-KEY(""language evolution"" OR ""evolution of language"") AND TITLE-ABS-KEY(speculat*)","comparison","speculat*",2000,0,35,0,1.4218009478673,"language evolution"
"TITLE-ABS-KEY(""language evolution"" OR ""evolution of language"") AND TITLE-ABS-KEY(speculat*)","comparison","speculat*",2001,1,23,4.34782608695652,1.4218009478673,"language evolution"
"TITLE-ABS-KEY(""language evolution"" OR ""evolution of language"") AND TITLE-ABS-KEY(speculat*)","comparison","speculat*",2002,0,32,0,1.4218009478673,"language evolution"
"TITLE-ABS-KEY(""language evolution"" OR ""evolution of language"") AND TITLE-ABS-KEY(speculat*)","comparison","speculat*",2003,1,46,2.17391304347826,1.4218009478673,"language evolution"
"TITLE-ABS-KEY(""language evolution"" OR ""evolution of language"") AND TITLE-ABS-KEY(speculat*)","comparison","speculat*",2004,0,32,0,1.4218009478673,"language evolution"
"TITLE-ABS-KEY(""language evolution"" OR ""evolution of language"") AND TITLE-ABS-KEY(speculat*)","comparison","speculat*",2005,3,74,4.05405405405405,1.4218009478673,"language evolution"
"TITLE-ABS-KEY(""language evolution"" OR ""evolution of language"") AND TITLE-ABS-KEY(speculat*)","comparison","speculat*",2006,0,91,0,1.4218009478673,"language evolution"
"TITLE-ABS-KEY(""language evolution"" OR ""evolution of language"") AND TITLE-ABS-KEY(speculat*)","comparison","speculat*",2007,2,80,2.5,1.4218009478673,"language evolution"
"TITLE-ABS-KEY(""language evolution"" OR ""evolution of language"") AND TITLE-ABS-KEY(speculat*)","comparison","speculat*",2008,2,97,2.06185567010309,1.4218009478673,"language evolution"
"TITLE-ABS-KEY(""language evolution"" OR ""evolution of language"") AND TITLE-ABS-KEY(speculat*)","comparison","speculat*",2009,2,81,2.46913580246914,1.4218009478673,"language evolution"
"TITLE-ABS-KEY(""language evolution"" OR ""evolution of language"") AND TITLE-ABS-KEY(speculat*)","comparison","speculat*",2010,1,153,0.65359477124183,1.4218009478673,"language evolution"
"TITLE-ABS-KEY(""language evolution"" OR ""evolution of language"") AND TITLE-ABS-KEY(speculat*)","comparison","speculat*",2011,3,142,2.11267605633803,1.4218009478673,"language evolution"
"TITLE-ABS-KEY(""language evolution"" OR ""evolution of language"") AND TITLE-ABS-KEY(speculat*)","comparison","speculat*",2012,1,119,0.840336134453782,1.4218009478673,"language evolution"
"TITLE-ABS-KEY(""language evolution"" OR ""evolution of language"") AND TITLE-ABS-KEY(speculat*)","comparison","speculat*",2013,1,112,0.892857142857143,1.4218009478673,"language evolution"
"TITLE-ABS-KEY(""language evolution"" OR ""evolution of language"") AND TITLE-ABS-KEY(speculat*)","comparison","speculat*",2014,2,146,1.36986301369863,1.4218009478673,"language evolution"
"TITLE-ABS-KEY(""language evolution"" OR ""evolution of language"") AND TITLE-ABS-KEY(speculat*)","comparison","speculat*",2015,0,138,0,1.4218009478673,"language evolution"
"TITLE-ABS-KEY(""language evolution"" OR ""evolution of language"") AND TITLE-ABS-KEY(speculat*)","comparison","speculat*",2016,2,129,1.55038759689922,1.4218009478673,"language evolution"
"TITLE-ABS-KEY(""language evolution"" OR ""evolution of language"") AND TITLE-ABS-KEY(speculat*)","comparison","speculat*",2017,4,192,2.08333333333333,1.4218009478673,"language evolution"
"TITLE-ABS-KEY(""language evolution"" OR ""evolution of language"") AND TITLE-ABS-KEY(speculat*)","comparison","speculat*",2018,1,192,0.520833333333333,1.4218009478673,"language evolution"
"TITLE-ABS-KEY(""language evolution"" OR ""evolution of language"") AND TITLE-ABS-KEY(speculat*)","comparison","speculat*",2019,2,149,1.34228187919463,1.4218009478673,"language evolution"
"TITLE-ABS-KEY(""language evolution"" OR ""evolution of language"") AND TITLE-ABS-KEY(speculat*)","comparison","speculat*",2020,1,150,0.666666666666667,1.4218009478673,"language evolution"
"TITLE-ABS-KEY(""language evolution"" OR ""evolution of language"") AND TITLE-ABS-KEY(speculat*)","comparison","speculat*",2021,5,171,2.92397660818713,1.4218009478673,"language evolution"
"TITLE-ABS-KEY(""language evolution"" OR ""evolution of language"") AND TITLE-ABS-KEY(speculat*)","comparison","speculat*",2022,5,139,3.59712230215827,1.4218009478673,"language evolution"
"TITLE-ABS-KEY(""language evolution"" OR ""evolution of language"") AND TITLE-ABS-KEY(speculat*)","comparison","speculat*",2023,3,167,1.79640718562874,1.4218009478673,"language evolution"
"TITLE-ABS-KEY(""language evolution"" OR ""evolution of language"") AND TITLE-ABS-KEY(speculat*)","comparison","speculat*",2024,1,195,0.512820512820513,1.4218009478673,"language evolution"
"TITLE-ABS-KEY(""language evolution"" OR ""evolution of language"") AND TITLE-ABS-KEY(speculat*)","comparison","speculat*",2025,3,250,1.2,1.4218009478673,"language evolution"
"TITLE-ABS-KEY(""language evolution"" OR ""evolution of language"") AND TITLE-ABS-KEY(speculat*)","comparison","speculat*",2026,0,116,0,1.4218009478673,"language evolution"
"TITLE-ABS-KEY(""language comprehension"")","reference","""language comprehension""",1980,26,26,100,100,"language comprehension"
"TITLE-ABS-KEY(""language comprehension"")","reference","""language comprehension""",1981,30,30,100,100,"language comprehension"
"TITLE-ABS-KEY(""language comprehension"")","reference","""language comprehension""",1982,27,27,100,100,"language comprehension"
"TITLE-ABS-KEY(""language comprehension"")","reference","""language comprehension""",1983,22,22,100,100,"language comprehension"
"TITLE-ABS-KEY(""language comprehension"")","reference","""language comprehension""",1984,25,25,100,100,"language comprehension"
"TITLE-ABS-KEY(""language comprehension"")","reference","""language comprehension""",1985,20,20,100,100,"language comprehension"
"TITLE-ABS-KEY(""language comprehension"")","reference","""language comprehension""",1986,26,26,100,100,"language comprehension"
"TITLE-ABS-KEY(""language comprehension"")","reference","""language comprehension""",1987,19,19,100,100,"language comprehension"
"TITLE-ABS-KEY(""language comprehension"")","reference","""language comprehension""",1988,30,30,100,100,"language comprehension"
"TITLE-ABS-KEY(""language comprehension"")","reference","""language comprehension""",1989,32,32,100,100,"language comprehension"
"TITLE-ABS-KEY(""language comprehension"")","reference","""language comprehension""",1990,28,28,100,100,"language comprehension"
"TITLE-ABS-KEY(""language comprehension"")","reference","""language comprehension""",1991,38,38,100,100,"language comprehension"
"TITLE-ABS-KEY(""language comprehension"")","reference","""language comprehension""",1992,29,29,100,100,"language comprehension"
"TITLE-ABS-KEY(""language comprehension"")","reference","""language comprehension""",1993,33,33,100,100,"language comprehension"
"TITLE-ABS-KEY(""language comprehension"")","reference","""language comprehension""",1994,33,33,100,100,"language comprehension"
"TITLE-ABS-KEY(""language comprehension"")","reference","""language comprehension""",1995,35,35,100,100,"language comprehension"
"TITLE-ABS-KEY(""language comprehension"")","reference","""language comprehension""",1996,41,41,100,100,"language comprehension"
"TITLE-ABS-KEY(""language comprehension"")","reference","""language comprehension""",1997,39,39,100,100,"language comprehension"
"TITLE-ABS-KEY(""language comprehension"")","reference","""language comprehension""",1998,60,60,100,100,"language comprehension"
"TITLE-ABS-KEY(""language comprehension"")","reference","""language comprehension""",1999,60,60,100,100,"language comprehension"
"TITLE-ABS-KEY(""language comprehension"")","reference","""language comprehension""",2000,49,49,100,100,"language comprehension"
"TITLE-ABS-KEY(""language comprehension"")","reference","""language comprehension""",2001,52,52,100,100,"language comprehension"
"TITLE-ABS-KEY(""language comprehension"")","reference","""language comprehension""",2002,67,67,100,100,"language comprehension"
"TITLE-ABS-KEY(""language comprehension"")","reference","""language comprehension""",2003,76,76,100,100,"language comprehension"
"TITLE-ABS-KEY(""language comprehension"")","reference","""language comprehension""",2004,85,85,100,100,"language comprehension"
"TITLE-ABS-KEY(""language comprehension"")","reference","""language comprehension""",2005,96,96,100,100,"language comprehension"
"TITLE-ABS-KEY(""language comprehension"")","reference","""language comprehension""",2006,123,123,100,100,"language comprehension"
"TITLE-ABS-KEY(""language comprehension"")","reference","""language comprehension""",2007,125,125,100,100,"language comprehension"
"TITLE-ABS-KEY(""language comprehension"")","reference","""language comprehension""",2008,145,145,100,100,"language comprehension"
"TITLE-ABS-KEY(""language comprehension"")","reference","""language comprehension""",2009,149,149,100,100,"language comprehension"
"TITLE-ABS-KEY(""language comprehension"")","reference","""language comprehension""",2010,195,195,100,100,"language comprehension"
"TITLE-ABS-KEY(""language comprehension"")","reference","""language comprehension""",2011,182,182,100,100,"language comprehension"
"TITLE-ABS-KEY(""language comprehension"")","reference","""language comprehension""",2012,228,228,100,100,"language comprehension"
"TITLE-ABS-KEY(""language comprehension"")","reference","""language comprehension""",2013,219,219,100,100,"language comprehension"
"TITLE-ABS-KEY(""language comprehension"")","reference","""language comprehension""",2014,226,226,100,100,"language comprehension"
"TITLE-ABS-KEY(""language comprehension"")","reference","""language comprehension""",2015,250,250,100,100,"language comprehension"
"TITLE-ABS-KEY(""language comprehension"")","reference","""language comprehension""",2016,249,249,100,100,"language comprehension"
"TITLE-ABS-KEY(""language comprehension"")","reference","""language comprehension""",2017,260,260,100,100,"language comprehension"
"TITLE-ABS-KEY(""language comprehension"")","reference","""language comprehension""",2018,244,244,100,100,"language comprehension"
"TITLE-ABS-KEY(""language comprehension"")","reference","""language comprehension""",2019,234,234,100,100,"language comprehension"
"TITLE-ABS-KEY(""language comprehension"")","reference","""language comprehension""",2020,319,319,100,100,"language comprehension"
"TITLE-ABS-KEY(""language comprehension"")","reference","""language comprehension""",2021,331,331,100,100,"language comprehension"
"TITLE-ABS-KEY(""language comprehension"")","reference","""language comprehension""",2022,301,301,100,100,"language comprehension"
"TITLE-ABS-KEY(""language comprehension"")","reference","""language comprehension""",2023,359,359,100,100,"language comprehension"
"TITLE-ABS-KEY(""language comprehension"")","reference","""language comprehension""",2024,482,482,100,100,"language comprehension"
"TITLE-ABS-KEY(""language comprehension"")","reference","""language comprehension""",2025,519,519,100,100,"language comprehension"
"TITLE-ABS-KEY(""language comprehension"")","reference","""language comprehension""",2026,325,325,100,100,"language comprehension"
"TITLE-ABS-KEY(""language comprehension"") AND TITLE-ABS-KEY(speculat*)","comparison","speculat*",1980,0,26,0,0.36680421824851,"language comprehension"
"TITLE-ABS-KEY(""language comprehension"") AND TITLE-ABS-KEY(speculat*)","comparison","speculat*",1981,0,30,0,0.36680421824851,"language comprehension"
"TITLE-ABS-KEY(""language comprehension"") AND TITLE-ABS-KEY(speculat*)","comparison","speculat*",1982,0,27,0,0.36680421824851,"language comprehension"
"TITLE-ABS-KEY(""language comprehension"") AND TITLE-ABS-KEY(speculat*)","comparison","speculat*",1983,0,22,0,0.36680421824851,"language comprehension"
"TITLE-ABS-KEY(""language comprehension"") AND TITLE-ABS-KEY(speculat*)","comparison","speculat*",1984,0,25,0,0.36680421824851,"language comprehension"
"TITLE-ABS-KEY(""language comprehension"") AND TITLE-ABS-KEY(speculat*)","comparison","speculat*",1985,1,20,5,0.36680421824851,"language comprehension"
"TITLE-ABS-KEY(""language comprehension"") AND TITLE-ABS-KEY(speculat*)","comparison","speculat*",1986,0,26,0,0.36680421824851,"language comprehension"
"TITLE-ABS-KEY(""language comprehension"") AND TITLE-ABS-KEY(speculat*)","comparison","speculat*",1987,0,19,0,0.36680421824851,"language comprehension"
"TITLE-ABS-KEY(""language comprehension"") AND TITLE-ABS-KEY(speculat*)","comparison","speculat*",1988,0,30,0,0.36680421824851,"language comprehension"
"TITLE-ABS-KEY(""language comprehension"") AND TITLE-ABS-KEY(speculat*)","comparison","speculat*",1989,0,32,0,0.36680421824851,"language comprehension"
"TITLE-ABS-KEY(""language comprehension"") AND TITLE-ABS-KEY(speculat*)","comparison","speculat*",1990,0,28,0,0.36680421824851,"language comprehension"
"TITLE-ABS-KEY(""language comprehension"") AND TITLE-ABS-KEY(speculat*)","comparison","speculat*",1991,0,38,0,0.36680421824851,"language comprehension"
"TITLE-ABS-KEY(""language comprehension"") AND TITLE-ABS-KEY(speculat*)","comparison","speculat*",1992,0,29,0,0.36680421824851,"language comprehension"
"TITLE-ABS-KEY(""language comprehension"") AND TITLE-ABS-KEY(speculat*)","comparison","speculat*",1993,0,33,0,0.36680421824851,"language comprehension"
"TITLE-ABS-KEY(""language comprehension"") AND TITLE-ABS-KEY(speculat*)","comparison","speculat*",1994,0,33,0,0.36680421824851,"language comprehension"
"TITLE-ABS-KEY(""language comprehension"") AND TITLE-ABS-KEY(speculat*)","comparison","speculat*",1995,1,35,2.85714285714286,0.36680421824851,"language comprehension"
"TITLE-ABS-KEY(""language comprehension"") AND TITLE-ABS-KEY(speculat*)","comparison","speculat*",1996,1,41,2.4390243902439,0.36680421824851,"language comprehension"
"TITLE-ABS-KEY(""language comprehension"") AND TITLE-ABS-KEY(speculat*)","comparison","speculat*",1997,0,39,0,0.36680421824851,"language comprehension"
"TITLE-ABS-KEY(""language comprehension"") AND TITLE-ABS-KEY(speculat*)","comparison","speculat*",1998,0,60,0,0.36680421824851,"language comprehension"
"TITLE-ABS-KEY(""language comprehension"") AND TITLE-ABS-KEY(speculat*)","comparison","speculat*",1999,0,60,0,0.36680421824851,"language comprehension"
"TITLE-ABS-KEY(""language comprehension"") AND TITLE-ABS-KEY(speculat*)","comparison","speculat*",2000,0,49,0,0.36680421824851,"language comprehension"
"TITLE-ABS-KEY(""language comprehension"") AND TITLE-ABS-KEY(speculat*)","comparison","speculat*",2001,0,52,0,0.36680421824851,"language comprehension"
"TITLE-ABS-KEY(""language comprehension"") AND TITLE-ABS-KEY(speculat*)","comparison","speculat*",2002,0,67,0,0.36680421824851,"language comprehension"
"TITLE-ABS-KEY(""language comprehension"") AND TITLE-ABS-KEY(speculat*)","comparison","speculat*",2003,0,76,0,0.36680421824851,"language comprehension"
"TITLE-ABS-KEY(""language comprehension"") AND TITLE-ABS-KEY(speculat*)","comparison","speculat*",2004,1,85,1.17647058823529,0.36680421824851,"language comprehension"
"TITLE-ABS-KEY(""language comprehension"") AND TITLE-ABS-KEY(speculat*)","comparison","speculat*",2005,0,96,0,0.36680421824851,"language comprehension"
"TITLE-ABS-KEY(""language comprehension"") AND TITLE-ABS-KEY(speculat*)","comparison","speculat*",2006,1,123,0.813008130081301,0.36680421824851,"language comprehension"
"TITLE-ABS-KEY(""language comprehension"") AND TITLE-ABS-KEY(speculat*)","comparison","speculat*",2007,1,125,0.8,0.36680421824851,"language comprehension"
"TITLE-ABS-KEY(""language comprehension"") AND TITLE-ABS-KEY(speculat*)","comparison","speculat*",2008,1,145,0.689655172413793,0.36680421824851,"language comprehension"
"TITLE-ABS-KEY(""language comprehension"") AND TITLE-ABS-KEY(speculat*)","comparison","speculat*",2009,1,149,0.671140939597315,0.36680421824851,"language comprehension"
"TITLE-ABS-KEY(""language comprehension"") AND TITLE-ABS-KEY(speculat*)","comparison","speculat*",2010,0,195,0,0.36680421824851,"language comprehension"
"TITLE-ABS-KEY(""language comprehension"") AND TITLE-ABS-KEY(speculat*)","comparison","speculat*",2011,0,182,0,0.36680421824851,"language comprehension"
"TITLE-ABS-KEY(""language comprehension"") AND TITLE-ABS-KEY(speculat*)","comparison","speculat*",2012,2,228,0.87719298245614,0.36680421824851,"language comprehension"
"TITLE-ABS-KEY(""language comprehension"") AND TITLE-ABS-KEY(speculat*)","comparison","speculat*",2013,0,219,0,0.36680421824851,"language comprehension"
"TITLE-ABS-KEY(""language comprehension"") AND TITLE-ABS-KEY(speculat*)","comparison","speculat*",2014,1,226,0.442477876106195,0.36680421824851,"language comprehension"
"TITLE-ABS-KEY(""language comprehension"") AND TITLE-ABS-KEY(speculat*)","comparison","speculat*",2015,0,250,0,0.36680421824851,"language comprehension"
"TITLE-ABS-KEY(""language comprehension"") AND TITLE-ABS-KEY(speculat*)","comparison","speculat*",2016,3,249,1.20481927710843,0.36680421824851,"language comprehension"
"TITLE-ABS-KEY(""language comprehension"") AND TITLE-ABS-KEY(speculat*)","comparison","speculat*",2017,0,260,0,0.36680421824851,"language comprehension"
"TITLE-ABS-KEY(""language comprehension"") AND TITLE-ABS-KEY(speculat*)","comparison","speculat*",2018,0,244,0,0.36680421824851,"language comprehension"
"TITLE-ABS-KEY(""language comprehension"") AND TITLE-ABS-KEY(speculat*)","comparison","speculat*",2019,1,234,0.427350427350427,0.36680421824851,"language comprehension"
"TITLE-ABS-KEY(""language comprehension"") AND TITLE-ABS-KEY(speculat*)","comparison","speculat*",2020,1,319,0.313479623824451,0.36680421824851,"language comprehension"
"TITLE-ABS-KEY(""language comprehension"") AND TITLE-ABS-KEY(speculat*)","comparison","speculat*",2021,2,331,0.604229607250755,0.36680421824851,"language comprehension"
"TITLE-ABS-KEY(""language comprehension"") AND TITLE-ABS-KEY(speculat*)","comparison","speculat*",2022,2,301,0.664451827242525,0.36680421824851,"language comprehension"
"TITLE-ABS-KEY(""language comprehension"") AND TITLE-ABS-KEY(speculat*)","comparison","speculat*",2023,1,359,0.278551532033426,0.36680421824851,"language comprehension"
"TITLE-ABS-KEY(""language comprehension"") AND TITLE-ABS-KEY(speculat*)","comparison","speculat*",2024,0,482,0,0.36680421824851,"language comprehension"
"TITLE-ABS-KEY(""language comprehension"") AND TITLE-ABS-KEY(speculat*)","comparison","speculat*",2025,1,519,0.192678227360308,0.36680421824851,"language comprehension"
"TITLE-ABS-KEY(""language comprehension"") AND TITLE-ABS-KEY(speculat*)","comparison","speculat*",2026,2,325,0.615384615384615,0.36680421824851,"language comprehension"
"TITLE-ABS-KEY(""language disorders"" OR ""language disorder"")","reference","""language disorders"" OR ""language disorder""",1980,111,111,100,100,"language disorders"
"TITLE-ABS-KEY(""language disorders"" OR ""language disorder"")","reference","""language disorders"" OR ""language disorder""",1981,104,104,100,100,"language disorders"
"TITLE-ABS-KEY(""language disorders"" OR ""language disorder"")","reference","""language disorders"" OR ""language disorder""",1982,118,118,100,100,"language disorders"
"TITLE-ABS-KEY(""language disorders"" OR ""language disorder"")","reference","""language disorders"" OR ""language disorder""",1983,115,115,100,100,"language disorders"
"TITLE-ABS-KEY(""language disorders"" OR ""language disorder"")","reference","""language disorders"" OR ""language disorder""",1984,114,114,100,100,"language disorders"
"TITLE-ABS-KEY(""language disorders"" OR ""language disorder"")","reference","""language disorders"" OR ""language disorder""",1985,68,68,100,100,"language disorders"
"TITLE-ABS-KEY(""language disorders"" OR ""language disorder"")","reference","""language disorders"" OR ""language disorder""",1986,70,70,100,100,"language disorders"
"TITLE-ABS-KEY(""language disorders"" OR ""language disorder"")","reference","""language disorders"" OR ""language disorder""",1987,60,60,100,100,"language disorders"
"TITLE-ABS-KEY(""language disorders"" OR ""language disorder"")","reference","""language disorders"" OR ""language disorder""",1988,102,102,100,100,"language disorders"
"TITLE-ABS-KEY(""language disorders"" OR ""language disorder"")","reference","""language disorders"" OR ""language disorder""",1989,74,74,100,100,"language disorders"
"TITLE-ABS-KEY(""language disorders"" OR ""language disorder"")","reference","""language disorders"" OR ""language disorder""",1990,79,79,100,100,"language disorders"
"TITLE-ABS-KEY(""language disorders"" OR ""language disorder"")","reference","""language disorders"" OR ""language disorder""",1991,100,100,100,100,"language disorders"
"TITLE-ABS-KEY(""language disorders"" OR ""language disorder"")","reference","""language disorders"" OR ""language disorder""",1992,149,149,100,100,"language disorders"
"TITLE-ABS-KEY(""language disorders"" OR ""language disorder"")","reference","""language disorders"" OR ""language disorder""",1993,160,160,100,100,"language disorders"
"TITLE-ABS-KEY(""language disorders"" OR ""language disorder"")","reference","""language disorders"" OR ""language disorder""",1994,130,130,100,100,"language disorders"
"TITLE-ABS-KEY(""language disorders"" OR ""language disorder"")","reference","""language disorders"" OR ""language disorder""",1995,122,122,100,100,"language disorders"
"TITLE-ABS-KEY(""language disorders"" OR ""language disorder"")","reference","""language disorders"" OR ""language disorder""",1996,158,158,100,100,"language disorders"
"TITLE-ABS-KEY(""language disorders"" OR ""language disorder"")","reference","""language disorders"" OR ""language disorder""",1997,173,173,100,100,"language disorders"
"TITLE-ABS-KEY(""language disorders"" OR ""language disorder"")","reference","""language disorders"" OR ""language disorder""",1998,146,146,100,100,"language disorders"
"TITLE-ABS-KEY(""language disorders"" OR ""language disorder"")","reference","""language disorders"" OR ""language disorder""",1999,153,153,100,100,"language disorders"
"TITLE-ABS-KEY(""language disorders"" OR ""language disorder"")","reference","""language disorders"" OR ""language disorder""",2000,149,149,100,100,"language disorders"
"TITLE-ABS-KEY(""language disorders"" OR ""language disorder"")","reference","""language disorders"" OR ""language disorder""",2001,172,172,100,100,"language disorders"
"TITLE-ABS-KEY(""language disorders"" OR ""language disorder"")","reference","""language disorders"" OR ""language disorder""",2002,180,180,100,100,"language disorders"
"TITLE-ABS-KEY(""language disorders"" OR ""language disorder"")","reference","""language disorders"" OR ""language disorder""",2003,230,230,100,100,"language disorders"
"TITLE-ABS-KEY(""language disorders"" OR ""language disorder"")","reference","""language disorders"" OR ""language disorder""",2004,254,254,100,100,"language disorders"
"TITLE-ABS-KEY(""language disorders"" OR ""language disorder"")","reference","""language disorders"" OR ""language disorder""",2005,299,299,100,100,"language disorders"
"TITLE-ABS-KEY(""language disorders"" OR ""language disorder"")","reference","""language disorders"" OR ""language disorder""",2006,295,295,100,100,"language disorders"
"TITLE-ABS-KEY(""language disorders"" OR ""language disorder"")","reference","""language disorders"" OR ""language disorder""",2007,294,294,100,100,"language disorders"
"TITLE-ABS-KEY(""language disorders"" OR ""language disorder"")","reference","""language disorders"" OR ""language disorder""",2008,317,317,100,100,"language disorders"
"TITLE-ABS-KEY(""language disorders"" OR ""language disorder"")","reference","""language disorders"" OR ""language disorder""",2009,314,314,100,100,"language disorders"
"TITLE-ABS-KEY(""language disorders"" OR ""language disorder"")","reference","""language disorders"" OR ""language disorder""",2010,315,315,100,100,"language disorders"
"TITLE-ABS-KEY(""language disorders"" OR ""language disorder"")","reference","""language disorders"" OR ""language disorder""",2011,320,320,100,100,"language disorders"
"TITLE-ABS-KEY(""language disorders"" OR ""language disorder"")","reference","""language disorders"" OR ""language disorder""",2012,336,336,100,100,"language disorders"
"TITLE-ABS-KEY(""language disorders"" OR ""language disorder"")","reference","""language disorders"" OR ""language disorder""",2013,500,500,100,100,"language disorders"
"TITLE-ABS-KEY(""language disorders"" OR ""language disorder"")","reference","""language disorders"" OR ""language disorder""",2014,445,445,100,100,"language disorders"
"TITLE-ABS-KEY(""language disorders"" OR ""language disorder"")","reference","""language disorders"" OR ""language disorder""",2015,456,456,100,100,"language disorders"
"TITLE-ABS-KEY(""language disorders"" OR ""language disorder"")","reference","""language disorders"" OR ""language disorder""",2016,458,458,100,100,"language disorders"
"TITLE-ABS-KEY(""language disorders"" OR ""language disorder"")","reference","""language disorders"" OR ""language disorder""",2017,532,532,100,100,"language disorders"
"TITLE-ABS-KEY(""language disorders"" OR ""language disorder"")","reference","""language disorders"" OR ""language disorder""",2018,578,578,100,100,"language disorders"
"TITLE-ABS-KEY(""language disorders"" OR ""language disorder"")","reference","""language disorders"" OR ""language disorder""",2019,681,681,100,100,"language disorders"
"TITLE-ABS-KEY(""language disorders"" OR ""language disorder"")","reference","""language disorders"" OR ""language disorder""",2020,674,674,100,100,"language disorders"
"TITLE-ABS-KEY(""language disorders"" OR ""language disorder"")","reference","""language disorders"" OR ""language disorder""",2021,683,683,100,100,"language disorders"
"TITLE-ABS-KEY(""language disorders"" OR ""language disorder"")","reference","""language disorders"" OR ""language disorder""",2022,701,701,100,100,"language disorders"
"TITLE-ABS-KEY(""language disorders"" OR ""language disorder"")","reference","""language disorders"" OR ""language disorder""",2023,692,692,100,100,"language disorders"
"TITLE-ABS-KEY(""language disorders"" OR ""language disorder"")","reference","""language disorders"" OR ""language disorder""",2024,732,732,100,100,"language disorders"
"TITLE-ABS-KEY(""language disorders"" OR ""language disorder"")","reference","""language disorders"" OR ""language disorder""",2025,780,780,100,100,"language disorders"
"TITLE-ABS-KEY(""language disorders"" OR ""language disorder"")","reference","""language disorders"" OR ""language disorder""",2026,562,562,100,100,"language disorders"
"TITLE-ABS-KEY(""language disorders"" OR ""language disorder"") AND TITLE-ABS-KEY(speculat*)","comparison","speculat*",1980,0,111,0,0.252542967379867,"language disorders"
"TITLE-ABS-KEY(""language disorders"" OR ""language disorder"") AND TITLE-ABS-KEY(speculat*)","comparison","speculat*",1981,0,104,0,0.252542967379867,"language disorders"
"TITLE-ABS-KEY(""language disorders"" OR ""language disorder"") AND TITLE-ABS-KEY(speculat*)","comparison","speculat*",1982,1,118,0.847457627118644,0.252542967379867,"language disorders"
"TITLE-ABS-KEY(""language disorders"" OR ""language disorder"") AND TITLE-ABS-KEY(speculat*)","comparison","speculat*",1983,1,115,0.869565217391304,0.252542967379867,"language disorders"
"TITLE-ABS-KEY(""language disorders"" OR ""language disorder"") AND TITLE-ABS-KEY(speculat*)","comparison","speculat*",1984,1,114,0.87719298245614,0.252542967379867,"language disorders"
"TITLE-ABS-KEY(""language disorders"" OR ""language disorder"") AND TITLE-ABS-KEY(speculat*)","comparison","speculat*",1985,1,68,1.47058823529412,0.252542967379867,"language disorders"
"TITLE-ABS-KEY(""language disorders"" OR ""language disorder"") AND TITLE-ABS-KEY(speculat*)","comparison","speculat*",1986,0,70,0,0.252542967379867,"language disorders"
"TITLE-ABS-KEY(""language disorders"" OR ""language disorder"") AND TITLE-ABS-KEY(speculat*)","comparison","speculat*",1987,0,60,0,0.252542967379867,"language disorders"
"TITLE-ABS-KEY(""language disorders"" OR ""language disorder"") AND TITLE-ABS-KEY(speculat*)","comparison","speculat*",1988,0,102,0,0.252542967379867,"language disorders"
"TITLE-ABS-KEY(""language disorders"" OR ""language disorder"") AND TITLE-ABS-KEY(speculat*)","comparison","speculat*",1989,0,74,0,0.252542967379867,"language disorders"
"TITLE-ABS-KEY(""language disorders"" OR ""language disorder"") AND TITLE-ABS-KEY(speculat*)","comparison","speculat*",1990,0,79,0,0.252542967379867,"language disorders"
"TITLE-ABS-KEY(""language disorders"" OR ""language disorder"") AND TITLE-ABS-KEY(speculat*)","comparison","speculat*",1991,1,100,1,0.252542967379867,"language disorders"
"TITLE-ABS-KEY(""language disorders"" OR ""language disorder"") AND TITLE-ABS-KEY(speculat*)","comparison","speculat*",1992,0,149,0,0.252542967379867,"language disorders"
"TITLE-ABS-KEY(""language disorders"" OR ""language disorder"") AND TITLE-ABS-KEY(speculat*)","comparison","speculat*",1993,0,160,0,0.252542967379867,"language disorders"
"TITLE-ABS-KEY(""language disorders"" OR ""language disorder"") AND TITLE-ABS-KEY(speculat*)","comparison","speculat*",1994,1,130,0.769230769230769,0.252542967379867,"language disorders"
"TITLE-ABS-KEY(""language disorders"" OR ""language disorder"") AND TITLE-ABS-KEY(speculat*)","comparison","speculat*",1995,0,122,0,0.252542967379867,"language disorders"
"TITLE-ABS-KEY(""language disorders"" OR ""language disorder"") AND TITLE-ABS-KEY(speculat*)","comparison","speculat*",1996,1,158,0.632911392405063,0.252542967379867,"language disorders"
"TITLE-ABS-KEY(""language disorders"" OR ""language disorder"") AND TITLE-ABS-KEY(speculat*)","comparison","speculat*",1997,1,173,0.578034682080925,0.252542967379867,"language disorders"
"TITLE-ABS-KEY(""language disorders"" OR ""language disorder"") AND TITLE-ABS-KEY(speculat*)","comparison","speculat*",1998,0,146,0,0.252542967379867,"language disorders"
"TITLE-ABS-KEY(""language disorders"" OR ""language disorder"") AND TITLE-ABS-KEY(speculat*)","comparison","speculat*",1999,0,153,0,0.252542967379867,"language disorders"
"TITLE-ABS-KEY(""language disorders"" OR ""language disorder"") AND TITLE-ABS-KEY(speculat*)","comparison","speculat*",2000,0,149,0,0.252542967379867,"language disorders"
"TITLE-ABS-KEY(""language disorders"" OR ""language disorder"") AND TITLE-ABS-KEY(speculat*)","comparison","speculat*",2001,0,172,0,0.252542967379867,"language disorders"
"TITLE-ABS-KEY(""language disorders"" OR ""language disorder"") AND TITLE-ABS-KEY(speculat*)","comparison","speculat*",2002,0,180,0,0.252542967379867,"language disorders"
"TITLE-ABS-KEY(""language disorders"" OR ""language disorder"") AND TITLE-ABS-KEY(speculat*)","comparison","speculat*",2003,0,230,0,0.252542967379867,"language disorders"
"TITLE-ABS-KEY(""language disorders"" OR ""language disorder"") AND TITLE-ABS-KEY(speculat*)","comparison","speculat*",2004,0,254,0,0.252542967379867,"language disorders"
"TITLE-ABS-KEY(""language disorders"" OR ""language disorder"") AND TITLE-ABS-KEY(speculat*)","comparison","speculat*",2005,1,299,0.334448160535117,0.252542967379867,"language disorders"
"TITLE-ABS-KEY(""language disorders"" OR ""language disorder"") AND TITLE-ABS-KEY(speculat*)","comparison","speculat*",2006,2,295,0.677966101694915,0.252542967379867,"language disorders"
"TITLE-ABS-KEY(""language disorders"" OR ""language disorder"") AND TITLE-ABS-KEY(speculat*)","comparison","speculat*",2007,2,294,0.680272108843537,0.252542967379867,"language disorders"
"TITLE-ABS-KEY(""language disorders"" OR ""language disorder"") AND TITLE-ABS-KEY(speculat*)","comparison","speculat*",2008,1,317,0.315457413249211,0.252542967379867,"language disorders"
"TITLE-ABS-KEY(""language disorders"" OR ""language disorder"") AND TITLE-ABS-KEY(speculat*)","comparison","speculat*",2009,1,314,0.318471337579618,0.252542967379867,"language disorders"
"TITLE-ABS-KEY(""language disorders"" OR ""language disorder"") AND TITLE-ABS-KEY(speculat*)","comparison","speculat*",2010,0,315,0,0.252542967379867,"language disorders"
"TITLE-ABS-KEY(""language disorders"" OR ""language disorder"") AND TITLE-ABS-KEY(speculat*)","comparison","speculat*",2011,1,320,0.3125,0.252542967379867,"language disorders"
"TITLE-ABS-KEY(""language disorders"" OR ""language disorder"") AND TITLE-ABS-KEY(speculat*)","comparison","speculat*",2012,1,336,0.297619047619048,0.252542967379867,"language disorders"
"TITLE-ABS-KEY(""language disorders"" OR ""language disorder"") AND TITLE-ABS-KEY(speculat*)","comparison","speculat*",2013,1,500,0.2,0.252542967379867,"language disorders"
"TITLE-ABS-KEY(""language disorders"" OR ""language disorder"") AND TITLE-ABS-KEY(speculat*)","comparison","speculat*",2014,3,445,0.674157303370786,0.252542967379867,"language disorders"
"TITLE-ABS-KEY(""language disorders"" OR ""language disorder"") AND TITLE-ABS-KEY(speculat*)","comparison","speculat*",2015,0,456,0,0.252542967379867,"language disorders"
"TITLE-ABS-KEY(""language disorders"" OR ""language disorder"") AND TITLE-ABS-KEY(speculat*)","comparison","speculat*",2016,1,458,0.218340611353712,0.252542967379867,"language disorders"
"TITLE-ABS-KEY(""language disorders"" OR ""language disorder"") AND TITLE-ABS-KEY(speculat*)","comparison","speculat*",2017,2,532,0.37593984962406,0.252542967379867,"language disorders"
"TITLE-ABS-KEY(""language disorders"" OR ""language disorder"") AND TITLE-ABS-KEY(speculat*)","comparison","speculat*",2018,2,578,0.346020761245675,0.252542967379867,"language disorders"
"TITLE-ABS-KEY(""language disorders"" OR ""language disorder"") AND TITLE-ABS-KEY(speculat*)","comparison","speculat*",2019,0,681,0,0.252542967379867,"language disorders"
"TITLE-ABS-KEY(""language disorders"" OR ""language disorder"") AND TITLE-ABS-KEY(speculat*)","comparison","speculat*",2020,4,674,0.593471810089021,0.252542967379867,"language disorders"
"TITLE-ABS-KEY(""language disorders"" OR ""language disorder"") AND TITLE-ABS-KEY(speculat*)","comparison","speculat*",2021,2,683,0.292825768667643,0.252542967379867,"language disorders"
"TITLE-ABS-KEY(""language disorders"" OR ""language disorder"") AND TITLE-ABS-KEY(speculat*)","comparison","speculat*",2022,2,701,0.285306704707561,0.252542967379867,"language disorders"
"TITLE-ABS-KEY(""language disorders"" OR ""language disorder"") AND TITLE-ABS-KEY(speculat*)","comparison","speculat*",2023,0,692,0,0.252542967379867,"language disorders"
"TITLE-ABS-KEY(""language disorders"" OR ""language disorder"") AND TITLE-ABS-KEY(speculat*)","comparison","speculat*",2024,2,732,0.273224043715847,0.252542967379867,"language disorders"
"TITLE-ABS-KEY(""language disorders"" OR ""language disorder"") AND TITLE-ABS-KEY(speculat*)","comparison","speculat*",2025,0,780,0,0.252542967379867,"language disorders"
"TITLE-ABS-KEY(""language disorders"" OR ""language disorder"") AND TITLE-ABS-KEY(speculat*)","comparison","speculat*",2026,0,562,0,0.252542967379867,"language disorders"
"TITLE-ABS-KEY(""linguistic relativity"")","reference","""linguistic relativity""",1980,2,2,100,100,"linguistic relativity"
"TITLE-ABS-KEY(""linguistic relativity"")","reference","""linguistic relativity""",1981,1,1,100,100,"linguistic relativity"
"TITLE-ABS-KEY(""linguistic relativity"")","reference","""linguistic relativity""",1982,3,3,100,100,"linguistic relativity"
"TITLE-ABS-KEY(""linguistic relativity"")","reference","""linguistic relativity""",1983,1,1,100,100,"linguistic relativity"
"TITLE-ABS-KEY(""linguistic relativity"")","reference","""linguistic relativity""",1984,1,1,100,100,"linguistic relativity"
"TITLE-ABS-KEY(""linguistic relativity"")","reference","""linguistic relativity""",1985,2,2,100,100,"linguistic relativity"
"TITLE-ABS-KEY(""linguistic relativity"")","reference","""linguistic relativity""",1986,3,3,100,100,"linguistic relativity"
"TITLE-ABS-KEY(""linguistic relativity"")","reference","""linguistic relativity""",1987,0,0,NA,100,"linguistic relativity"
"TITLE-ABS-KEY(""linguistic relativity"")","reference","""linguistic relativity""",1988,1,1,100,100,"linguistic relativity"
"TITLE-ABS-KEY(""linguistic relativity"")","reference","""linguistic relativity""",1989,1,1,100,100,"linguistic relativity"
"TITLE-ABS-KEY(""linguistic relativity"")","reference","""linguistic relativity""",1990,1,1,100,100,"linguistic relativity"
"TITLE-ABS-KEY(""linguistic relativity"")","reference","""linguistic relativity""",1991,3,3,100,100,"linguistic relativity"
"TITLE-ABS-KEY(""linguistic relativity"")","reference","""linguistic relativity""",1992,2,2,100,100,"linguistic relativity"
"TITLE-ABS-KEY(""linguistic relativity"")","reference","""linguistic relativity""",1993,3,3,100,100,"linguistic relativity"
"TITLE-ABS-KEY(""linguistic relativity"")","reference","""linguistic relativity""",1994,1,1,100,100,"linguistic relativity"
"TITLE-ABS-KEY(""linguistic relativity"")","reference","""linguistic relativity""",1995,1,1,100,100,"linguistic relativity"
"TITLE-ABS-KEY(""linguistic relativity"")","reference","""linguistic relativity""",1996,2,2,100,100,"linguistic relativity"
"TITLE-ABS-KEY(""linguistic relativity"")","reference","""linguistic relativity""",1997,5,5,100,100,"linguistic relativity"
"TITLE-ABS-KEY(""linguistic relativity"")","reference","""linguistic relativity""",1998,7,7,100,100,"linguistic relativity"
"TITLE-ABS-KEY(""linguistic relativity"")","reference","""linguistic relativity""",1999,3,3,100,100,"linguistic relativity"
"TITLE-ABS-KEY(""linguistic relativity"")","reference","""linguistic relativity""",2000,5,5,100,100,"linguistic relativity"
"TITLE-ABS-KEY(""linguistic relativity"")","reference","""linguistic relativity""",2001,5,5,100,100,"linguistic relativity"
"TITLE-ABS-KEY(""linguistic relativity"")","reference","""linguistic relativity""",2002,11,11,100,100,"linguistic relativity"
"TITLE-ABS-KEY(""linguistic relativity"")","reference","""linguistic relativity""",2003,9,9,100,100,"linguistic relativity"
"TITLE-ABS-KEY(""linguistic relativity"")","reference","""linguistic relativity""",2004,9,9,100,100,"linguistic relativity"
"TITLE-ABS-KEY(""linguistic relativity"")","reference","""linguistic relativity""",2005,15,15,100,100,"linguistic relativity"
"TITLE-ABS-KEY(""linguistic relativity"")","reference","""linguistic relativity""",2006,17,17,100,100,"linguistic relativity"
"TITLE-ABS-KEY(""linguistic relativity"")","reference","""linguistic relativity""",2007,12,12,100,100,"linguistic relativity"
"TITLE-ABS-KEY(""linguistic relativity"")","reference","""linguistic relativity""",2008,12,12,100,100,"linguistic relativity"
"TITLE-ABS-KEY(""linguistic relativity"")","reference","""linguistic relativity""",2009,14,14,100,100,"linguistic relativity"
"TITLE-ABS-KEY(""linguistic relativity"")","reference","""linguistic relativity""",2010,27,27,100,100,"linguistic relativity"
"TITLE-ABS-KEY(""linguistic relativity"")","reference","""linguistic relativity""",2011,23,23,100,100,"linguistic relativity"
"TITLE-ABS-KEY(""linguistic relativity"")","reference","""linguistic relativity""",2012,28,28,100,100,"linguistic relativity"
"TITLE-ABS-KEY(""linguistic relativity"")","reference","""linguistic relativity""",2013,33,33,100,100,"linguistic relativity"
"TITLE-ABS-KEY(""linguistic relativity"")","reference","""linguistic relativity""",2014,26,26,100,100,"linguistic relativity"
"TITLE-ABS-KEY(""linguistic relativity"")","reference","""linguistic relativity""",2015,33,33,100,100,"linguistic relativity"
"TITLE-ABS-KEY(""linguistic relativity"")","reference","""linguistic relativity""",2016,41,41,100,100,"linguistic relativity"
"TITLE-ABS-KEY(""linguistic relativity"")","reference","""linguistic relativity""",2017,39,39,100,100,"linguistic relativity"
"TITLE-ABS-KEY(""linguistic relativity"")","reference","""linguistic relativity""",2018,38,38,100,100,"linguistic relativity"
"TITLE-ABS-KEY(""linguistic relativity"")","reference","""linguistic relativity""",2019,30,30,100,100,"linguistic relativity"
"TITLE-ABS-KEY(""linguistic relativity"")","reference","""linguistic relativity""",2020,43,43,100,100,"linguistic relativity"
"TITLE-ABS-KEY(""linguistic relativity"")","reference","""linguistic relativity""",2021,29,29,100,100,"linguistic relativity"
"TITLE-ABS-KEY(""linguistic relativity"")","reference","""linguistic relativity""",2022,40,40,100,100,"linguistic relativity"
"TITLE-ABS-KEY(""linguistic relativity"")","reference","""linguistic relativity""",2023,44,44,100,100,"linguistic relativity"
"TITLE-ABS-KEY(""linguistic relativity"")","reference","""linguistic relativity""",2024,31,31,100,100,"linguistic relativity"
"TITLE-ABS-KEY(""linguistic relativity"")","reference","""linguistic relativity""",2025,39,39,100,100,"linguistic relativity"
"TITLE-ABS-KEY(""linguistic relativity"")","reference","""linguistic relativity""",2026,43,43,100,100,"linguistic relativity"
"TITLE-ABS-KEY(""linguistic relativity"") AND TITLE-ABS-KEY(speculat*)","comparison","speculat*",1980,0,2,0,1.21786197564276,"linguistic relativity"
"TITLE-ABS-KEY(""linguistic relativity"") AND TITLE-ABS-KEY(speculat*)","comparison","speculat*",1981,0,1,0,1.21786197564276,"linguistic relativity"
"TITLE-ABS-KEY(""linguistic relativity"") AND TITLE-ABS-KEY(speculat*)","comparison","speculat*",1982,0,3,0,1.21786197564276,"linguistic relativity"
"TITLE-ABS-KEY(""linguistic relativity"") AND TITLE-ABS-KEY(speculat*)","comparison","speculat*",1983,0,1,0,1.21786197564276,"linguistic relativity"
"TITLE-ABS-KEY(""linguistic relativity"") AND TITLE-ABS-KEY(speculat*)","comparison","speculat*",1984,0,1,0,1.21786197564276,"linguistic relativity"
"TITLE-ABS-KEY(""linguistic relativity"") AND TITLE-ABS-KEY(speculat*)","comparison","speculat*",1985,0,2,0,1.21786197564276,"linguistic relativity"
"TITLE-ABS-KEY(""linguistic relativity"") AND TITLE-ABS-KEY(speculat*)","comparison","speculat*",1986,0,3,0,1.21786197564276,"linguistic relativity"
"TITLE-ABS-KEY(""linguistic relativity"") AND TITLE-ABS-KEY(speculat*)","comparison","speculat*",1987,0,0,NA,1.21786197564276,"linguistic relativity"
"TITLE-ABS-KEY(""linguistic relativity"") AND TITLE-ABS-KEY(speculat*)","comparison","speculat*",1988,0,1,0,1.21786197564276,"linguistic relativity"
"TITLE-ABS-KEY(""linguistic relativity"") AND TITLE-ABS-KEY(speculat*)","comparison","speculat*",1989,0,1,0,1.21786197564276,"linguistic relativity"
"TITLE-ABS-KEY(""linguistic relativity"") AND TITLE-ABS-KEY(speculat*)","comparison","speculat*",1990,0,1,0,1.21786197564276,"linguistic relativity"
"TITLE-ABS-KEY(""linguistic relativity"") AND TITLE-ABS-KEY(speculat*)","comparison","speculat*",1991,0,3,0,1.21786197564276,"linguistic relativity"
"TITLE-ABS-KEY(""linguistic relativity"") AND TITLE-ABS-KEY(speculat*)","comparison","speculat*",1992,0,2,0,1.21786197564276,"linguistic relativity"
"TITLE-ABS-KEY(""linguistic relativity"") AND TITLE-ABS-KEY(speculat*)","comparison","speculat*",1993,0,3,0,1.21786197564276,"linguistic relativity"
"TITLE-ABS-KEY(""linguistic relativity"") AND TITLE-ABS-KEY(speculat*)","comparison","speculat*",1994,0,1,0,1.21786197564276,"linguistic relativity"
"TITLE-ABS-KEY(""linguistic relativity"") AND TITLE-ABS-KEY(speculat*)","comparison","speculat*",1995,0,1,0,1.21786197564276,"linguistic relativity"
"TITLE-ABS-KEY(""linguistic relativity"") AND TITLE-ABS-KEY(speculat*)","comparison","speculat*",1996,0,2,0,1.21786197564276,"linguistic relativity"
"TITLE-ABS-KEY(""linguistic relativity"") AND TITLE-ABS-KEY(speculat*)","comparison","speculat*",1997,0,5,0,1.21786197564276,"linguistic relativity"
"TITLE-ABS-KEY(""linguistic relativity"") AND TITLE-ABS-KEY(speculat*)","comparison","speculat*",1998,0,7,0,1.21786197564276,"linguistic relativity"
"TITLE-ABS-KEY(""linguistic relativity"") AND TITLE-ABS-KEY(speculat*)","comparison","speculat*",1999,0,3,0,1.21786197564276,"linguistic relativity"
"TITLE-ABS-KEY(""linguistic relativity"") AND TITLE-ABS-KEY(speculat*)","comparison","speculat*",2000,0,5,0,1.21786197564276,"linguistic relativity"
"TITLE-ABS-KEY(""linguistic relativity"") AND TITLE-ABS-KEY(speculat*)","comparison","speculat*",2001,0,5,0,1.21786197564276,"linguistic relativity"
"TITLE-ABS-KEY(""linguistic relativity"") AND TITLE-ABS-KEY(speculat*)","comparison","speculat*",2002,0,11,0,1.21786197564276,"linguistic relativity"
"TITLE-ABS-KEY(""linguistic relativity"") AND TITLE-ABS-KEY(speculat*)","comparison","speculat*",2003,0,9,0,1.21786197564276,"linguistic relativity"
"TITLE-ABS-KEY(""linguistic relativity"") AND TITLE-ABS-KEY(speculat*)","comparison","speculat*",2004,0,9,0,1.21786197564276,"linguistic relativity"
"TITLE-ABS-KEY(""linguistic relativity"") AND TITLE-ABS-KEY(speculat*)","comparison","speculat*",2005,0,15,0,1.21786197564276,"linguistic relativity"
"TITLE-ABS-KEY(""linguistic relativity"") AND TITLE-ABS-KEY(speculat*)","comparison","speculat*",2006,0,17,0,1.21786197564276,"linguistic relativity"
"TITLE-ABS-KEY(""linguistic relativity"") AND TITLE-ABS-KEY(speculat*)","comparison","speculat*",2007,1,12,8.33333333333333,1.21786197564276,"linguistic relativity"
"TITLE-ABS-KEY(""linguistic relativity"") AND TITLE-ABS-KEY(speculat*)","comparison","speculat*",2008,0,12,0,1.21786197564276,"linguistic relativity"
"TITLE-ABS-KEY(""linguistic relativity"") AND TITLE-ABS-KEY(speculat*)","comparison","speculat*",2009,0,14,0,1.21786197564276,"linguistic relativity"
"TITLE-ABS-KEY(""linguistic relativity"") AND TITLE-ABS-KEY(speculat*)","comparison","speculat*",2010,0,27,0,1.21786197564276,"linguistic relativity"
"TITLE-ABS-KEY(""linguistic relativity"") AND TITLE-ABS-KEY(speculat*)","comparison","speculat*",2011,0,23,0,1.21786197564276,"linguistic relativity"
"TITLE-ABS-KEY(""linguistic relativity"") AND TITLE-ABS-KEY(speculat*)","comparison","speculat*",2012,0,28,0,1.21786197564276,"linguistic relativity"
"TITLE-ABS-KEY(""linguistic relativity"") AND TITLE-ABS-KEY(speculat*)","comparison","speculat*",2013,0,33,0,1.21786197564276,"linguistic relativity"
"TITLE-ABS-KEY(""linguistic relativity"") AND TITLE-ABS-KEY(speculat*)","comparison","speculat*",2014,0,26,0,1.21786197564276,"linguistic relativity"
"TITLE-ABS-KEY(""linguistic relativity"") AND TITLE-ABS-KEY(speculat*)","comparison","speculat*",2015,0,33,0,1.21786197564276,"linguistic relativity"
"TITLE-ABS-KEY(""linguistic relativity"") AND TITLE-ABS-KEY(speculat*)","comparison","speculat*",2016,2,41,4.8780487804878,1.21786197564276,"linguistic relativity"
"TITLE-ABS-KEY(""linguistic relativity"") AND TITLE-ABS-KEY(speculat*)","comparison","speculat*",2017,1,39,2.56410256410256,1.21786197564276,"linguistic relativity"
"TITLE-ABS-KEY(""linguistic relativity"") AND TITLE-ABS-KEY(speculat*)","comparison","speculat*",2018,0,38,0,1.21786197564276,"linguistic relativity"
"TITLE-ABS-KEY(""linguistic relativity"") AND TITLE-ABS-KEY(speculat*)","comparison","speculat*",2019,0,30,0,1.21786197564276,"linguistic relativity"
"TITLE-ABS-KEY(""linguistic relativity"") AND TITLE-ABS-KEY(speculat*)","comparison","speculat*",2020,0,43,0,1.21786197564276,"linguistic relativity"
"TITLE-ABS-KEY(""linguistic relativity"") AND TITLE-ABS-KEY(speculat*)","comparison","speculat*",2021,0,29,0,1.21786197564276,"linguistic relativity"
"TITLE-ABS-KEY(""linguistic relativity"") AND TITLE-ABS-KEY(speculat*)","comparison","speculat*",2022,0,40,0,1.21786197564276,"linguistic relativity"
"TITLE-ABS-KEY(""linguistic relativity"") AND TITLE-ABS-KEY(speculat*)","comparison","speculat*",2023,1,44,2.27272727272727,1.21786197564276,"linguistic relativity"
"TITLE-ABS-KEY(""linguistic relativity"") AND TITLE-ABS-KEY(speculat*)","comparison","speculat*",2024,0,31,0,1.21786197564276,"linguistic relativity"
"TITLE-ABS-KEY(""linguistic relativity"") AND TITLE-ABS-KEY(speculat*)","comparison","speculat*",2025,2,39,5.12820512820513,1.21786197564276,"linguistic relativity"
"TITLE-ABS-KEY(""linguistic relativity"") AND TITLE-ABS-KEY(speculat*)","comparison","speculat*",2026,2,43,4.65116279069767,1.21786197564276,"linguistic relativity"
"TITLE-ABS-KEY(""language teaching"")","reference","""language teaching""",1980,36,36,100,100,"language teaching"
"TITLE-ABS-KEY(""language teaching"")","reference","""language teaching""",1981,36,36,100,100,"language teaching"
"TITLE-ABS-KEY(""language teaching"")","reference","""language teaching""",1982,37,37,100,100,"language teaching"
"TITLE-ABS-KEY(""language teaching"")","reference","""language teaching""",1983,48,48,100,100,"language teaching"
"TITLE-ABS-KEY(""language teaching"")","reference","""language teaching""",1984,45,45,100,100,"language teaching"
"TITLE-ABS-KEY(""language teaching"")","reference","""language teaching""",1985,47,47,100,100,"language teaching"
"TITLE-ABS-KEY(""language teaching"")","reference","""language teaching""",1986,39,39,100,100,"language teaching"
"TITLE-ABS-KEY(""language teaching"")","reference","""language teaching""",1987,62,62,100,100,"language teaching"
"TITLE-ABS-KEY(""language teaching"")","reference","""language teaching""",1988,47,47,100,100,"language teaching"
"TITLE-ABS-KEY(""language teaching"")","reference","""language teaching""",1989,60,60,100,100,"language teaching"
"TITLE-ABS-KEY(""language teaching"")","reference","""language teaching""",1990,46,46,100,100,"language teaching"
"TITLE-ABS-KEY(""language teaching"")","reference","""language teaching""",1991,56,56,100,100,"language teaching"
"TITLE-ABS-KEY(""language teaching"")","reference","""language teaching""",1992,57,57,100,100,"language teaching"
"TITLE-ABS-KEY(""language teaching"")","reference","""language teaching""",1993,45,45,100,100,"language teaching"
"TITLE-ABS-KEY(""language teaching"")","reference","""language teaching""",1994,54,54,100,100,"language teaching"
"TITLE-ABS-KEY(""language teaching"")","reference","""language teaching""",1995,52,52,100,100,"language teaching"
"TITLE-ABS-KEY(""language teaching"")","reference","""language teaching""",1996,66,66,100,100,"language teaching"
"TITLE-ABS-KEY(""language teaching"")","reference","""language teaching""",1997,63,63,100,100,"language teaching"
"TITLE-ABS-KEY(""language teaching"")","reference","""language teaching""",1998,56,56,100,100,"language teaching"
"TITLE-ABS-KEY(""language teaching"")","reference","""language teaching""",1999,66,66,100,100,"language teaching"
"TITLE-ABS-KEY(""language teaching"")","reference","""language teaching""",2000,55,55,100,100,"language teaching"
"TITLE-ABS-KEY(""language teaching"")","reference","""language teaching""",2001,80,80,100,100,"language teaching"
"TITLE-ABS-KEY(""language teaching"")","reference","""language teaching""",2002,94,94,100,100,"language teaching"
"TITLE-ABS-KEY(""language teaching"")","reference","""language teaching""",2003,115,115,100,100,"language teaching"
"TITLE-ABS-KEY(""language teaching"")","reference","""language teaching""",2004,142,142,100,100,"language teaching"
"TITLE-ABS-KEY(""language teaching"")","reference","""language teaching""",2005,159,159,100,100,"language teaching"
"TITLE-ABS-KEY(""language teaching"")","reference","""language teaching""",2006,150,150,100,100,"language teaching"
"TITLE-ABS-KEY(""language teaching"")","reference","""language teaching""",2007,180,180,100,100,"language teaching"
"TITLE-ABS-KEY(""language teaching"")","reference","""language teaching""",2008,248,248,100,100,"language teaching"
"TITLE-ABS-KEY(""language teaching"")","reference","""language teaching""",2009,333,333,100,100,"language teaching"
"TITLE-ABS-KEY(""language teaching"")","reference","""language teaching""",2010,381,381,100,100,"language teaching"
"TITLE-ABS-KEY(""language teaching"")","reference","""language teaching""",2011,543,543,100,100,"language teaching"
"TITLE-ABS-KEY(""language teaching"")","reference","""language teaching""",2012,573,573,100,100,"language teaching"
"TITLE-ABS-KEY(""language teaching"")","reference","""language teaching""",2013,679,679,100,100,"language teaching"
"TITLE-ABS-KEY(""language teaching"")","reference","""language teaching""",2014,700,700,100,100,"language teaching"
"TITLE-ABS-KEY(""language teaching"")","reference","""language teaching""",2015,694,694,100,100,"language teaching"
"TITLE-ABS-KEY(""language teaching"")","reference","""language teaching""",2016,755,755,100,100,"language teaching"
"TITLE-ABS-KEY(""language teaching"")","reference","""language teaching""",2017,849,849,100,100,"language teaching"
"TITLE-ABS-KEY(""language teaching"")","reference","""language teaching""",2018,1033,1033,100,100,"language teaching"
"TITLE-ABS-KEY(""language teaching"")","reference","""language teaching""",2019,1255,1255,100,100,"language teaching"
"TITLE-ABS-KEY(""language teaching"")","reference","""language teaching""",2020,1380,1380,100,100,"language teaching"
"TITLE-ABS-KEY(""language teaching"")","reference","""language teaching""",2021,1537,1537,100,100,"language teaching"
"TITLE-ABS-KEY(""language teaching"")","reference","""language teaching""",2022,1729,1729,100,100,"language teaching"
"TITLE-ABS-KEY(""language teaching"")","reference","""language teaching""",2023,1824,1824,100,100,"language teaching"
"TITLE-ABS-KEY(""language teaching"")","reference","""language teaching""",2024,2220,2220,100,100,"language teaching"
"TITLE-ABS-KEY(""language teaching"")","reference","""language teaching""",2025,2611,2611,100,100,"language teaching"
"TITLE-ABS-KEY(""language teaching"")","reference","""language teaching""",2026,1620,1620,100,100,"language teaching"
"TITLE-ABS-KEY(""language teaching"") AND TITLE-ABS-KEY(speculat*)","comparison","speculat*",1980,0,36,0,0.182950733980921,"language teaching"
"TITLE-ABS-KEY(""language teaching"") AND TITLE-ABS-KEY(speculat*)","comparison","speculat*",1981,0,36,0,0.182950733980921,"language teaching"
"TITLE-ABS-KEY(""language teaching"") AND TITLE-ABS-KEY(speculat*)","comparison","speculat*",1982,0,37,0,0.182950733980921,"language teaching"
"TITLE-ABS-KEY(""language teaching"") AND TITLE-ABS-KEY(speculat*)","comparison","speculat*",1983,0,48,0,0.182950733980921,"language teaching"
"TITLE-ABS-KEY(""language teaching"") AND TITLE-ABS-KEY(speculat*)","comparison","speculat*",1984,0,45,0,0.182950733980921,"language teaching"
"TITLE-ABS-KEY(""language teaching"") AND TITLE-ABS-KEY(speculat*)","comparison","speculat*",1985,0,47,0,0.182950733980921,"language teaching"
"TITLE-ABS-KEY(""language teaching"") AND TITLE-ABS-KEY(speculat*)","comparison","speculat*",1986,0,39,0,0.182950733980921,"language teaching"
"TITLE-ABS-KEY(""language teaching"") AND TITLE-ABS-KEY(speculat*)","comparison","speculat*",1987,0,62,0,0.182950733980921,"language teaching"
"TITLE-ABS-KEY(""language teaching"") AND TITLE-ABS-KEY(speculat*)","comparison","speculat*",1988,0,47,0,0.182950733980921,"language teaching"
"TITLE-ABS-KEY(""language teaching"") AND TITLE-ABS-KEY(speculat*)","comparison","speculat*",1989,1,60,1.66666666666667,0.182950733980921,"language teaching"
"TITLE-ABS-KEY(""language teaching"") AND TITLE-ABS-KEY(speculat*)","comparison","speculat*",1990,1,46,2.17391304347826,0.182950733980921,"language teaching"
"TITLE-ABS-KEY(""language teaching"") AND TITLE-ABS-KEY(speculat*)","comparison","speculat*",1991,0,56,0,0.182950733980921,"language teaching"
"TITLE-ABS-KEY(""language teaching"") AND TITLE-ABS-KEY(speculat*)","comparison","speculat*",1992,0,57,0,0.182950733980921,"language teaching"
"TITLE-ABS-KEY(""language teaching"") AND TITLE-ABS-KEY(speculat*)","comparison","speculat*",1993,0,45,0,0.182950733980921,"language teaching"
"TITLE-ABS-KEY(""language teaching"") AND TITLE-ABS-KEY(speculat*)","comparison","speculat*",1994,0,54,0,0.182950733980921,"language teaching"
"TITLE-ABS-KEY(""language teaching"") AND TITLE-ABS-KEY(speculat*)","comparison","speculat*",1995,0,52,0,0.182950733980921,"language teaching"
"TITLE-ABS-KEY(""language teaching"") AND TITLE-ABS-KEY(speculat*)","comparison","speculat*",1996,0,66,0,0.182950733980921,"language teaching"
"TITLE-ABS-KEY(""language teaching"") AND TITLE-ABS-KEY(speculat*)","comparison","speculat*",1997,1,63,1.58730158730159,0.182950733980921,"language teaching"
"TITLE-ABS-KEY(""language teaching"") AND TITLE-ABS-KEY(speculat*)","comparison","speculat*",1998,0,56,0,0.182950733980921,"language teaching"
"TITLE-ABS-KEY(""language teaching"") AND TITLE-ABS-KEY(speculat*)","comparison","speculat*",1999,0,66,0,0.182950733980921,"language teaching"
"TITLE-ABS-KEY(""language teaching"") AND TITLE-ABS-KEY(speculat*)","comparison","speculat*",2000,0,55,0,0.182950733980921,"language teaching"
"TITLE-ABS-KEY(""language teaching"") AND TITLE-ABS-KEY(speculat*)","comparison","speculat*",2001,1,80,1.25,0.182950733980921,"language teaching"
"TITLE-ABS-KEY(""language teaching"") AND TITLE-ABS-KEY(speculat*)","comparison","speculat*",2002,0,94,0,0.182950733980921,"language teaching"
"TITLE-ABS-KEY(""language teaching"") AND TITLE-ABS-KEY(speculat*)","comparison","speculat*",2003,0,115,0,0.182950733980921,"language teaching"
"TITLE-ABS-KEY(""language teaching"") AND TITLE-ABS-KEY(speculat*)","comparison","speculat*",2004,0,142,0,0.182950733980921,"language teaching"
"TITLE-ABS-KEY(""language teaching"") AND TITLE-ABS-KEY(speculat*)","comparison","speculat*",2005,1,159,0.628930817610063,0.182950733980921,"language teaching"
"TITLE-ABS-KEY(""language teaching"") AND TITLE-ABS-KEY(speculat*)","comparison","speculat*",2006,0,150,0,0.182950733980921,"language teaching"
"TITLE-ABS-KEY(""language teaching"") AND TITLE-ABS-KEY(speculat*)","comparison","speculat*",2007,0,180,0,0.182950733980921,"language teaching"
"TITLE-ABS-KEY(""language teaching"") AND TITLE-ABS-KEY(speculat*)","comparison","speculat*",2008,0,248,0,0.182950733980921,"language teaching"
"TITLE-ABS-KEY(""language teaching"") AND TITLE-ABS-KEY(speculat*)","comparison","speculat*",2009,1,333,0.3003003003003,0.182950733980921,"language teaching"
"TITLE-ABS-KEY(""language teaching"") AND TITLE-ABS-KEY(speculat*)","comparison","speculat*",2010,1,381,0.26246719160105,0.182950733980921,"language teaching"
"TITLE-ABS-KEY(""language teaching"") AND TITLE-ABS-KEY(speculat*)","comparison","speculat*",2011,0,543,0,0.182950733980921,"language teaching"
"TITLE-ABS-KEY(""language teaching"") AND TITLE-ABS-KEY(speculat*)","comparison","speculat*",2012,0,573,0,0.182950733980921,"language teaching"
"TITLE-ABS-KEY(""language teaching"") AND TITLE-ABS-KEY(speculat*)","comparison","speculat*",2013,4,679,0.589101620029455,0.182950733980921,"language teaching"
"TITLE-ABS-KEY(""language teaching"") AND TITLE-ABS-KEY(speculat*)","comparison","speculat*",2014,1,700,0.142857142857143,0.182950733980921,"language teaching"
"TITLE-ABS-KEY(""language teaching"") AND TITLE-ABS-KEY(speculat*)","comparison","speculat*",2015,1,694,0.144092219020173,0.182950733980921,"language teaching"
"TITLE-ABS-KEY(""language teaching"") AND TITLE-ABS-KEY(speculat*)","comparison","speculat*",2016,2,755,0.264900662251656,0.182950733980921,"language teaching"
"TITLE-ABS-KEY(""language teaching"") AND TITLE-ABS-KEY(speculat*)","comparison","speculat*",2017,1,849,0.117785630153121,0.182950733980921,"language teaching"
"TITLE-ABS-KEY(""language teaching"") AND TITLE-ABS-KEY(speculat*)","comparison","speculat*",2018,2,1033,0.193610842207164,0.182950733980921,"language teaching"
"TITLE-ABS-KEY(""language teaching"") AND TITLE-ABS-KEY(speculat*)","comparison","speculat*",2019,3,1255,0.239043824701195,0.182950733980921,"language teaching"
"TITLE-ABS-KEY(""language teaching"") AND TITLE-ABS-KEY(speculat*)","comparison","speculat*",2020,0,1380,0,0.182950733980921,"language teaching"
"TITLE-ABS-KEY(""language teaching"") AND TITLE-ABS-KEY(speculat*)","comparison","speculat*",2021,5,1537,0.325309043591412,0.182950733980921,"language teaching"
"TITLE-ABS-KEY(""language teaching"") AND TITLE-ABS-KEY(speculat*)","comparison","speculat*",2022,2,1729,0.115673799884326,0.182950733980921,"language teaching"
"TITLE-ABS-KEY(""language teaching"") AND TITLE-ABS-KEY(speculat*)","comparison","speculat*",2023,7,1824,0.383771929824561,0.182950733980921,"language teaching"
"TITLE-ABS-KEY(""language teaching"") AND TITLE-ABS-KEY(speculat*)","comparison","speculat*",2024,2,2220,0.0900900900900901,0.182950733980921,"language teaching"
"TITLE-ABS-KEY(""language teaching"") AND TITLE-ABS-KEY(speculat*)","comparison","speculat*",2025,3,2611,0.114898506319418,0.182950733980921,"language teaching"
"TITLE-ABS-KEY(""language teaching"") AND TITLE-ABS-KEY(speculat*)","comparison","speculat*",2026,2,1620,0.123456790123457,0.182950733980921,"language teaching"
"TITLE-ABS-KEY(""bilingual advantage"" OR ""bilingual advantages"")","reference","""bilingual advantage"" OR ""bilingual advantages""",1980,0,0,NA,100,"bilingual advantage"
"TITLE-ABS-KEY(""bilingual advantage"" OR ""bilingual advantages"")","reference","""bilingual advantage"" OR ""bilingual advantages""",1981,0,0,NA,100,"bilingual advantage"
"TITLE-ABS-KEY(""bilingual advantage"" OR ""bilingual advantages"")","reference","""bilingual advantage"" OR ""bilingual advantages""",1982,0,0,NA,100,"bilingual advantage"
"TITLE-ABS-KEY(""bilingual advantage"" OR ""bilingual advantages"")","reference","""bilingual advantage"" OR ""bilingual advantages""",1983,0,0,NA,100,"bilingual advantage"
"TITLE-ABS-KEY(""bilingual advantage"" OR ""bilingual advantages"")","reference","""bilingual advantage"" OR ""bilingual advantages""",1984,0,0,NA,100,"bilingual advantage"
"TITLE-ABS-KEY(""bilingual advantage"" OR ""bilingual advantages"")","reference","""bilingual advantage"" OR ""bilingual advantages""",1985,0,0,NA,100,"bilingual advantage"
"TITLE-ABS-KEY(""bilingual advantage"" OR ""bilingual advantages"")","reference","""bilingual advantage"" OR ""bilingual advantages""",1986,0,0,NA,100,"bilingual advantage"
"TITLE-ABS-KEY(""bilingual advantage"" OR ""bilingual advantages"")","reference","""bilingual advantage"" OR ""bilingual advantages""",1987,0,0,NA,100,"bilingual advantage"
"TITLE-ABS-KEY(""bilingual advantage"" OR ""bilingual advantages"")","reference","""bilingual advantage"" OR ""bilingual advantages""",1988,0,0,NA,100,"bilingual advantage"
"TITLE-ABS-KEY(""bilingual advantage"" OR ""bilingual advantages"")","reference","""bilingual advantage"" OR ""bilingual advantages""",1989,0,0,NA,100,"bilingual advantage"
"TITLE-ABS-KEY(""bilingual advantage"" OR ""bilingual advantages"")","reference","""bilingual advantage"" OR ""bilingual advantages""",1990,0,0,NA,100,"bilingual advantage"
"TITLE-ABS-KEY(""bilingual advantage"" OR ""bilingual advantages"")","reference","""bilingual advantage"" OR ""bilingual advantages""",1991,0,0,NA,100,"bilingual advantage"
"TITLE-ABS-KEY(""bilingual advantage"" OR ""bilingual advantages"")","reference","""bilingual advantage"" OR ""bilingual advantages""",1992,0,0,NA,100,"bilingual advantage"
"TITLE-ABS-KEY(""bilingual advantage"" OR ""bilingual advantages"")","reference","""bilingual advantage"" OR ""bilingual advantages""",1993,1,1,100,100,"bilingual advantage"
"TITLE-ABS-KEY(""bilingual advantage"" OR ""bilingual advantages"")","reference","""bilingual advantage"" OR ""bilingual advantages""",1994,0,0,NA,100,"bilingual advantage"
"TITLE-ABS-KEY(""bilingual advantage"" OR ""bilingual advantages"")","reference","""bilingual advantage"" OR ""bilingual advantages""",1995,0,0,NA,100,"bilingual advantage"
"TITLE-ABS-KEY(""bilingual advantage"" OR ""bilingual advantages"")","reference","""bilingual advantage"" OR ""bilingual advantages""",1996,0,0,NA,100,"bilingual advantage"
"TITLE-ABS-KEY(""bilingual advantage"" OR ""bilingual advantages"")","reference","""bilingual advantage"" OR ""bilingual advantages""",1997,1,1,100,100,"bilingual advantage"
"TITLE-ABS-KEY(""bilingual advantage"" OR ""bilingual advantages"")","reference","""bilingual advantage"" OR ""bilingual advantages""",1998,0,0,NA,100,"bilingual advantage"
"TITLE-ABS-KEY(""bilingual advantage"" OR ""bilingual advantages"")","reference","""bilingual advantage"" OR ""bilingual advantages""",1999,1,1,100,100,"bilingual advantage"
"TITLE-ABS-KEY(""bilingual advantage"" OR ""bilingual advantages"")","reference","""bilingual advantage"" OR ""bilingual advantages""",2000,0,0,NA,100,"bilingual advantage"
"TITLE-ABS-KEY(""bilingual advantage"" OR ""bilingual advantages"")","reference","""bilingual advantage"" OR ""bilingual advantages""",2001,0,0,NA,100,"bilingual advantage"
"TITLE-ABS-KEY(""bilingual advantage"" OR ""bilingual advantages"")","reference","""bilingual advantage"" OR ""bilingual advantages""",2002,0,0,NA,100,"bilingual advantage"
"TITLE-ABS-KEY(""bilingual advantage"" OR ""bilingual advantages"")","reference","""bilingual advantage"" OR ""bilingual advantages""",2003,1,1,100,100,"bilingual advantage"
"TITLE-ABS-KEY(""bilingual advantage"" OR ""bilingual advantages"")","reference","""bilingual advantage"" OR ""bilingual advantages""",2004,2,2,100,100,"bilingual advantage"
"TITLE-ABS-KEY(""bilingual advantage"" OR ""bilingual advantages"")","reference","""bilingual advantage"" OR ""bilingual advantages""",2005,1,1,100,100,"bilingual advantage"
"TITLE-ABS-KEY(""bilingual advantage"" OR ""bilingual advantages"")","reference","""bilingual advantage"" OR ""bilingual advantages""",2006,3,3,100,100,"bilingual advantage"
"TITLE-ABS-KEY(""bilingual advantage"" OR ""bilingual advantages"")","reference","""bilingual advantage"" OR ""bilingual advantages""",2007,1,1,100,100,"bilingual advantage"
"TITLE-ABS-KEY(""bilingual advantage"" OR ""bilingual advantages"")","reference","""bilingual advantage"" OR ""bilingual advantages""",2008,5,5,100,100,"bilingual advantage"
"TITLE-ABS-KEY(""bilingual advantage"" OR ""bilingual advantages"")","reference","""bilingual advantage"" OR ""bilingual advantages""",2009,4,4,100,100,"bilingual advantage"
"TITLE-ABS-KEY(""bilingual advantage"" OR ""bilingual advantages"")","reference","""bilingual advantage"" OR ""bilingual advantages""",2010,11,11,100,100,"bilingual advantage"
"TITLE-ABS-KEY(""bilingual advantage"" OR ""bilingual advantages"")","reference","""bilingual advantage"" OR ""bilingual advantages""",2011,14,14,100,100,"bilingual advantage"
"TITLE-ABS-KEY(""bilingual advantage"" OR ""bilingual advantages"")","reference","""bilingual advantage"" OR ""bilingual advantages""",2012,17,17,100,100,"bilingual advantage"
"TITLE-ABS-KEY(""bilingual advantage"" OR ""bilingual advantages"")","reference","""bilingual advantage"" OR ""bilingual advantages""",2013,14,14,100,100,"bilingual advantage"
"TITLE-ABS-KEY(""bilingual advantage"" OR ""bilingual advantages"")","reference","""bilingual advantage"" OR ""bilingual advantages""",2014,37,37,100,100,"bilingual advantage"
"TITLE-ABS-KEY(""bilingual advantage"" OR ""bilingual advantages"")","reference","""bilingual advantage"" OR ""bilingual advantages""",2015,50,50,100,100,"bilingual advantage"
"TITLE-ABS-KEY(""bilingual advantage"" OR ""bilingual advantages"")","reference","""bilingual advantage"" OR ""bilingual advantages""",2016,43,43,100,100,"bilingual advantage"
"TITLE-ABS-KEY(""bilingual advantage"" OR ""bilingual advantages"")","reference","""bilingual advantage"" OR ""bilingual advantages""",2017,40,40,100,100,"bilingual advantage"
"TITLE-ABS-KEY(""bilingual advantage"" OR ""bilingual advantages"")","reference","""bilingual advantage"" OR ""bilingual advantages""",2018,49,49,100,100,"bilingual advantage"
"TITLE-ABS-KEY(""bilingual advantage"" OR ""bilingual advantages"")","reference","""bilingual advantage"" OR ""bilingual advantages""",2019,69,69,100,100,"bilingual advantage"
"TITLE-ABS-KEY(""bilingual advantage"" OR ""bilingual advantages"")","reference","""bilingual advantage"" OR ""bilingual advantages""",2020,54,54,100,100,"bilingual advantage"
"TITLE-ABS-KEY(""bilingual advantage"" OR ""bilingual advantages"")","reference","""bilingual advantage"" OR ""bilingual advantages""",2021,46,46,100,100,"bilingual advantage"
"TITLE-ABS-KEY(""bilingual advantage"" OR ""bilingual advantages"")","reference","""bilingual advantage"" OR ""bilingual advantages""",2022,37,37,100,100,"bilingual advantage"
"TITLE-ABS-KEY(""bilingual advantage"" OR ""bilingual advantages"")","reference","""bilingual advantage"" OR ""bilingual advantages""",2023,39,39,100,100,"bilingual advantage"
"TITLE-ABS-KEY(""bilingual advantage"" OR ""bilingual advantages"")","reference","""bilingual advantage"" OR ""bilingual advantages""",2024,35,35,100,100,"bilingual advantage"
"TITLE-ABS-KEY(""bilingual advantage"" OR ""bilingual advantages"")","reference","""bilingual advantage"" OR ""bilingual advantages""",2025,33,33,100,100,"bilingual advantage"
"TITLE-ABS-KEY(""bilingual advantage"" OR ""bilingual advantages"")","reference","""bilingual advantage"" OR ""bilingual advantages""",2026,29,29,100,100,"bilingual advantage"
"TITLE-ABS-KEY(""bilingual advantage"" OR ""bilingual advantages"") AND TITLE-ABS-KEY(speculat*)","comparison","speculat*",1980,0,0,NA,0.627943485086342,"bilingual advantage"
"TITLE-ABS-KEY(""bilingual advantage"" OR ""bilingual advantages"") AND TITLE-ABS-KEY(speculat*)","comparison","speculat*",1981,0,0,NA,0.627943485086342,"bilingual advantage"
"TITLE-ABS-KEY(""bilingual advantage"" OR ""bilingual advantages"") AND TITLE-ABS-KEY(speculat*)","comparison","speculat*",1982,0,0,NA,0.627943485086342,"bilingual advantage"
"TITLE-ABS-KEY(""bilingual advantage"" OR ""bilingual advantages"") AND TITLE-ABS-KEY(speculat*)","comparison","speculat*",1983,0,0,NA,0.627943485086342,"bilingual advantage"
"TITLE-ABS-KEY(""bilingual advantage"" OR ""bilingual advantages"") AND TITLE-ABS-KEY(speculat*)","comparison","speculat*",1984,0,0,NA,0.627943485086342,"bilingual advantage"
"TITLE-ABS-KEY(""bilingual advantage"" OR ""bilingual advantages"") AND TITLE-ABS-KEY(speculat*)","comparison","speculat*",1985,0,0,NA,0.627943485086342,"bilingual advantage"
"TITLE-ABS-KEY(""bilingual advantage"" OR ""bilingual advantages"") AND TITLE-ABS-KEY(speculat*)","comparison","speculat*",1986,0,0,NA,0.627943485086342,"bilingual advantage"
"TITLE-ABS-KEY(""bilingual advantage"" OR ""bilingual advantages"") AND TITLE-ABS-KEY(speculat*)","comparison","speculat*",1987,0,0,NA,0.627943485086342,"bilingual advantage"
"TITLE-ABS-KEY(""bilingual advantage"" OR ""bilingual advantages"") AND TITLE-ABS-KEY(speculat*)","comparison","speculat*",1988,0,0,NA,0.627943485086342,"bilingual advantage"
"TITLE-ABS-KEY(""bilingual advantage"" OR ""bilingual advantages"") AND TITLE-ABS-KEY(speculat*)","comparison","speculat*",1989,0,0,NA,0.627943485086342,"bilingual advantage"
"TITLE-ABS-KEY(""bilingual advantage"" OR ""bilingual advantages"") AND TITLE-ABS-KEY(speculat*)","comparison","speculat*",1990,0,0,NA,0.627943485086342,"bilingual advantage"
"TITLE-ABS-KEY(""bilingual advantage"" OR ""bilingual advantages"") AND TITLE-ABS-KEY(speculat*)","comparison","speculat*",1991,0,0,NA,0.627943485086342,"bilingual advantage"
"TITLE-ABS-KEY(""bilingual advantage"" OR ""bilingual advantages"") AND TITLE-ABS-KEY(speculat*)","comparison","speculat*",1992,0,0,NA,0.627943485086342,"bilingual advantage"
"TITLE-ABS-KEY(""bilingual advantage"" OR ""bilingual advantages"") AND TITLE-ABS-KEY(speculat*)","comparison","speculat*",1993,0,1,0,0.627943485086342,"bilingual advantage"
"TITLE-ABS-KEY(""bilingual advantage"" OR ""bilingual advantages"") AND TITLE-ABS-KEY(speculat*)","comparison","speculat*",1994,0,0,NA,0.627943485086342,"bilingual advantage"
"TITLE-ABS-KEY(""bilingual advantage"" OR ""bilingual advantages"") AND TITLE-ABS-KEY(speculat*)","comparison","speculat*",1995,0,0,NA,0.627943485086342,"bilingual advantage"
"TITLE-ABS-KEY(""bilingual advantage"" OR ""bilingual advantages"") AND TITLE-ABS-KEY(speculat*)","comparison","speculat*",1996,0,0,NA,0.627943485086342,"bilingual advantage"
"TITLE-ABS-KEY(""bilingual advantage"" OR ""bilingual advantages"") AND TITLE-ABS-KEY(speculat*)","comparison","speculat*",1997,0,1,0,0.627943485086342,"bilingual advantage"
"TITLE-ABS-KEY(""bilingual advantage"" OR ""bilingual advantages"") AND TITLE-ABS-KEY(speculat*)","comparison","speculat*",1998,0,0,NA,0.627943485086342,"bilingual advantage"
"TITLE-ABS-KEY(""bilingual advantage"" OR ""bilingual advantages"") AND TITLE-ABS-KEY(speculat*)","comparison","speculat*",1999,0,1,0,0.627943485086342,"bilingual advantage"
"TITLE-ABS-KEY(""bilingual advantage"" OR ""bilingual advantages"") AND TITLE-ABS-KEY(speculat*)","comparison","speculat*",2000,0,0,NA,0.627943485086342,"bilingual advantage"
"TITLE-ABS-KEY(""bilingual advantage"" OR ""bilingual advantages"") AND TITLE-ABS-KEY(speculat*)","comparison","speculat*",2001,0,0,NA,0.627943485086342,"bilingual advantage"
"TITLE-ABS-KEY(""bilingual advantage"" OR ""bilingual advantages"") AND TITLE-ABS-KEY(speculat*)","comparison","speculat*",2002,0,0,NA,0.627943485086342,"bilingual advantage"
"TITLE-ABS-KEY(""bilingual advantage"" OR ""bilingual advantages"") AND TITLE-ABS-KEY(speculat*)","comparison","speculat*",2003,0,1,0,0.627943485086342,"bilingual advantage"
"TITLE-ABS-KEY(""bilingual advantage"" OR ""bilingual advantages"") AND TITLE-ABS-KEY(speculat*)","comparison","speculat*",2004,0,2,0,0.627943485086342,"bilingual advantage"
"TITLE-ABS-KEY(""bilingual advantage"" OR ""bilingual advantages"") AND TITLE-ABS-KEY(speculat*)","comparison","speculat*",2005,0,1,0,0.627943485086342,"bilingual advantage"
"TITLE-ABS-KEY(""bilingual advantage"" OR ""bilingual advantages"") AND TITLE-ABS-KEY(speculat*)","comparison","speculat*",2006,1,3,33.3333333333333,0.627943485086342,"bilingual advantage"
"TITLE-ABS-KEY(""bilingual advantage"" OR ""bilingual advantages"") AND TITLE-ABS-KEY(speculat*)","comparison","speculat*",2007,0,1,0,0.627943485086342,"bilingual advantage"
"TITLE-ABS-KEY(""bilingual advantage"" OR ""bilingual advantages"") AND TITLE-ABS-KEY(speculat*)","comparison","speculat*",2008,0,5,0,0.627943485086342,"bilingual advantage"
"TITLE-ABS-KEY(""bilingual advantage"" OR ""bilingual advantages"") AND TITLE-ABS-KEY(speculat*)","comparison","speculat*",2009,0,4,0,0.627943485086342,"bilingual advantage"
"TITLE-ABS-KEY(""bilingual advantage"" OR ""bilingual advantages"") AND TITLE-ABS-KEY(speculat*)","comparison","speculat*",2010,0,11,0,0.627943485086342,"bilingual advantage"
"TITLE-ABS-KEY(""bilingual advantage"" OR ""bilingual advantages"") AND TITLE-ABS-KEY(speculat*)","comparison","speculat*",2011,0,14,0,0.627943485086342,"bilingual advantage"
"TITLE-ABS-KEY(""bilingual advantage"" OR ""bilingual advantages"") AND TITLE-ABS-KEY(speculat*)","comparison","speculat*",2012,0,17,0,0.627943485086342,"bilingual advantage"
"TITLE-ABS-KEY(""bilingual advantage"" OR ""bilingual advantages"") AND TITLE-ABS-KEY(speculat*)","comparison","speculat*",2013,0,14,0,0.627943485086342,"bilingual advantage"
"TITLE-ABS-KEY(""bilingual advantage"" OR ""bilingual advantages"") AND TITLE-ABS-KEY(speculat*)","comparison","speculat*",2014,0,37,0,0.627943485086342,"bilingual advantage"
"TITLE-ABS-KEY(""bilingual advantage"" OR ""bilingual advantages"") AND TITLE-ABS-KEY(speculat*)","comparison","speculat*",2015,1,50,2,0.627943485086342,"bilingual advantage"
"TITLE-ABS-KEY(""bilingual advantage"" OR ""bilingual advantages"") AND TITLE-ABS-KEY(speculat*)","comparison","speculat*",2016,1,43,2.32558139534884,0.627943485086342,"bilingual advantage"
"TITLE-ABS-KEY(""bilingual advantage"" OR ""bilingual advantages"") AND TITLE-ABS-KEY(speculat*)","comparison","speculat*",2017,0,40,0,0.627943485086342,"bilingual advantage"
"TITLE-ABS-KEY(""bilingual advantage"" OR ""bilingual advantages"") AND TITLE-ABS-KEY(speculat*)","comparison","speculat*",2018,1,49,2.04081632653061,0.627943485086342,"bilingual advantage"
"TITLE-ABS-KEY(""bilingual advantage"" OR ""bilingual advantages"") AND TITLE-ABS-KEY(speculat*)","comparison","speculat*",2019,0,69,0,0.627943485086342,"bilingual advantage"
"TITLE-ABS-KEY(""bilingual advantage"" OR ""bilingual advantages"") AND TITLE-ABS-KEY(speculat*)","comparison","speculat*",2020,0,54,0,0.627943485086342,"bilingual advantage"
"TITLE-ABS-KEY(""bilingual advantage"" OR ""bilingual advantages"") AND TITLE-ABS-KEY(speculat*)","comparison","speculat*",2021,0,46,0,0.627943485086342,"bilingual advantage"
"TITLE-ABS-KEY(""bilingual advantage"" OR ""bilingual advantages"") AND TITLE-ABS-KEY(speculat*)","comparison","speculat*",2022,0,37,0,0.627943485086342,"bilingual advantage"
"TITLE-ABS-KEY(""bilingual advantage"" OR ""bilingual advantages"") AND TITLE-ABS-KEY(speculat*)","comparison","speculat*",2023,0,39,0,0.627943485086342,"bilingual advantage"
"TITLE-ABS-KEY(""bilingual advantage"" OR ""bilingual advantages"") AND TITLE-ABS-KEY(speculat*)","comparison","speculat*",2024,0,35,0,0.627943485086342,"bilingual advantage"
"TITLE-ABS-KEY(""bilingual advantage"" OR ""bilingual advantages"") AND TITLE-ABS-KEY(speculat*)","comparison","speculat*",2025,0,33,0,0.627943485086342,"bilingual advantage"
"TITLE-ABS-KEY(""bilingual advantage"" OR ""bilingual advantages"") AND TITLE-ABS-KEY(speculat*)","comparison","speculat*",2026,0,29,0,0.627943485086342,"bilingual advantage"
"TITLE-ABS-KEY(""sensorimotor simulation"")","reference","""sensorimotor simulation""",1980,0,0,NA,100,"sensorimotor simulation"
"TITLE-ABS-KEY(""sensorimotor simulation"")","reference","""sensorimotor simulation""",1981,0,0,NA,100,"sensorimotor simulation"
"TITLE-ABS-KEY(""sensorimotor simulation"")","reference","""sensorimotor simulation""",1982,0,0,NA,100,"sensorimotor simulation"
"TITLE-ABS-KEY(""sensorimotor simulation"")","reference","""sensorimotor simulation""",1983,0,0,NA,100,"sensorimotor simulation"
"TITLE-ABS-KEY(""sensorimotor simulation"")","reference","""sensorimotor simulation""",1984,0,0,NA,100,"sensorimotor simulation"
"TITLE-ABS-KEY(""sensorimotor simulation"")","reference","""sensorimotor simulation""",1985,0,0,NA,100,"sensorimotor simulation"
"TITLE-ABS-KEY(""sensorimotor simulation"")","reference","""sensorimotor simulation""",1986,0,0,NA,100,"sensorimotor simulation"
"TITLE-ABS-KEY(""sensorimotor simulation"")","reference","""sensorimotor simulation""",1987,0,0,NA,100,"sensorimotor simulation"
"TITLE-ABS-KEY(""sensorimotor simulation"")","reference","""sensorimotor simulation""",1988,0,0,NA,100,"sensorimotor simulation"
"TITLE-ABS-KEY(""sensorimotor simulation"")","reference","""sensorimotor simulation""",1989,0,0,NA,100,"sensorimotor simulation"
"TITLE-ABS-KEY(""sensorimotor simulation"")","reference","""sensorimotor simulation""",1990,0,0,NA,100,"sensorimotor simulation"
"TITLE-ABS-KEY(""sensorimotor simulation"")","reference","""sensorimotor simulation""",1991,0,0,NA,100,"sensorimotor simulation"
"TITLE-ABS-KEY(""sensorimotor simulation"")","reference","""sensorimotor simulation""",1992,0,0,NA,100,"sensorimotor simulation"
"TITLE-ABS-KEY(""sensorimotor simulation"")","reference","""sensorimotor simulation""",1993,0,0,NA,100,"sensorimotor simulation"
"TITLE-ABS-KEY(""sensorimotor simulation"")","reference","""sensorimotor simulation""",1994,0,0,NA,100,"sensorimotor simulation"
"TITLE-ABS-KEY(""sensorimotor simulation"")","reference","""sensorimotor simulation""",1995,0,0,NA,100,"sensorimotor simulation"
"TITLE-ABS-KEY(""sensorimotor simulation"")","reference","""sensorimotor simulation""",1996,0,0,NA,100,"sensorimotor simulation"
"TITLE-ABS-KEY(""sensorimotor simulation"")","reference","""sensorimotor simulation""",1997,0,0,NA,100,"sensorimotor simulation"
"TITLE-ABS-KEY(""sensorimotor simulation"")","reference","""sensorimotor simulation""",1998,0,0,NA,100,"sensorimotor simulation"
"TITLE-ABS-KEY(""sensorimotor simulation"")","reference","""sensorimotor simulation""",1999,0,0,NA,100,"sensorimotor simulation"
"TITLE-ABS-KEY(""sensorimotor simulation"")","reference","""sensorimotor simulation""",2000,0,0,NA,100,"sensorimotor simulation"
"TITLE-ABS-KEY(""sensorimotor simulation"")","reference","""sensorimotor simulation""",2001,0,0,NA,100,"sensorimotor simulation"
"TITLE-ABS-KEY(""sensorimotor simulation"")","reference","""sensorimotor simulation""",2002,0,0,NA,100,"sensorimotor simulation"
"TITLE-ABS-KEY(""sensorimotor simulation"")","reference","""sensorimotor simulation""",2003,1,1,100,100,"sensorimotor simulation"
"TITLE-ABS-KEY(""sensorimotor simulation"")","reference","""sensorimotor simulation""",2004,1,1,100,100,"sensorimotor simulation"
"TITLE-ABS-KEY(""sensorimotor simulation"")","reference","""sensorimotor simulation""",2005,0,0,NA,100,"sensorimotor simulation"
"TITLE-ABS-KEY(""sensorimotor simulation"")","reference","""sensorimotor simulation""",2006,1,1,100,100,"sensorimotor simulation"
"TITLE-ABS-KEY(""sensorimotor simulation"")","reference","""sensorimotor simulation""",2007,2,2,100,100,"sensorimotor simulation"
"TITLE-ABS-KEY(""sensorimotor simulation"")","reference","""sensorimotor simulation""",2008,0,0,NA,100,"sensorimotor simulation"
"TITLE-ABS-KEY(""sensorimotor simulation"")","reference","""sensorimotor simulation""",2009,2,2,100,100,"sensorimotor simulation"
"TITLE-ABS-KEY(""sensorimotor simulation"")","reference","""sensorimotor simulation""",2010,2,2,100,100,"sensorimotor simulation"
"TITLE-ABS-KEY(""sensorimotor simulation"")","reference","""sensorimotor simulation""",2011,2,2,100,100,"sensorimotor simulation"
"TITLE-ABS-KEY(""sensorimotor simulation"")","reference","""sensorimotor simulation""",2012,2,2,100,100,"sensorimotor simulation"
"TITLE-ABS-KEY(""sensorimotor simulation"")","reference","""sensorimotor simulation""",2013,4,4,100,100,"sensorimotor simulation"
"TITLE-ABS-KEY(""sensorimotor simulation"")","reference","""sensorimotor simulation""",2014,9,9,100,100,"sensorimotor simulation"
"TITLE-ABS-KEY(""sensorimotor simulation"")","reference","""sensorimotor simulation""",2015,5,5,100,100,"sensorimotor simulation"
"TITLE-ABS-KEY(""sensorimotor simulation"")","reference","""sensorimotor simulation""",2016,8,8,100,100,"sensorimotor simulation"
"TITLE-ABS-KEY(""sensorimotor simulation"")","reference","""sensorimotor simulation""",2017,3,3,100,100,"sensorimotor simulation"
"TITLE-ABS-KEY(""sensorimotor simulation"")","reference","""sensorimotor simulation""",2018,4,4,100,100,"sensorimotor simulation"
"TITLE-ABS-KEY(""sensorimotor simulation"")","reference","""sensorimotor simulation""",2019,4,4,100,100,"sensorimotor simulation"
"TITLE-ABS-KEY(""sensorimotor simulation"")","reference","""sensorimotor simulation""",2020,6,6,100,100,"sensorimotor simulation"
"TITLE-ABS-KEY(""sensorimotor simulation"")","reference","""sensorimotor simulation""",2021,8,8,100,100,"sensorimotor simulation"
"TITLE-ABS-KEY(""sensorimotor simulation"")","reference","""sensorimotor simulation""",2022,16,16,100,100,"sensorimotor simulation"
"TITLE-ABS-KEY(""sensorimotor simulation"")","reference","""sensorimotor simulation""",2023,17,17,100,100,"sensorimotor simulation"
"TITLE-ABS-KEY(""sensorimotor simulation"")","reference","""sensorimotor simulation""",2024,10,10,100,100,"sensorimotor simulation"
"TITLE-ABS-KEY(""sensorimotor simulation"")","reference","""sensorimotor simulation""",2025,12,12,100,100,"sensorimotor simulation"
"TITLE-ABS-KEY(""sensorimotor simulation"")","reference","""sensorimotor simulation""",2026,13,13,100,100,"sensorimotor simulation"
"TITLE-ABS-KEY(""sensorimotor simulation"") AND TITLE-ABS-KEY(speculat*)","comparison","speculat*",1980,0,0,NA,0,"sensorimotor simulation"
"TITLE-ABS-KEY(""sensorimotor simulation"") AND TITLE-ABS-KEY(speculat*)","comparison","speculat*",1981,0,0,NA,0,"sensorimotor simulation"
"TITLE-ABS-KEY(""sensorimotor simulation"") AND TITLE-ABS-KEY(speculat*)","comparison","speculat*",1982,0,0,NA,0,"sensorimotor simulation"
"TITLE-ABS-KEY(""sensorimotor simulation"") AND TITLE-ABS-KEY(speculat*)","comparison","speculat*",1983,0,0,NA,0,"sensorimotor simulation"
"TITLE-ABS-KEY(""sensorimotor simulation"") AND TITLE-ABS-KEY(speculat*)","comparison","speculat*",1984,0,0,NA,0,"sensorimotor simulation"
"TITLE-ABS-KEY(""sensorimotor simulation"") AND TITLE-ABS-KEY(speculat*)","comparison","speculat*",1985,0,0,NA,0,"sensorimotor simulation"
"TITLE-ABS-KEY(""sensorimotor simulation"") AND TITLE-ABS-KEY(speculat*)","comparison","speculat*",1986,0,0,NA,0,"sensorimotor simulation"
"TITLE-ABS-KEY(""sensorimotor simulation"") AND TITLE-ABS-KEY(speculat*)","comparison","speculat*",1987,0,0,NA,0,"sensorimotor simulation"
"TITLE-ABS-KEY(""sensorimotor simulation"") AND TITLE-ABS-KEY(speculat*)","comparison","speculat*",1988,0,0,NA,0,"sensorimotor simulation"
"TITLE-ABS-KEY(""sensorimotor simulation"") AND TITLE-ABS-KEY(speculat*)","comparison","speculat*",1989,0,0,NA,0,"sensorimotor simulation"
"TITLE-ABS-KEY(""sensorimotor simulation"") AND TITLE-ABS-KEY(speculat*)","comparison","speculat*",1990,0,0,NA,0,"sensorimotor simulation"
"TITLE-ABS-KEY(""sensorimotor simulation"") AND TITLE-ABS-KEY(speculat*)","comparison","speculat*",1991,0,0,NA,0,"sensorimotor simulation"
"TITLE-ABS-KEY(""sensorimotor simulation"") AND TITLE-ABS-KEY(speculat*)","comparison","speculat*",1992,0,0,NA,0,"sensorimotor simulation"
"TITLE-ABS-KEY(""sensorimotor simulation"") AND TITLE-ABS-KEY(speculat*)","comparison","speculat*",1993,0,0,NA,0,"sensorimotor simulation"
"TITLE-ABS-KEY(""sensorimotor simulation"") AND TITLE-ABS-KEY(speculat*)","comparison","speculat*",1994,0,0,NA,0,"sensorimotor simulation"
"TITLE-ABS-KEY(""sensorimotor simulation"") AND TITLE-ABS-KEY(speculat*)","comparison","speculat*",1995,0,0,NA,0,"sensorimotor simulation"
"TITLE-ABS-KEY(""sensorimotor simulation"") AND TITLE-ABS-KEY(speculat*)","comparison","speculat*",1996,0,0,NA,0,"sensorimotor simulation"
"TITLE-ABS-KEY(""sensorimotor simulation"") AND TITLE-ABS-KEY(speculat*)","comparison","speculat*",1997,0,0,NA,0,"sensorimotor simulation"
"TITLE-ABS-KEY(""sensorimotor simulation"") AND TITLE-ABS-KEY(speculat*)","comparison","speculat*",1998,0,0,NA,0,"sensorimotor simulation"
"TITLE-ABS-KEY(""sensorimotor simulation"") AND TITLE-ABS-KEY(speculat*)","comparison","speculat*",1999,0,0,NA,0,"sensorimotor simulation"
"TITLE-ABS-KEY(""sensorimotor simulation"") AND TITLE-ABS-KEY(speculat*)","comparison","speculat*",2000,0,0,NA,0,"sensorimotor simulation"
"TITLE-ABS-KEY(""sensorimotor simulation"") AND TITLE-ABS-KEY(speculat*)","comparison","speculat*",2001,0,0,NA,0,"sensorimotor simulation"
"TITLE-ABS-KEY(""sensorimotor simulation"") AND TITLE-ABS-KEY(speculat*)","comparison","speculat*",2002,0,0,NA,0,"sensorimotor simulation"
"TITLE-ABS-KEY(""sensorimotor simulation"") AND TITLE-ABS-KEY(speculat*)","comparison","speculat*",2003,0,1,0,0,"sensorimotor simulation"
"TITLE-ABS-KEY(""sensorimotor simulation"") AND TITLE-ABS-KEY(speculat*)","comparison","speculat*",2004,0,1,0,0,"sensorimotor simulation"
"TITLE-ABS-KEY(""sensorimotor simulation"") AND TITLE-ABS-KEY(speculat*)","comparison","speculat*",2005,0,0,NA,0,"sensorimotor simulation"
"TITLE-ABS-KEY(""sensorimotor simulation"") AND TITLE-ABS-KEY(speculat*)","comparison","speculat*",2006,0,1,0,0,"sensorimotor simulation"
"TITLE-ABS-KEY(""sensorimotor simulation"") AND TITLE-ABS-KEY(speculat*)","comparison","speculat*",2007,0,2,0,0,"sensorimotor simulation"
"TITLE-ABS-KEY(""sensorimotor simulation"") AND TITLE-ABS-KEY(speculat*)","comparison","speculat*",2008,0,0,NA,0,"sensorimotor simulation"
"TITLE-ABS-KEY(""sensorimotor simulation"") AND TITLE-ABS-KEY(speculat*)","comparison","speculat*",2009,0,2,0,0,"sensorimotor simulation"
"TITLE-ABS-KEY(""sensorimotor simulation"") AND TITLE-ABS-KEY(speculat*)","comparison","speculat*",2010,0,2,0,0,"sensorimotor simulation"
"TITLE-ABS-KEY(""sensorimotor simulation"") AND TITLE-ABS-KEY(speculat*)","comparison","speculat*",2011,0,2,0,0,"sensorimotor simulation"
"TITLE-ABS-KEY(""sensorimotor simulation"") AND TITLE-ABS-KEY(speculat*)","comparison","speculat*",2012,0,2,0,0,"sensorimotor simulation"
"TITLE-ABS-KEY(""sensorimotor simulation"") AND TITLE-ABS-KEY(speculat*)","comparison","speculat*",2013,0,4,0,0,"sensorimotor simulation"
"TITLE-ABS-KEY(""sensorimotor simulation"") AND TITLE-ABS-KEY(speculat*)","comparison","speculat*",2014,0,9,0,0,"sensorimotor simulation"
"TITLE-ABS-KEY(""sensorimotor simulation"") AND TITLE-ABS-KEY(speculat*)","comparison","speculat*",2015,0,5,0,0,"sensorimotor simulation"
"TITLE-ABS-KEY(""sensorimotor simulation"") AND TITLE-ABS-KEY(speculat*)","comparison","speculat*",2016,0,8,0,0,"sensorimotor simulation"
"TITLE-ABS-KEY(""sensorimotor simulation"") AND TITLE-ABS-KEY(speculat*)","comparison","speculat*",2017,0,3,0,0,"sensorimotor simulation"
"TITLE-ABS-KEY(""sensorimotor simulation"") AND TITLE-ABS-KEY(speculat*)","comparison","speculat*",2018,0,4,0,0,"sensorimotor simulation"
"TITLE-ABS-KEY(""sensorimotor simulation"") AND TITLE-ABS-KEY(speculat*)","comparison","speculat*",2019,0,4,0,0,"sensorimotor simulation"
"TITLE-ABS-KEY(""sensorimotor simulation"") AND TITLE-ABS-KEY(speculat*)","comparison","speculat*",2020,0,6,0,0,"sensorimotor simulation"
"TITLE-ABS-KEY(""sensorimotor simulation"") AND TITLE-ABS-KEY(speculat*)","comparison","speculat*",2021,0,8,0,0,"sensorimotor simulation"
"TITLE-ABS-KEY(""sensorimotor simulation"") AND TITLE-ABS-KEY(speculat*)","comparison","speculat*",2022,0,16,0,0,"sensorimotor simulation"
"TITLE-ABS-KEY(""sensorimotor simulation"") AND TITLE-ABS-KEY(speculat*)","comparison","speculat*",2023,0,17,0,0,"sensorimotor simulation"
"TITLE-ABS-KEY(""sensorimotor simulation"") AND TITLE-ABS-KEY(speculat*)","comparison","speculat*",2024,0,10,0,0,"sensorimotor simulation"
"TITLE-ABS-KEY(""sensorimotor simulation"") AND TITLE-ABS-KEY(speculat*)","comparison","speculat*",2025,0,12,0,0,"sensorimotor simulation"
"TITLE-ABS-KEY(""sensorimotor simulation"") AND TITLE-ABS-KEY(speculat*)","comparison","speculat*",2026,0,13,0,0,"sensorimotor simulation"
"TITLE-ABS-KEY(""artificial general intelligence"")","reference","""artificial general intelligence""",1980,0,0,NA,100,"artificial general intelligence"
"TITLE-ABS-KEY(""artificial general intelligence"")","reference","""artificial general intelligence""",1981,0,0,NA,100,"artificial general intelligence"
"TITLE-ABS-KEY(""artificial general intelligence"")","reference","""artificial general intelligence""",1982,0,0,NA,100,"artificial general intelligence"
"TITLE-ABS-KEY(""artificial general intelligence"")","reference","""artificial general intelligence""",1983,0,0,NA,100,"artificial general intelligence"
"TITLE-ABS-KEY(""artificial general intelligence"")","reference","""artificial general intelligence""",1984,0,0,NA,100,"artificial general intelligence"
"TITLE-ABS-KEY(""artificial general intelligence"")","reference","""artificial general intelligence""",1985,0,0,NA,100,"artificial general intelligence"
"TITLE-ABS-KEY(""artificial general intelligence"")","reference","""artificial general intelligence""",1986,0,0,NA,100,"artificial general intelligence"
"TITLE-ABS-KEY(""artificial general intelligence"")","reference","""artificial general intelligence""",1987,0,0,NA,100,"artificial general intelligence"
"TITLE-ABS-KEY(""artificial general intelligence"")","reference","""artificial general intelligence""",1988,0,0,NA,100,"artificial general intelligence"
"TITLE-ABS-KEY(""artificial general intelligence"")","reference","""artificial general intelligence""",1989,0,0,NA,100,"artificial general intelligence"
"TITLE-ABS-KEY(""artificial general intelligence"")","reference","""artificial general intelligence""",1990,0,0,NA,100,"artificial general intelligence"
"TITLE-ABS-KEY(""artificial general intelligence"")","reference","""artificial general intelligence""",1991,0,0,NA,100,"artificial general intelligence"
"TITLE-ABS-KEY(""artificial general intelligence"")","reference","""artificial general intelligence""",1992,0,0,NA,100,"artificial general intelligence"
"TITLE-ABS-KEY(""artificial general intelligence"")","reference","""artificial general intelligence""",1993,0,0,NA,100,"artificial general intelligence"
"TITLE-ABS-KEY(""artificial general intelligence"")","reference","""artificial general intelligence""",1994,0,0,NA,100,"artificial general intelligence"
"TITLE-ABS-KEY(""artificial general intelligence"")","reference","""artificial general intelligence""",1995,0,0,NA,100,"artificial general intelligence"
"TITLE-ABS-KEY(""artificial general intelligence"")","reference","""artificial general intelligence""",1996,0,0,NA,100,"artificial general intelligence"
"TITLE-ABS-KEY(""artificial general intelligence"")","reference","""artificial general intelligence""",1997,0,0,NA,100,"artificial general intelligence"
"TITLE-ABS-KEY(""artificial general intelligence"")","reference","""artificial general intelligence""",1998,0,0,NA,100,"artificial general intelligence"
"TITLE-ABS-KEY(""artificial general intelligence"")","reference","""artificial general intelligence""",1999,0,0,NA,100,"artificial general intelligence"
"TITLE-ABS-KEY(""artificial general intelligence"")","reference","""artificial general intelligence""",2000,0,0,NA,100,"artificial general intelligence"
"TITLE-ABS-KEY(""artificial general intelligence"")","reference","""artificial general intelligence""",2001,0,0,NA,100,"artificial general intelligence"
"TITLE-ABS-KEY(""artificial general intelligence"")","reference","""artificial general intelligence""",2002,0,0,NA,100,"artificial general intelligence"
"TITLE-ABS-KEY(""artificial general intelligence"")","reference","""artificial general intelligence""",2003,0,0,NA,100,"artificial general intelligence"
"TITLE-ABS-KEY(""artificial general intelligence"")","reference","""artificial general intelligence""",2004,0,0,NA,100,"artificial general intelligence"
"TITLE-ABS-KEY(""artificial general intelligence"")","reference","""artificial general intelligence""",2005,0,0,NA,100,"artificial general intelligence"
"TITLE-ABS-KEY(""artificial general intelligence"")","reference","""artificial general intelligence""",2006,3,3,100,100,"artificial general intelligence"
"TITLE-ABS-KEY(""artificial general intelligence"")","reference","""artificial general intelligence""",2007,13,13,100,100,"artificial general intelligence"
"TITLE-ABS-KEY(""artificial general intelligence"")","reference","""artificial general intelligence""",2008,14,14,100,100,"artificial general intelligence"
"TITLE-ABS-KEY(""artificial general intelligence"")","reference","""artificial general intelligence""",2009,32,32,100,100,"artificial general intelligence"
"TITLE-ABS-KEY(""artificial general intelligence"")","reference","""artificial general intelligence""",2010,15,15,100,100,"artificial general intelligence"
"TITLE-ABS-KEY(""artificial general intelligence"")","reference","""artificial general intelligence""",2011,25,25,100,100,"artificial general intelligence"
"TITLE-ABS-KEY(""artificial general intelligence"")","reference","""artificial general intelligence""",2012,26,26,100,100,"artificial general intelligence"
"TITLE-ABS-KEY(""artificial general intelligence"")","reference","""artificial general intelligence""",2013,23,23,100,100,"artificial general intelligence"
"TITLE-ABS-KEY(""artificial general intelligence"")","reference","""artificial general intelligence""",2014,27,27,100,100,"artificial general intelligence"
"TITLE-ABS-KEY(""artificial general intelligence"")","reference","""artificial general intelligence""",2015,22,22,100,100,"artificial general intelligence"
"TITLE-ABS-KEY(""artificial general intelligence"")","reference","""artificial general intelligence""",2016,28,28,100,100,"artificial general intelligence"
"TITLE-ABS-KEY(""artificial general intelligence"")","reference","""artificial general intelligence""",2017,28,28,100,100,"artificial general intelligence"
"TITLE-ABS-KEY(""artificial general intelligence"")","reference","""artificial general intelligence""",2018,53,53,100,100,"artificial general intelligence"
"TITLE-ABS-KEY(""artificial general intelligence"")","reference","""artificial general intelligence""",2019,62,62,100,100,"artificial general intelligence"
"TITLE-ABS-KEY(""artificial general intelligence"")","reference","""artificial general intelligence""",2020,97,97,100,100,"artificial general intelligence"
"TITLE-ABS-KEY(""artificial general intelligence"")","reference","""artificial general intelligence""",2021,95,95,100,100,"artificial general intelligence"
"TITLE-ABS-KEY(""artificial general intelligence"")","reference","""artificial general intelligence""",2022,138,138,100,100,"artificial general intelligence"
"TITLE-ABS-KEY(""artificial general intelligence"")","reference","""artificial general intelligence""",2023,205,205,100,100,"artificial general intelligence"
"TITLE-ABS-KEY(""artificial general intelligence"")","reference","""artificial general intelligence""",2024,309,309,100,100,"artificial general intelligence"
"TITLE-ABS-KEY(""artificial general intelligence"")","reference","""artificial general intelligence""",2025,362,362,100,100,"artificial general intelligence"
"TITLE-ABS-KEY(""artificial general intelligence"")","reference","""artificial general intelligence""",2026,336,336,100,100,"artificial general intelligence"
"TITLE-ABS-KEY(""artificial general intelligence"") AND TITLE-ABS-KEY(speculat*)","comparison","speculat*",1980,0,0,NA,2.5614218504966,"artificial general intelligence"
"TITLE-ABS-KEY(""artificial general intelligence"") AND TITLE-ABS-KEY(speculat*)","comparison","speculat*",1981,0,0,NA,2.5614218504966,"artificial general intelligence"
"TITLE-ABS-KEY(""artificial general intelligence"") AND TITLE-ABS-KEY(speculat*)","comparison","speculat*",1982,0,0,NA,2.5614218504966,"artificial general intelligence"
"TITLE-ABS-KEY(""artificial general intelligence"") AND TITLE-ABS-KEY(speculat*)","comparison","speculat*",1983,0,0,NA,2.5614218504966,"artificial general intelligence"
"TITLE-ABS-KEY(""artificial general intelligence"") AND TITLE-ABS-KEY(speculat*)","comparison","speculat*",1984,0,0,NA,2.5614218504966,"artificial general intelligence"
"TITLE-ABS-KEY(""artificial general intelligence"") AND TITLE-ABS-KEY(speculat*)","comparison","speculat*",1985,0,0,NA,2.5614218504966,"artificial general intelligence"
"TITLE-ABS-KEY(""artificial general intelligence"") AND TITLE-ABS-KEY(speculat*)","comparison","speculat*",1986,0,0,NA,2.5614218504966,"artificial general intelligence"
"TITLE-ABS-KEY(""artificial general intelligence"") AND TITLE-ABS-KEY(speculat*)","comparison","speculat*",1987,0,0,NA,2.5614218504966,"artificial general intelligence"
"TITLE-ABS-KEY(""artificial general intelligence"") AND TITLE-ABS-KEY(speculat*)","comparison","speculat*",1988,0,0,NA,2.5614218504966,"artificial general intelligence"
"TITLE-ABS-KEY(""artificial general intelligence"") AND TITLE-ABS-KEY(speculat*)","comparison","speculat*",1989,0,0,NA,2.5614218504966,"artificial general intelligence"
"TITLE-ABS-KEY(""artificial general intelligence"") AND TITLE-ABS-KEY(speculat*)","comparison","speculat*",1990,0,0,NA,2.5614218504966,"artificial general intelligence"
"TITLE-ABS-KEY(""artificial general intelligence"") AND TITLE-ABS-KEY(speculat*)","comparison","speculat*",1991,0,0,NA,2.5614218504966,"artificial general intelligence"
"TITLE-ABS-KEY(""artificial general intelligence"") AND TITLE-ABS-KEY(speculat*)","comparison","speculat*",1992,0,0,NA,2.5614218504966,"artificial general intelligence"
"TITLE-ABS-KEY(""artificial general intelligence"") AND TITLE-ABS-KEY(speculat*)","comparison","speculat*",1993,0,0,NA,2.5614218504966,"artificial general intelligence"
"TITLE-ABS-KEY(""artificial general intelligence"") AND TITLE-ABS-KEY(speculat*)","comparison","speculat*",1994,0,0,NA,2.5614218504966,"artificial general intelligence"
"TITLE-ABS-KEY(""artificial general intelligence"") AND TITLE-ABS-KEY(speculat*)","comparison","speculat*",1995,0,0,NA,2.5614218504966,"artificial general intelligence"
"TITLE-ABS-KEY(""artificial general intelligence"") AND TITLE-ABS-KEY(speculat*)","comparison","speculat*",1996,0,0,NA,2.5614218504966,"artificial general intelligence"
"TITLE-ABS-KEY(""artificial general intelligence"") AND TITLE-ABS-KEY(speculat*)","comparison","speculat*",1997,0,0,NA,2.5614218504966,"artificial general intelligence"
"TITLE-ABS-KEY(""artificial general intelligence"") AND TITLE-ABS-KEY(speculat*)","comparison","speculat*",1998,0,0,NA,2.5614218504966,"artificial general intelligence"
"TITLE-ABS-KEY(""artificial general intelligence"") AND TITLE-ABS-KEY(speculat*)","comparison","speculat*",1999,0,0,NA,2.5614218504966,"artificial general intelligence"
"TITLE-ABS-KEY(""artificial general intelligence"") AND TITLE-ABS-KEY(speculat*)","comparison","speculat*",2000,0,0,NA,2.5614218504966,"artificial general intelligence"
"TITLE-ABS-KEY(""artificial general intelligence"") AND TITLE-ABS-KEY(speculat*)","comparison","speculat*",2001,0,0,NA,2.5614218504966,"artificial general intelligence"
"TITLE-ABS-KEY(""artificial general intelligence"") AND TITLE-ABS-KEY(speculat*)","comparison","speculat*",2002,0,0,NA,2.5614218504966,"artificial general intelligence"
"TITLE-ABS-KEY(""artificial general intelligence"") AND TITLE-ABS-KEY(speculat*)","comparison","speculat*",2003,0,0,NA,2.5614218504966,"artificial general intelligence"
"TITLE-ABS-KEY(""artificial general intelligence"") AND TITLE-ABS-KEY(speculat*)","comparison","speculat*",2004,0,0,NA,2.5614218504966,"artificial general intelligence"
"TITLE-ABS-KEY(""artificial general intelligence"") AND TITLE-ABS-KEY(speculat*)","comparison","speculat*",2005,0,0,NA,2.5614218504966,"artificial general intelligence"
"TITLE-ABS-KEY(""artificial general intelligence"") AND TITLE-ABS-KEY(speculat*)","comparison","speculat*",2006,0,3,0,2.5614218504966,"artificial general intelligence"
"TITLE-ABS-KEY(""artificial general intelligence"") AND TITLE-ABS-KEY(speculat*)","comparison","speculat*",2007,1,13,7.69230769230769,2.5614218504966,"artificial general intelligence"
"TITLE-ABS-KEY(""artificial general intelligence"") AND TITLE-ABS-KEY(speculat*)","comparison","speculat*",2008,1,14,7.14285714285714,2.5614218504966,"artificial general intelligence"
"TITLE-ABS-KEY(""artificial general intelligence"") AND TITLE-ABS-KEY(speculat*)","comparison","speculat*",2009,1,32,3.125,2.5614218504966,"artificial general intelligence"
"TITLE-ABS-KEY(""artificial general intelligence"") AND TITLE-ABS-KEY(speculat*)","comparison","speculat*",2010,0,15,0,2.5614218504966,"artificial general intelligence"
"TITLE-ABS-KEY(""artificial general intelligence"") AND TITLE-ABS-KEY(speculat*)","comparison","speculat*",2011,0,25,0,2.5614218504966,"artificial general intelligence"
"TITLE-ABS-KEY(""artificial general intelligence"") AND TITLE-ABS-KEY(speculat*)","comparison","speculat*",2012,1,26,3.84615384615385,2.5614218504966,"artificial general intelligence"
"TITLE-ABS-KEY(""artificial general intelligence"") AND TITLE-ABS-KEY(speculat*)","comparison","speculat*",2013,0,23,0,2.5614218504966,"artificial general intelligence"
"TITLE-ABS-KEY(""artificial general intelligence"") AND TITLE-ABS-KEY(speculat*)","comparison","speculat*",2014,0,27,0,2.5614218504966,"artificial general intelligence"
"TITLE-ABS-KEY(""artificial general intelligence"") AND TITLE-ABS-KEY(speculat*)","comparison","speculat*",2015,1,22,4.54545454545455,2.5614218504966,"artificial general intelligence"
"TITLE-ABS-KEY(""artificial general intelligence"") AND TITLE-ABS-KEY(speculat*)","comparison","speculat*",2016,0,28,0,2.5614218504966,"artificial general intelligence"
"TITLE-ABS-KEY(""artificial general intelligence"") AND TITLE-ABS-KEY(speculat*)","comparison","speculat*",2017,1,28,3.57142857142857,2.5614218504966,"artificial general intelligence"
"TITLE-ABS-KEY(""artificial general intelligence"") AND TITLE-ABS-KEY(speculat*)","comparison","speculat*",2018,2,53,3.77358490566038,2.5614218504966,"artificial general intelligence"
"TITLE-ABS-KEY(""artificial general intelligence"") AND TITLE-ABS-KEY(speculat*)","comparison","speculat*",2019,2,62,3.2258064516129,2.5614218504966,"artificial general intelligence"
"TITLE-ABS-KEY(""artificial general intelligence"") AND TITLE-ABS-KEY(speculat*)","comparison","speculat*",2020,3,97,3.09278350515464,2.5614218504966,"artificial general intelligence"
"TITLE-ABS-KEY(""artificial general intelligence"") AND TITLE-ABS-KEY(speculat*)","comparison","speculat*",2021,2,95,2.10526315789474,2.5614218504966,"artificial general intelligence"
"TITLE-ABS-KEY(""artificial general intelligence"") AND TITLE-ABS-KEY(speculat*)","comparison","speculat*",2022,0,138,0,2.5614218504966,"artificial general intelligence"
"TITLE-ABS-KEY(""artificial general intelligence"") AND TITLE-ABS-KEY(speculat*)","comparison","speculat*",2023,6,205,2.92682926829268,2.5614218504966,"artificial general intelligence"
"TITLE-ABS-KEY(""artificial general intelligence"") AND TITLE-ABS-KEY(speculat*)","comparison","speculat*",2024,10,309,3.23624595469256,2.5614218504966,"artificial general intelligence"
"TITLE-ABS-KEY(""artificial general intelligence"") AND TITLE-ABS-KEY(speculat*)","comparison","speculat*",2025,9,362,2.48618784530387,2.5614218504966,"artificial general intelligence"
"TITLE-ABS-KEY(""artificial general intelligence"") AND TITLE-ABS-KEY(speculat*)","comparison","speculat*",2026,9,336,2.67857142857143,2.5614218504966,"artificial general intelligence"
"TITLE-ABS-KEY(""hadron collider"")","reference","""hadron collider""",1980,1,1,100,100,"hadron collider"
"TITLE-ABS-KEY(""hadron collider"")","reference","""hadron collider""",1981,0,0,NA,100,"hadron collider"
"TITLE-ABS-KEY(""hadron collider"")","reference","""hadron collider""",1982,1,1,100,100,"hadron collider"
"TITLE-ABS-KEY(""hadron collider"")","reference","""hadron collider""",1983,14,14,100,100,"hadron collider"
"TITLE-ABS-KEY(""hadron collider"")","reference","""hadron collider""",1984,7,7,100,100,"hadron collider"
"TITLE-ABS-KEY(""hadron collider"")","reference","""hadron collider""",1985,25,25,100,100,"hadron collider"
"TITLE-ABS-KEY(""hadron collider"")","reference","""hadron collider""",1986,13,13,100,100,"hadron collider"
"TITLE-ABS-KEY(""hadron collider"")","reference","""hadron collider""",1987,31,31,100,100,"hadron collider"
"TITLE-ABS-KEY(""hadron collider"")","reference","""hadron collider""",1988,42,42,100,100,"hadron collider"
"TITLE-ABS-KEY(""hadron collider"")","reference","""hadron collider""",1989,54,54,100,100,"hadron collider"
"TITLE-ABS-KEY(""hadron collider"")","reference","""hadron collider""",1990,51,51,100,100,"hadron collider"
"TITLE-ABS-KEY(""hadron collider"")","reference","""hadron collider""",1991,77,77,100,100,"hadron collider"
"TITLE-ABS-KEY(""hadron collider"")","reference","""hadron collider""",1992,112,112,100,100,"hadron collider"
"TITLE-ABS-KEY(""hadron collider"")","reference","""hadron collider""",1993,106,106,100,100,"hadron collider"
"TITLE-ABS-KEY(""hadron collider"")","reference","""hadron collider""",1994,161,161,100,100,"hadron collider"
"TITLE-ABS-KEY(""hadron collider"")","reference","""hadron collider""",1995,114,114,100,100,"hadron collider"
"TITLE-ABS-KEY(""hadron collider"")","reference","""hadron collider""",1996,129,129,100,100,"hadron collider"
"TITLE-ABS-KEY(""hadron collider"")","reference","""hadron collider""",1997,116,116,100,100,"hadron collider"
"TITLE-ABS-KEY(""hadron collider"")","reference","""hadron collider""",1998,194,194,100,100,"hadron collider"
"TITLE-ABS-KEY(""hadron collider"")","reference","""hadron collider""",1999,241,241,100,100,"hadron collider"
"TITLE-ABS-KEY(""hadron collider"")","reference","""hadron collider""",2000,276,276,100,100,"hadron collider"
"TITLE-ABS-KEY(""hadron collider"")","reference","""hadron collider""",2001,272,272,100,100,"hadron collider"
"TITLE-ABS-KEY(""hadron collider"")","reference","""hadron collider""",2002,309,309,100,100,"hadron collider"
"TITLE-ABS-KEY(""hadron collider"")","reference","""hadron collider""",2003,317,317,100,100,"hadron collider"
"TITLE-ABS-KEY(""hadron collider"")","reference","""hadron collider""",2004,339,339,100,100,"hadron collider"
"TITLE-ABS-KEY(""hadron collider"")","reference","""hadron collider""",2005,332,332,100,100,"hadron collider"
"TITLE-ABS-KEY(""hadron collider"")","reference","""hadron collider""",2006,418,418,100,100,"hadron collider"
"TITLE-ABS-KEY(""hadron collider"")","reference","""hadron collider""",2007,491,491,100,100,"hadron collider"
"TITLE-ABS-KEY(""hadron collider"")","reference","""hadron collider""",2008,652,652,100,100,"hadron collider"
"TITLE-ABS-KEY(""hadron collider"")","reference","""hadron collider""",2009,615,615,100,100,"hadron collider"
"TITLE-ABS-KEY(""hadron collider"")","reference","""hadron collider""",2010,744,744,100,100,"hadron collider"
"TITLE-ABS-KEY(""hadron collider"")","reference","""hadron collider""",2011,811,811,100,100,"hadron collider"
"TITLE-ABS-KEY(""hadron collider"")","reference","""hadron collider""",2012,894,894,100,100,"hadron collider"
"TITLE-ABS-KEY(""hadron collider"")","reference","""hadron collider""",2013,847,847,100,100,"hadron collider"
"TITLE-ABS-KEY(""hadron collider"")","reference","""hadron collider""",2014,775,775,100,100,"hadron collider"
"TITLE-ABS-KEY(""hadron collider"")","reference","""hadron collider""",2015,805,805,100,100,"hadron collider"
"TITLE-ABS-KEY(""hadron collider"")","reference","""hadron collider""",2016,921,921,100,100,"hadron collider"
"TITLE-ABS-KEY(""hadron collider"")","reference","""hadron collider""",2017,894,894,100,100,"hadron collider"
"TITLE-ABS-KEY(""hadron collider"")","reference","""hadron collider""",2018,789,789,100,100,"hadron collider"
"TITLE-ABS-KEY(""hadron collider"")","reference","""hadron collider""",2019,802,802,100,100,"hadron collider"
"TITLE-ABS-KEY(""hadron collider"")","reference","""hadron collider""",2020,661,661,100,100,"hadron collider"
"TITLE-ABS-KEY(""hadron collider"")","reference","""hadron collider""",2021,686,686,100,100,"hadron collider"
"TITLE-ABS-KEY(""hadron collider"")","reference","""hadron collider""",2022,682,682,100,100,"hadron collider"
"TITLE-ABS-KEY(""hadron collider"")","reference","""hadron collider""",2023,644,644,100,100,"hadron collider"
"TITLE-ABS-KEY(""hadron collider"")","reference","""hadron collider""",2024,807,807,100,100,"hadron collider"
"TITLE-ABS-KEY(""hadron collider"")","reference","""hadron collider""",2025,796,796,100,100,"hadron collider"
"TITLE-ABS-KEY(""hadron collider"")","reference","""hadron collider""",2026,389,389,100,100,"hadron collider"
"TITLE-ABS-KEY(""hadron collider"") AND TITLE-ABS-KEY(speculat*)","comparison","speculat*",1980,0,1,0,0.108359971826407,"hadron collider"
"TITLE-ABS-KEY(""hadron collider"") AND TITLE-ABS-KEY(speculat*)","comparison","speculat*",1981,0,0,NA,0.108359971826407,"hadron collider"
"TITLE-ABS-KEY(""hadron collider"") AND TITLE-ABS-KEY(speculat*)","comparison","speculat*",1982,0,1,0,0.108359971826407,"hadron collider"
"TITLE-ABS-KEY(""hadron collider"") AND TITLE-ABS-KEY(speculat*)","comparison","speculat*",1983,0,14,0,0.108359971826407,"hadron collider"
"TITLE-ABS-KEY(""hadron collider"") AND TITLE-ABS-KEY(speculat*)","comparison","speculat*",1984,0,7,0,0.108359971826407,"hadron collider"
"TITLE-ABS-KEY(""hadron collider"") AND TITLE-ABS-KEY(speculat*)","comparison","speculat*",1985,0,25,0,0.108359971826407,"hadron collider"
"TITLE-ABS-KEY(""hadron collider"") AND TITLE-ABS-KEY(speculat*)","comparison","speculat*",1986,0,13,0,0.108359971826407,"hadron collider"
"TITLE-ABS-KEY(""hadron collider"") AND TITLE-ABS-KEY(speculat*)","comparison","speculat*",1987,1,31,3.2258064516129,0.108359971826407,"hadron collider"
"TITLE-ABS-KEY(""hadron collider"") AND TITLE-ABS-KEY(speculat*)","comparison","speculat*",1988,0,42,0,0.108359971826407,"hadron collider"
"TITLE-ABS-KEY(""hadron collider"") AND TITLE-ABS-KEY(speculat*)","comparison","speculat*",1989,0,54,0,0.108359971826407,"hadron collider"
"TITLE-ABS-KEY(""hadron collider"") AND TITLE-ABS-KEY(speculat*)","comparison","speculat*",1990,0,51,0,0.108359971826407,"hadron collider"
"TITLE-ABS-KEY(""hadron collider"") AND TITLE-ABS-KEY(speculat*)","comparison","speculat*",1991,0,77,0,0.108359971826407,"hadron collider"
"TITLE-ABS-KEY(""hadron collider"") AND TITLE-ABS-KEY(speculat*)","comparison","speculat*",1992,0,112,0,0.108359971826407,"hadron collider"
"TITLE-ABS-KEY(""hadron collider"") AND TITLE-ABS-KEY(speculat*)","comparison","speculat*",1993,0,106,0,0.108359971826407,"hadron collider"
"TITLE-ABS-KEY(""hadron collider"") AND TITLE-ABS-KEY(speculat*)","comparison","speculat*",1994,0,161,0,0.108359971826407,"hadron collider"
"TITLE-ABS-KEY(""hadron collider"") AND TITLE-ABS-KEY(speculat*)","comparison","speculat*",1995,0,114,0,0.108359971826407,"hadron collider"
"TITLE-ABS-KEY(""hadron collider"") AND TITLE-ABS-KEY(speculat*)","comparison","speculat*",1996,0,129,0,0.108359971826407,"hadron collider"
"TITLE-ABS-KEY(""hadron collider"") AND TITLE-ABS-KEY(speculat*)","comparison","speculat*",1997,0,116,0,0.108359971826407,"hadron collider"
"TITLE-ABS-KEY(""hadron collider"") AND TITLE-ABS-KEY(speculat*)","comparison","speculat*",1998,0,194,0,0.108359971826407,"hadron collider"
"TITLE-ABS-KEY(""hadron collider"") AND TITLE-ABS-KEY(speculat*)","comparison","speculat*",1999,0,241,0,0.108359971826407,"hadron collider"
"TITLE-ABS-KEY(""hadron collider"") AND TITLE-ABS-KEY(speculat*)","comparison","speculat*",2000,0,276,0,0.108359971826407,"hadron collider"
"TITLE-ABS-KEY(""hadron collider"") AND TITLE-ABS-KEY(speculat*)","comparison","speculat*",2001,0,272,0,0.108359971826407,"hadron collider"
"TITLE-ABS-KEY(""hadron collider"") AND TITLE-ABS-KEY(speculat*)","comparison","speculat*",2002,0,309,0,0.108359971826407,"hadron collider"
"TITLE-ABS-KEY(""hadron collider"") AND TITLE-ABS-KEY(speculat*)","comparison","speculat*",2003,0,317,0,0.108359971826407,"hadron collider"
"TITLE-ABS-KEY(""hadron collider"") AND TITLE-ABS-KEY(speculat*)","comparison","speculat*",2004,2,339,0.589970501474926,0.108359971826407,"hadron collider"
"TITLE-ABS-KEY(""hadron collider"") AND TITLE-ABS-KEY(speculat*)","comparison","speculat*",2005,0,332,0,0.108359971826407,"hadron collider"
"TITLE-ABS-KEY(""hadron collider"") AND TITLE-ABS-KEY(speculat*)","comparison","speculat*",2006,1,418,0.239234449760766,0.108359971826407,"hadron collider"
"TITLE-ABS-KEY(""hadron collider"") AND TITLE-ABS-KEY(speculat*)","comparison","speculat*",2007,1,491,0.203665987780041,0.108359971826407,"hadron collider"
"TITLE-ABS-KEY(""hadron collider"") AND TITLE-ABS-KEY(speculat*)","comparison","speculat*",2008,2,652,0.306748466257669,0.108359971826407,"hadron collider"
"TITLE-ABS-KEY(""hadron collider"") AND TITLE-ABS-KEY(speculat*)","comparison","speculat*",2009,1,615,0.16260162601626,0.108359971826407,"hadron collider"
"TITLE-ABS-KEY(""hadron collider"") AND TITLE-ABS-KEY(speculat*)","comparison","speculat*",2010,0,744,0,0.108359971826407,"hadron collider"
"TITLE-ABS-KEY(""hadron collider"") AND TITLE-ABS-KEY(speculat*)","comparison","speculat*",2011,1,811,0.123304562268804,0.108359971826407,"hadron collider"
"TITLE-ABS-KEY(""hadron collider"") AND TITLE-ABS-KEY(speculat*)","comparison","speculat*",2012,2,894,0.223713646532438,0.108359971826407,"hadron collider"
"TITLE-ABS-KEY(""hadron collider"") AND TITLE-ABS-KEY(speculat*)","comparison","speculat*",2013,0,847,0,0.108359971826407,"hadron collider"
"TITLE-ABS-KEY(""hadron collider"") AND TITLE-ABS-KEY(speculat*)","comparison","speculat*",2014,2,775,0.258064516129032,0.108359971826407,"hadron collider"
"TITLE-ABS-KEY(""hadron collider"") AND TITLE-ABS-KEY(speculat*)","comparison","speculat*",2015,1,805,0.124223602484472,0.108359971826407,"hadron collider"
"TITLE-ABS-KEY(""hadron collider"") AND TITLE-ABS-KEY(speculat*)","comparison","speculat*",2016,0,921,0,0.108359971826407,"hadron collider"
"TITLE-ABS-KEY(""hadron collider"") AND TITLE-ABS-KEY(speculat*)","comparison","speculat*",2017,1,894,0.111856823266219,0.108359971826407,"hadron collider"
"TITLE-ABS-KEY(""hadron collider"") AND TITLE-ABS-KEY(speculat*)","comparison","speculat*",2018,1,789,0.126742712294043,0.108359971826407,"hadron collider"
"TITLE-ABS-KEY(""hadron collider"") AND TITLE-ABS-KEY(speculat*)","comparison","speculat*",2019,0,802,0,0.108359971826407,"hadron collider"
"TITLE-ABS-KEY(""hadron collider"") AND TITLE-ABS-KEY(speculat*)","comparison","speculat*",2020,0,661,0,0.108359971826407,"hadron collider"
"TITLE-ABS-KEY(""hadron collider"") AND TITLE-ABS-KEY(speculat*)","comparison","speculat*",2021,3,686,0.43731778425656,0.108359971826407,"hadron collider"
"TITLE-ABS-KEY(""hadron collider"") AND TITLE-ABS-KEY(speculat*)","comparison","speculat*",2022,0,682,0,0.108359971826407,"hadron collider"
"TITLE-ABS-KEY(""hadron collider"") AND TITLE-ABS-KEY(speculat*)","comparison","speculat*",2023,0,644,0,0.108359971826407,"hadron collider"
"TITLE-ABS-KEY(""hadron collider"") AND TITLE-ABS-KEY(speculat*)","comparison","speculat*",2024,0,807,0,0.108359971826407,"hadron collider"
"TITLE-ABS-KEY(""hadron collider"") AND TITLE-ABS-KEY(speculat*)","comparison","speculat*",2025,1,796,0.125628140703518,0.108359971826407,"hadron collider"
"TITLE-ABS-KEY(""hadron collider"") AND TITLE-ABS-KEY(speculat*)","comparison","speculat*",2026,0,389,0,0.108359971826407,"hadron collider"
